date,open,close
2004-12-31,1000.0,1000.0
2005-01-04,995.42,984.64
2005-01-05,983.55,996.04
2005-01-06,996.75,987.06
2005-01-07,986.33,988.33
2005-01-10,987.78,997.7
2005-01-11,997.9,1000.49
2005-01-12,997.17,999.04
2005-01-13,998.12,999.76
2005-01-14,999.52,990.76
2005-01-17,981.7,970.36
2005-01-18,970.12,978.54
2005-01-19,978.15,971.61
2005-01-20,967.91,960.7
2005-01-21,958.98,984.76
2005-01-24,995.58,1000.66
2005-01-25,998.0,997.83
2005-01-26,993.69,989.12
2005-01-27,986.58,973.41
2005-01-28,973.41,966.33
2005-01-31,962.72,948.54
2005-02-01,946.71,947.53
2005-02-02,948.03,997.44
2005-02-03,996.14,982.76
2005-02-04,981.81,1004.13
2005-02-16,1010.11,1011.19
2005-02-17,1011.81,1010.2
2005-02-18,1009.71,995.92
2005-02-21,996.18,1014.23
2005-02-22,1015.35,1035.56
2005-02-23,1035.63,1035.55
2005-02-24,1034.09,1037.7
2005-02-25,1038.52,1039.14
2005-02-28,1038.67,1032.7
2005-03-01,1031.83,1029.75
2005-03-02,1029.87,1014.99
2005-03-03,1013.23,1020.67
2005-03-04,1020.79,1016.1
2005-03-07,1016.74,1021.39
2005-03-08,1024.79,1040.18
2005-03-09,1042.38,1039.0
2005-03-10,1039.04,1014.87
2005-03-11,1013.4,1020.12
2005-03-14,1019.86,1022.4
2005-03-15,1022.23,1006.31
2005-03-16,1004.62,996.62
2005-03-17,995.58,986.13
2005-03-18,984.8,971.26
2005-03-21,969.67,973.47
2005-03-22,972.91,954.8
2005-03-23,953.44,950.03
2005-03-24,948.34,956.1
2005-03-25,955.67,954.45
2005-03-28,953.05,951.49
2005-03-29,951.12,945.52
2005-03-30,943.11,926.55
2005-03-31,924.46,932.19
2005-04-01,931.56,966.52
2005-04-04,957.29,950.18
2005-04-05,948.49,943.12
2005-04-06,943.12,958.78
2005-04-07,960.51,970.87
2005-04-08,970.65,987.87
2005-04-11,987.99,981.53
2005-04-12,979.9,963.9
2005-04-13,971.87,986.08
2005-04-14,989.59,972.74
2005-04-15,968.57,958.18
2005-04-18,954.96,945.91
2005-04-19,945.04,947.81
2005-04-20,946.42,932.33
2005-04-21,930.05,923.54
2005-04-22,922.53,918.34
2005-04-25,910.08,909.19
2005-04-26,907.6,918.5
2005-04-27,919.96,906.68
2005-04-28,903.55,922.42
2005-04-29,921.24,913.05
2005-05-09,915.36,890.9
2005-05-10,887.5,894.15
2005-05-11,892.86,884.63
2005-05-12,882.97,870.9
2005-05-13,868.96,873.53
2005-05-16,872.2,863.16
2005-05-17,861.12,870.1
2005-05-18,869.57,872.14
2005-05-19,871.69,872.98
2005-05-20,872.24,870.75
2005-05-23,867.03,849.82
2005-05-24,847.32,856.36
2005-05-25,855.74,856.12
2005-05-26,855.14,845.17
2005-05-27,843.38,838.04
2005-05-30,836.07,843.58
2005-05-31,844.41,843.96
2005-06-01,843.16,826.32
2005-06-02,824.17,807.92
2005-06-03,805.98,807.42
2005-06-06,805.86,826.37
2005-06-07,828.65,825.51
2005-06-08,832.25,891.98
2005-06-09,893.15,898.57
2005-06-10,898.13,880.84
2005-06-13,878.67,877.4
2005-06-14,879.48,866.76
2005-06-15,864.0,848.96
2005-06-16,848.27,860.09
2005-06-17,863.55,860.31
2005-06-20,860.85,884.6
2005-06-21,884.17,874.6
2005-06-22,872.74,877.99
2005-06-23,876.73,869.53
2005-06-24,867.45,873.14
2005-06-27,878.3,891.01
2005-06-28,889.45,878.2
2005-06-29,880.45,873.52
2005-06-30,872.12,854.07
2005-07-01,851.09,833.32
2005-07-04,828.94,828.56
2005-07-05,825.87,822.42
2005-07-06,823.02,816.14
2005-07-07,815.84,817.88
2005-07-08,815.84,802.34
2005-07-11,806.78,796.28
2005-07-12,793.92,822.91
2005-07-13,821.55,816.74
2005-07-14,815.42,818.99
2005-07-15,818.54,808.84
2005-07-18,807.05,800.08
2005-07-19,798.49,802.83
2005-07-20,802.41,809.24
2005-07-21,808.84,809.79
2005-07-22,809.66,825.87
2005-07-25,824.42,823.52
2005-07-26,822.97,842.11
2005-07-27,842.38,858.77
2005-07-28,858.63,855.59
2005-07-29,854.11,852.66
2005-08-01,852.29,855.96
2005-08-02,856.34,867.64
2005-08-03,869.06,873.72
2005-08-04,871.83,868.58
2005-08-05,869.63,889.02
2005-08-08,891.43,893.11
2005-08-09,892.84,899.36
2005-08-10,899.75,907.32
2005-08-11,907.61,920.06
2005-08-12,921.08,905.24
2005-08-15,908.34,924.87
2005-08-16,926.19,917.39
2005-08-17,916.19,926.52
2005-08-18,930.83,898.78
2005-08-19,896.04,901.22
2005-08-22,901.41,909.4
2005-08-23,909.38,900.76
2005-08-24,900.98,908.04
2005-08-25,908.32,909.74
2005-08-26,910.11,908.83
2005-08-29,908.49,898.47
2005-08-30,897.37,895.87
2005-08-31,895.88,909.57
2005-09-01,910.45,926.11
2005-09-02,927.54,930.27
2005-09-05,931.78,936.36
2005-09-06,937.09,919.3
2005-09-07,917.51,936.12
2005-09-08,937.53,937.62
2005-09-09,937.36,930.99
2005-09-12,930.23,932.14
2005-09-13,931.54,947.52
2005-09-14,946.57,954.97
2005-09-15,953.06,955.0
2005-09-16,954.23,953.05
2005-09-19,952.67,958.99
2005-09-20,958.47,950.82
2005-09-21,946.37,934.5
2005-09-22,931.94,911.87
2005-09-23,914.14,903.57
2005-09-26,902.98,906.33
2005-09-27,906.61,891.57
2005-09-28,890.51,889.93
2005-09-29,890.45,903.33
2005-09-30,903.87,903.63
2005-10-10,903.3,893.69
2005-10-11,892.77,907.41
2005-10-12,908.16,911.48
2005-10-13,911.57,905.22
2005-10-14,904.88,894.49
2005-10-17,893.06,889.22
2005-10-18,888.99,894.91
2005-10-19,894.6,891.27
2005-10-20,891.38,892.26
2005-10-21,892.29,897.56
2005-10-24,898.42,899.1
2005-10-25,898.37,885.79
2005-10-26,883.96,866.31
2005-10-27,863.75,864.4
2005-10-28,863.61,853.38
2005-10-31,851.49,860.96
2005-11-01,860.12,857.19
2005-11-02,857.4,867.86
2005-11-03,867.46,858.56
2005-11-04,857.36,862.84
2005-11-07,861.6,862.77
2005-11-08,862.11,867.1
2005-11-09,866.98,865.14
2005-11-10,864.32,848.07
2005-11-11,846.33,850.37
2005-11-14,848.61,848.34
2005-11-15,848.22,842.42
2005-11-16,841.63,848.13
2005-11-17,848.18,847.56
2005-11-18,847.2,865.65
2005-11-21,865.37,866.72
2005-11-22,866.8,853.12
2005-11-23,852.55,859.46
2005-11-24,859.07,864.5
2005-11-25,864.38,866.75
2005-11-28,866.33,863.14
2005-11-29,863.14,853.4
2005-11-30,853.5,855.41
2005-12-01,855.2,854.53
2005-12-02,853.44,850.05
2005-12-05,849.57,837.94
2005-12-06,836.4,843.64
2005-12-07,843.78,850.91
2005-12-08,851.05,850.19
2005-12-09,850.04,863.49
2005-12-12,863.73,865.32
2005-12-13,865.16,865.57
2005-12-14,866.5,874.49
2005-12-15,874.71,872.31
2005-12-16,871.81,878.41
2005-12-19,878.43,878.91
2005-12-20,878.81,883.06
2005-12-21,883.0,878.77
2005-12-22,877.98,884.31
2005-12-23,884.74,891.68
2005-12-26,894.83,898.5
2005-12-27,897.15,896.6
2005-12-28,896.4,897.85
2005-12-29,901.24,911.14
2005-12-30,913.34,903.46
2006-01-04,906.03,919.8
2006-01-05,919.92,935.86
2006-01-06,938.13,945.98
2006-01-09,947.18,951.54
2006-01-10,952.35,954.28
2006-01-11,953.84,948.6
2006-01-12,947.1,960.05
2006-01-13,961.39,956.08
2006-01-16,955.34,939.7
2006-01-17,937.88,942.05
2006-01-18,942.22,960.78
2006-01-19,962.32,967.89
2006-01-20,968.33,969.05
2006-01-23,970.28,971.32
2006-01-24,972.39,973.48
2006-01-25,973.16,981.61
2006-02-06,985.09,1003.24
2006-02-07,1004.78,999.82
2006-02-08,998.78,1004.47
2006-02-09,1004.55,990.92
2006-02-10,992.24,1003.5
2006-02-13,1005.65,1004.47
2006-02-14,1004.95,1010.89
2006-02-15,1012.43,1013.07
2006-02-16,1013.37,990.29
2006-02-17,991.27,989.81
2006-02-20,990.29,989.68
2006-02-21,988.96,1006.0
2006-02-22,1006.75,1004.94
2006-02-23,1005.04,1007.55
2006-02-24,1008.17,1016.08
2006-02-27,1021.96,1014.95
2006-02-28,1013.76,1019.78
2006-03-01,1020.98,1024.3
2006-03-02,1023.65,1006.16
2006-03-03,1005.22,1008.03
2006-03-06,1008.35,1005.45
2006-03-07,1004.63,982.48
2006-03-08,979.29,977.93
2006-03-09,976.08,973.46
2006-03-10,973.55,977.28
2006-03-13,977.13,987.06
2006-03-14,987.74,986.64
2006-03-15,985.85,996.65
2006-03-16,996.29,995.87
2006-03-17,995.3,992.65
2006-03-20,992.87,1005.08
2006-03-21,1005.87,1008.08
2006-03-22,1008.3,1014.94
2006-03-23,1014.69,1016.63
2006-03-24,1016.89,1010.26
2006-03-27,1009.95,1018.24
2006-03-28,1018.47,1024.01
2006-03-29,1026.56,1031.98
2006-03-30,1032.72,1023.79
2006-03-31,1021.98,1028.05
2006-04-03,1029.1,1047.09
2006-04-04,1048.43,1057.57
2006-04-05,1059.47,1067.37
2006-04-06,1070.06,1069.84
2006-04-07,1070.16,1071.76
2006-04-10,1073.3,1088.76
2006-04-11,1091.26,1094.49
2006-04-12,1094.64,1090.06
2006-04-13,1090.0,1066.1
2006-04-14,1063.49,1089.9
2006-04-17,1091.12,1097.1
2006-04-18,1100.06,1101.85
2006-04-19,1104.43,1106.93
2006-04-20,1108.22,1102.04
2006-04-21,1101.79,1116.57
2006-04-24,1122.06,1106.95
2006-04-25,1103.45,1105.03
2006-04-26,1105.04,1123.78
2006-04-27,1126.12,1124.45
2006-04-28,1111.89,1143.26
2006-05-08,1149.21,1187.26
2006-05-09,1195.76,1222.87
2006-05-10,1228.42,1237.15
2006-05-11,1238.45,1225.46
2006-05-12,1224.81,1265.89
2006-05-15,1280.06,1319.53
2006-05-16,1334.61,1296.62
2006-05-17,1298.28,1304.68
2006-05-18,1295.3,1306.24
2006-05-19,1310.02,1343.35
2006-05-22,1347.83,1353.19
2006-05-23,1351.57,1297.76
2006-05-24,1302.92,1285.32
2006-05-25,1284.08,1290.62
2006-05-26,1294.78,1314.53
2006-05-29,1322.26,1347.35
2006-05-30,1355.62,1360.44
2006-05-31,1360.54,1351.66
2006-06-01,1351.81,1393.06
2006-06-02,1398.83,1384.24
2006-06-05,1385.3,1396.5
2006-06-06,1394.49,1391.99
2006-06-07,1393.23,1310.64
2006-06-08,1298.32,1314.7
2006-06-09,1310.74,1286.3
2006-06-12,1277.04,1290.82
2006-06-13,1291.34,1291.64
2006-06-14,1286.33,1280.59
2006-06-15,1280.48,1283.06
2006-06-16,1294.34,1314.43
2006-06-19,1298.67,1330.62
2006-06-20,1329.61,1336.05
2006-06-21,1336.12,1330.77
2006-06-22,1328.59,1329.81
2006-06-23,1327.92,1340.89
2006-06-26,1343.33,1365.56
2006-06-27,1367.63,1366.8
2006-06-28,1364.97,1365.5
2006-06-29,1368.39,1395.43
2006-06-30,1401.66,1393.2
2006-07-03,1397.16,1416.76
2006-07-04,1419.18,1406.52
2006-07-05,1405.36,1391.43
2006-07-06,1390.67,1420.32
2006-07-07,1424.2,1411.8
2006-07-10,1412.01,1414.35
2006-07-11,1416.44,1420.12
2006-07-12,1420.78,1418.8
2006-07-13,1415.32,1343.73
2006-07-14,1331.61,1354.47
2006-07-17,1352.23,1370.3
2006-07-18,1370.27,1374.31
2006-07-19,1371.83,1341.21
2006-07-20,1339.5,1350.19
2006-07-21,1350.46,1359.97
2006-07-24,1341.44,1364.07
2006-07-25,1369.52,1380.06
2006-07-26,1382.8,1378.72
2006-07-27,1377.97,1362.9
2006-07-28,1362.04,1348.15
2006-07-31,1344.42,1298.99
2006-08-01,1297.21,1286.65
2006-08-02,1286.48,1280.38
2006-08-03,1282.29,1278.13
2006-08-04,1279.08,1247.14
2006-08-07,1241.1,1226.99
2006-08-08,1227.28,1256.09
2006-08-09,1257.68,1254.79
2006-08-10,1254.43,1274.12
2006-08-11,1276.09,1279.45
2006-08-14,1279.76,1248.94
2006-08-15,1247.1,1269.0
2006-08-16,1269.94,1285.84
2006-08-17,1285.13,1274.32
2006-08-18,1273.47,1271.04
2006-08-21,1237.31,1274.16
2006-08-22,1273.65,1288.1
2006-08-23,1288.4,1288.55
2006-08-24,1288.61,1295.23
2006-08-25,1296.35,1299.22
2006-08-28,1302.67,1330.41
2006-08-29,1333.11,1334.14
2006-08-30,1331.97,1339.52
2006-08-31,1340.4,1343.14
2006-09-01,1339.92,1320.29
2006-09-04,1322.4,1341.32
2006-09-05,1340.8,1345.18
2006-09-06,1345.65,1349.03
2006-09-07,1344.99,1330.29
2006-09-08,1330.0,1334.45
2006-09-11,1338.79,1342.86
2006-09-12,1343.76,1351.2
2006-09-13,1352.36,1340.47
2006-09-14,1340.17,1339.9
2006-09-15,1340.21,1362.92
2006-09-18,1367.92,1377.31
2006-09-19,1380.18,1381.32
2006-09-20,1379.32,1382.58
2006-09-21,1382.39,1391.23
2006-09-22,1393.29,1378.53
2006-09-25,1376.88,1378.93
2006-09-26,1377.93,1367.06
2006-09-27,1366.56,1380.28
2006-09-28,1381.12,1396.32
2006-09-29,1398.7,1412.5
2006-10-09,1428.82,1445.3
2006-10-10,1447.28,1448.87
2006-10-11,1448.37,1447.17
2006-10-12,1447.33,1434.47
2006-10-13,1432.03,1438.95
2006-10-16,1440.28,1427.07
2006-10-17,1424.88,1420.92
2006-10-18,1420.66,1443.87
2006-10-19,1444.77,1447.91
2006-10-20,1448.95,1445.42
2006-10-23,1444.73,1410.25
2006-10-24,1410.04,1443.37
2006-10-25,1446.38,1447.77
2006-10-26,1447.77,1454.49
2006-10-27,1454.08,1437.25
2006-10-30,1434.75,1441.34
2006-10-31,1441.93,1459.04
2006-11-01,1460.05,1470.62
2006-11-02,1471.7,1469.94
2006-11-03,1471.35,1478.85
2006-11-06,1467.98,1490.91
2006-11-07,1494.54,1494.6
2006-11-08,1494.22,1481.49
2006-11-09,1476.11,1506.9
2006-11-10,1506.88,1483.12
2006-11-13,1480.51,1451.39
2006-11-14,1450.61,1468.0
2006-11-15,1468.6,1507.3
2006-11-16,1511.63,1501.32
2006-11-17,1496.86,1528.05
2006-11-20,1533.01,1554.21
2006-11-21,1552.74,1571.47
2006-11-22,1569.35,1586.16
2006-11-23,1585.52,1595.49
2006-11-24,1591.64,1599.03
2006-11-27,1595.51,1617.57
2006-11-28,1616.3,1613.87
2006-11-29,1589.91,1635.92
2006-11-30,1640.18,1680.01
2006-12-01,1684.39,1693.59
2006-12-04,1696.17,1741.81
2006-12-05,1746.16,1754.37
2006-12-06,1754.15,1739.68
2006-12-07,1735.42,1734.79
2006-12-08,1713.76,1671.11
2006-12-11,1687.92,1744.53
2006-12-12,1752.23,1754.63
2006-12-13,1756.75,1756.4
2006-12-14,1759.27,1788.77
2006-12-15,1792.04,1818.6
2006-12-18,1830.56,1865.67
2006-12-19,1873.17,1871.22
2006-12-20,1862.56,1889.99
2006-12-21,1895.38,1861.85
2006-12-22,1866.75,1849.16
2006-12-25,1867.87,1886.8
2006-12-26,1889.42,1881.14
2006-12-27,1881.34,1919.26
2006-12-28,1922.53,1909.36
2006-12-29,1916.93,1961.17
2007-01-04,1990.44,1983.17
2007-01-05,1970.25,1997.11
2007-01-08,1998.21,2057.74
2007-01-09,2061.09,2120.35
2007-01-10,2128.28,2173.3
2007-01-11,2175.37,2157.76
2007-01-12,2143.88,2101.22
2007-01-15,2098.88,2212.39
2007-01-16,2216.93,2280.25
2007-01-17,2280.92,2245.64
2007-01-18,2229.83,2260.95
2007-01-19,2265.38,2340.22
2007-01-22,2348.53,2434.52
2007-01-23,2450.17,2445.96
2007-01-24,2447.53,2476.27
2007-01-25,2454.52,2392.23
2007-01-26,2367.59,2443.57
2007-01-29,2459.57,2506.53
2007-01-30,2516.92,2487.89
2007-01-31,2480.86,2330.16
2007-02-01,2296.35,2341.66
2007-02-02,2343.88,2256.85
2007-02-05,2243.14,2239.86
2007-02-06,2239.83,2281.17
2007-02-07,2294.7,2334.87
2007-02-08,2341.51,2377.76
2007-02-09,2379.57,2365.93
2007-02-12,2367.58,2448.64
2007-02-13,2461.83,2489.09
2007-02-14,2489.09,2551.57
2007-02-15,2564.46,2630.89
2007-02-16,2654.04,2643.76
2007-02-26,2646.59,2680.54
2007-02-27,2687.24,2433.84
2007-02-28,2388.72,2516.56
2007-03-01,2523.26,2447.92
2007-03-02,2444.73,2485.79
2007-03-05,2483.61,2462.62
2007-03-06,2454.92,2500.33
2007-03-07,2511.37,2567.9
2007-03-08,2575.69,2606.81
2007-03-09,2611.21,2590.5
2007-03-12,2592.29,2605.19
2007-03-13,2610.44,2632.99
2007-03-14,2604.27,2595.7
2007-03-15,2592.98,2644.25
2007-03-16,2654.2,2600.76
2007-03-19,2526.34,2652.69
2007-03-20,2662.29,2671.41
2007-03-21,2684.23,2706.08
2007-03-22,2722.57,2715.04
2007-03-23,2714.4,2723.54
2007-03-26,2733.19,2780.95
2007-03-27,2787.41,2806.29
2007-03-28,2810.43,2811.7
2007-03-29,2815.35,2777.1
2007-03-30,2762.7,2781.96
2007-04-02,2792.94,2849.54
2007-04-03,2862.02,2889.74
2007-04-04,2894.48,2917.76
2007-04-05,2915.6,2955.1
2007-04-06,2932.47,2983.64
2007-04-09,3006.94,3044.44
2007-04-10,3062.18,3079.51
2007-04-11,3090.04,3115.82
2007-04-12,3123.53,3174.57
2007-04-13,3180.84,3170.48
2007-04-16,3177.83,3261.51
2007-04-17,3281.14,3298.76
2007-04-18,3309.33,3330.7
2007-04-19,3323.87,3169.52
2007-04-20,3184.74,3311.26
2007-04-23,3354.57,3459.08
2007-04-24,3491.47,3481.95
2007-04-25,3469.81,3481.46
2007-04-26,3497.03,3527.69
2007-04-27,3536.5,3506.73
2007-04-30,3499.77,3576.15
2007-05-08,3597.75,3719.81
2007-05-09,3738.91,3736.52
2007-05-10,3738.27,3760.54
2007-05-11,3732.25,3744.6
2007-05-14,3688.85,3775.23
2007-05-15,3775.23,3643.94
2007-05-16,3634.68,3744.76
2007-05-17,3764.58,3829.77
2007-05-18,3824.08,3834.24
2007-05-21,3707.26,3902.98
2007-05-22,3925.57,3948.1
2007-05-23,3960.48,4028.95
2007-05-24,4048.07,4014.6
2007-05-25,4003.08,4087.39
2007-05-28,4138.92,4169.38
2007-05-29,4188.25,4263.5
2007-05-30,3986.19,3970.26
2007-05-31,3891.36,3963.58
2007-06-01,3983.41,3809.1
2007-06-04,3799.58,3514.48
2007-06-05,3477.26,3622.88
2007-06-06,3639.61,3664.07
2007-06-07,3663.96,3804.27
2007-06-08,3810.49,3838.75
2007-06-11,3880.62,3929.68
2007-06-12,3954.12,4032.64
2007-06-13,4069.0,4130.65
2007-06-14,4118.05,4083.21
2007-06-15,4047.99,4098.07
2007-06-18,4176.4,4218.88
2007-06-19,4221.12,4258.41
2007-06-20,4275.31,4161.62
2007-06-21,4142.99,4188.17
2007-06-22,4192.88,4017.84
2007-06-25,4031.51,3826.23
2007-06-26,3746.99,3876.84
2007-06-27,3894.84,3983.51
2007-06-28,3980.93,3795.55
2007-06-29,3701.27,3692.13
2007-07-02,3673.43,3692.67
2007-07-03,3715.72,3753.25
2007-07-04,3760.26,3671.35
2007-07-05,3605.71,3468.6
2007-07-06,3529.58,3641.07
2007-07-09,3673.46,3751.76
2007-07-10,3761.59,3699.81
2007-07-11,3676.49,3714.44
2007-07-12,3733.86,3739.77
2007-07-13,3744.0,3738.69
2007-07-16,3733.68,3618.3
2007-07-17,3611.09,3704.59
2007-07-18,3694.11,3724.47
2007-07-19,3717.85,3724.46
2007-07-20,3724.55,3882.57
2007-07-23,3904.5,4065.18
2007-07-24,4095.6,4069.38
2007-07-25,4070.72,4157.58
2007-07-26,4185.43,4211.11
2007-07-27,4187.81,4223.53
2007-07-30,4222.7,4321.41
2007-07-31,4312.82,4364.14
2007-08-01,4382.82,4188.95
2007-08-02,4208.82,4327.67
2007-08-03,4363.12,4469.74
2007-08-06,4510.87,4563.52
2007-08-07,4573.55,4575.74
2007-08-08,4535.78,4521.92
2007-08-09,4521.48,4616.66
2007-08-10,4607.21,4556.66
2007-08-13,4555.54,4561.42
2007-08-14,4564.13,4638.08
2007-08-15,4640.73,4636.34
2007-08-16,4612.45,4567.66
2007-08-17,4567.66,4476.39
2007-08-20,4590.66,4722.55
2007-08-21,4750.47,4791.21
2007-08-22,4721.76,4859.91
2007-08-23,4882.51,4937.95
2007-08-24,4969.88,4999.66
2007-08-27,5029.45,4999.19
2007-08-28,4977.19,4989.65
2007-08-29,4957.16,4925.17
2007-08-30,4950.14,5017.27
2007-08-31,5037.41,5069.04
2007-09-03,5110.85,5192.31
2007-09-04,5198.31,5138.89
2007-09-05,5160.2,5138.0
2007-09-06,5165.1,5188.23
2007-09-07,5173.93,5075.06
2007-09-10,5010.58,5161.89
2007-09-11,5167.48,4902.03
2007-09-12,4880.88,4960.85
2007-09-13,4983.34,5094.5
2007-09-14,5108.87,5149.97
2007-09-17,5143.51,5248.06
2007-09-18,5271.88,5230.08
2007-09-19,5239.75,5171.58
2007-09-20,5187.34,5242.21
2007-09-21,5256.63,5207.25
2007-09-24,5218.11,5228.74
2007-09-25,5238.12,5177.66
2007-09-26,5160.05,5097.71
2007-09-27,5102.96,5156.95
2007-09-28,5205.12,5299.03
2007-10-08,5346.51,5356.04
2007-10-09,5347.07,5379.93
2007-10-10,5396.64,5378.37
2007-10-11,5379.87,5423.68
2007-10-12,5439.32,5381.7
2007-10-15,5395.7,5451.83
2007-10-16,5479.54,5515.58
2007-10-17,5504.17,5471.04
2007-10-18,5462.51,5290.52
2007-10-19,5323.08,5283.53
2007-10-22,5222.79,5158.19
2007-10-23,5155.06,5215.38
2007-10-24,5236.99,5243.88
2007-10-25,5210.79,4994.0
2007-10-26,4940.5,5033.16
2007-10-29,5062.16,5127.96
2007-10-30,5145.09,5207.75
2007-10-31,5267.71,5310.37
2007-11-01,5321.8,5225.53
2007-11-02,5144.29,5111.13
2007-11-05,5081.75,5026.66
2007-11-06,5002.75,5004.71
2007-11-07,5029.28,5026.36
2007-11-08,5002.19,4793.22
2007-11-09,4748.21,4746.93
2007-11-12,4640.32,4700.5
2007-11-13,4742.8,4673.08
2007-11-14,4740.24,4856.3
2007-11-15,4839.31,4791.01
2007-11-16,4722.09,4731.66
2007-11-19,4742.15,4741.08
2007-11-20,4715.23,4813.79
2007-11-21,4830.4,4744.77
2007-11-22,4661.11,4539.26
2007-11-23,4504.45,4625.6
2007-11-26,4693.78,4575.22
2007-11-27,4537.06,4489.8
2007-11-28,4501.12,4435.95
2007-11-29,4490.52,4616.67
2007-11-30,4564.2,4527.45
2007-12-03,4510.2,4568.74
2007-12-04,4580.98,4620.62
2007-12-05,4622.19,4740.77
2007-12-06,4758.99,4751.68
2007-12-07,4760.46,4820.19
2007-12-10,4742.87,4909.26
2007-12-11,4935.62,4928.7
2007-12-12,4906.81,4883.16
2007-12-13,4859.92,4705.38
2007-12-14,4652.32,4798.58
2007-12-17,4797.84,4707.85
2007-12-18,4679.94,4677.92
2007-12-19,4709.8,4787.23
2007-12-20,4802.29,4871.92
2007-12-21,4852.45,4933.03
2007-12-24,4972.53,5029.56
2007-12-25,5039.1,5046.11
2007-12-26,5061.59,5096.67
2007-12-27,5116.78,5188.98
2007-12-28,5199.98,5163.52
2008-01-02,5172.95,5225.16
2008-01-03,5219.12,5264.02
2008-01-04,5270.77,5308.69
2008-01-07,5304.76,5382.69
2008-01-08,5386.77,5345.34
2008-01-09,5322.76,5432.54
2008-01-10,5432.54,5480.99
2008-01-11,5495.44,5505.81
2008-01-14,5508.54,5544.04
2008-01-15,5553.12,5517.77
2008-01-16,5469.26,5350.09
2008-01-17,5295.16,5220.88
2008-01-18,5214.87,5268.21
2008-01-21,5279.69,5017.84
2008-01-22,4891.17,4632.24
2008-01-23,4660.92,4854.72
2008-01-24,4911.78,4921.83
2008-01-25,4916.66,4960.58
2008-01-28,4924.14,4625.71
2008-01-29,4638.15,4661.96
2008-01-30,4713.35,4617.08
2008-01-31,4602.54,4515.77
2008-02-01,4518.27,4457.06
2008-02-04,4576.87,4820.1
2008-02-05,4814.69,4796.8
2008-02-13,4736.9,4703.21
2008-02-14,4742.72,4771.03
2008-02-15,4738.1,4711.1
2008-02-18,4771.11,4814.25
2008-02-19,4828.76,4913.26
2008-02-20,4922.5,4812.09
2008-02-21,4783.16,4789.76
2008-02-22,4766.71,4625.91
2008-02-25,4627.44,4449.44
2008-02-26,4562.41,4448.95
2008-02-27,4472.66,4569.73
2008-02-28,4579.78,4554.47
2008-02-29,4547.36,4604.94
2008-03-03,4580.57,4725.53
2008-03-04,4746.05,4622.12
2008-03-05,4604.47,4593.13
2008-03-06,4607.66,4640.65
2008-03-07,4599.77,4569.53
2008-03-10,4537.61,4388.16
2008-03-11,4350.89,4406.28
2008-03-12,4494.61,4276.06
2008-03-13,4232.98,4160.4
2008-03-14,4139.4,4118.22
2008-03-17,4097.79,3906.07
2008-03-18,3863.38,3697.22
2008-03-19,3770.56,3828.48
2008-03-20,3775.42,3951.26
2008-03-21,3949.6,3984.03
2008-03-24,4033.28,3822.01
2008-03-25,3749.34,3872.09
2008-03-26,3891.79,3880.14
2008-03-27,3816.47,3711.98
2008-03-28,3676.84,3870.01
2008-03-31,3758.27,3736.31
2008-04-01,3722.01,3521.64
2008-04-02,3557.24,3470.86
2008-04-03,3440.19,3568.17
2008-04-07,3528.75,3762.47
2008-04-08,3768.5,3810.46
2008-04-09,3778.9,3611.93
2008-04-10,3567.73,3678.62
2008-04-11,3716.52,3711.6
2008-04-14,3630.77,3470.67
2008-04-15,3448.36,3523.7
2008-04-16,3514.34,3437.85
2008-04-17,3436.0,3330.23
2008-04-18,3300.41,3214.75
2008-04-21,3452.47,3213.01
2008-04-22,3159.29,3233.71
2008-04-23,3204.94,3385.44
2008-04-24,3664.88,3698.82
2008-04-25,3703.16,3724.67
2008-04-28,3665.29,3659.57
2008-04-29,3637.06,3704.8
2008-04-30,3721.68,3879.38
2008-05-05,3931.69,3972.87
2008-05-06,3938.7,3933.67
2008-05-07,3909.69,3749.7
2008-05-08,3703.25,3850.23
2008-05-09,3883.3,3811.46
2008-05-12,3742.45,3845.21
2008-05-13,3730.11,3806.22
2008-05-14,3799.36,3917.72
2008-05-15,3944.23,3887.18
2008-05-16,3886.79,3870.96
2008-05-19,3860.19,3850.58
2008-05-20,3848.83,3646.71
2008-05-21,3604.91,3716.16
2008-05-22,3669.87,3652.37
2008-05-23,3639.42,3622.98
2008-05-26,3594.53,3511.97
2008-05-27,3501.79,3524.02
2008-05-28,3531.12,3621.5
2008-05-29,3613.15,3530.18
2008-05-30,3534.67,3561.11
2008-06-02,3550.91,3577.63
2008-06-03,3591.02,3567.99
2008-06-04,3545.98,3502.97
2008-06-05,3469.02,3467.99
2008-06-06,3480.23,3441.62
2008-06-10,3299.12,3160.04
2008-06-11,3108.71,3098.45
2008-06-12,3081.44,3045.3
2008-06-13,3048.22,2939.13
2008-06-16,2940.44,2909.97
2008-06-17,2907.58,2795.22
2008-06-18,2772.92,2937.98
2008-06-19,2913.43,2720.11
2008-06-20,2738.2,2792.84
2008-06-23,2744.62,2734.18
2008-06-24,2721.37,2797.85
2008-06-25,2791.73,2917.42
2008-06-26,2913.22,2928.7
2008-06-27,2836.59,2763.09
2008-06-30,2740.27,2744.48
2008-07-01,2751.06,2656.84
2008-07-02,2660.7,2662.18
2008-07-03,2619.38,2726.73
2008-07-04,2719.12,2713.84
2008-07-07,2719.82,2853.42
2008-07-08,2867.74,2870.98
2008-07-09,2893.77,2974.93
2008-07-10,2932.24,2931.97
2008-07-11,2919.87,2910.35
2008-07-14,2885.54,2936.2
2008-07-15,2945.22,2818.52
2008-07-16,2786.37,2714.33
2008-07-17,2758.28,2691.42
2008-07-18,2718.53,2786.85
2008-07-21,2767.47,2882.21
2008-07-22,2876.42,2876.59
2008-07-23,2894.87,2857.6
2008-07-24,2879.63,2946.87
2008-07-25,2911.24,2914.11
2008-07-28,2933.74,2937.15
2008-07-29,2898.51,2879.92
2008-07-30,2913.8,2860.96
2008-07-31,2869.9,2779.28
2008-08-01,2762.06,2816.9
2008-08-04,2794.46,2754.24
2008-08-05,2761.97,2689.57
2008-08-06,2708.99,2706.25
2008-08-07,2702.07,2706.78
2008-08-08,2705.45,2576.25
2008-08-11,2565.86,2440.24
2008-08-12,2415.96,2426.86
2008-08-13,2410.74,2422.97
2008-08-14,2409.58,2424.74
2008-08-15,2422.67,2429.08
2008-08-18,2433.41,2295.24
2008-08-19,2269.44,2331.11
2008-08-20,2316.63,2512.23
2008-08-21,2474.15,2423.16
2008-08-22,2400.5,2383.06
2008-08-25,2386.7,2381.0
2008-08-26,2352.99,2308.72
2008-08-27,2298.5,2299.11
2008-08-28,2298.48,2308.07
2008-08-29,2318.39,2363.34
2008-09-01,2345.49,2286.71
2008-09-02,2271.64,2267.56
2008-09-03,2261.74,2231.52
2008-09-04,2223.52,2233.88
2008-09-05,2176.85,2165.49
2008-09-08,2171.05,2106.91
2008-09-09,2114.92,2119.98
2008-09-10,2106.79,2126.76
2008-09-11,2119.8,2060.19
2008-09-12,2059.15,2064.99
2008-09-16,2039.55,1992.98
2008-09-17,1975.17,1925.8
2008-09-18,1874.45,1887.07
2008-09-19,2055.85,2064.43
2008-09-22,2213.97,2189.76
2008-09-23,2123.78,2099.59
2008-09-24,2051.02,2119.25
2008-09-25,2123.68,2199.42
2008-09-26,2209.82,2215.97
2008-10-06,2180.44,2108.66
2008-10-07,2028.44,2084.27
2008-10-08,2027.46,2007.44
2008-10-09,2042.58,1981.52
2008-10-10,1902.86,1891.16
2008-10-13,1875.0,1963.77
2008-10-14,2031.41,1912.26
2008-10-15,1890.52,1893.25
2008-10-16,1816.12,1799.41
2008-10-17,1816.07,1811.95
2008-10-20,1807.7,1872.65
2008-10-21,1877.37,1859.93
2008-10-22,1835.73,1815.51
2008-10-23,1777.84,1816.23
2008-10-24,1813.25,1768.04
2008-10-27,1734.8,1642.3
2008-10-28,1603.69,1689.7
2008-10-29,1706.86,1641.63
2008-10-30,1652.24,1677.05
2008-10-31,1669.31,1645.9
2008-11-03,1632.07,1635.66
2008-11-04,1628.74,1612.76
2008-11-05,1624.7,1674.42
2008-11-06,1633.41,1635.06
2008-11-07,1605.88,1662.04
2008-11-10,1696.15,1782.83
2008-11-11,1776.8,1762.04
2008-11-12,1740.7,1783.98
2008-11-13,1760.63,1855.59
2008-11-14,1874.08,1923.94
2008-11-17,1916.11,1974.24
2008-11-18,1962.49,1831.17
2008-11-19,1823.08,1945.29
2008-11-20,1910.99,1925.81
2008-11-21,1866.97,1911.9
2008-11-24,1905.4,1831.6
2008-11-25,1862.35,1824.91
2008-11-26,1823.39,1833.01
2008-11-27,1949.33,1859.65
2008-11-28,1841.42,1825.64
2008-12-01,1819.9,1864.14
2008-12-02,1822.98,1872.68
2008-12-03,1900.5,1954.08
2008-12-04,1980.1,1980.63
2008-12-05,1968.26,2012.47
2008-12-08,2039.5,2094.97
2008-12-09,2102.86,2039.66
2008-12-10,2027.77,2097.27
2008-12-11,2088.34,2044.66
2008-12-12,2025.15,1959.25
2008-12-15,1988.88,1977.46
2008-12-16,1959.99,1997.36
2008-12-17,2004.8,2006.4
2008-12-18,2004.34,2049.37
2008-12-19,2043.09,2059.14
2008-12-22,2057.64,2030.45
2008-12-23,2031.79,1929.07
2008-12-24,1902.61,1897.07
2008-12-25,1901.65,1882.51
2008-12-26,1880.23,1872.77
2008-12-29,1862.67,1867.2
2008-12-30,1865.51,1848.86
2008-12-31,1850.83,1832.99
2009-01-05,1862.91,1898.06
2009-01-06,1896.03,1956.99
2009-01-07,1956.37,1947.72
2009-01-08,1912.15,1903.62
2009-01-09,1902.01,1935.54
2009-01-12,1929.27,1938.88
2009-01-13,1912.38,1893.61
2009-01-14,1890.62,1970.62
2009-01-15,1951.63,1971.27
2009-01-16,1981.97,2003.68
2009-01-19,2023.03,2022.87
2009-01-20,2017.21,2036.57
2009-01-21,2005.68,2032.8
2009-01-22,2045.95,2056.86
2009-01-23,2052.21,2044.7
2009-02-02,2063.45,2072.99
2009-02-03,2073.23,2124.98
2009-02-04,2135.03,2180.74
2009-02-05,2178.68,2162.69
2009-02-06,2169.07,2247.83
2009-02-09,2280.84,2306.06
2009-02-10,2296.32,2336.09
2009-02-11,2296.24,2341.1
2009-02-12,2344.97,2336.96
2009-02-13,2340.68,2416.13
2009-02-16,2438.5,2474.71
2009-02-17,2471.8,2392.8
2009-02-18,2338.84,2285.48
2009-02-19,2306.3,2312.76
2009-02-20,2315.94,2360.94
2009-02-23,2349.33,2426.16
2009-02-24,2393.53,2317.65
2009-02-25,2341.81,2323.93
2009-02-26,2315.76,2205.37
2009-02-27,2179.57,2149.37
2009-03-02,2131.9,2175.67
2009-03-03,2122.19,2159.4
2009-03-04,2167.63,2299.87
2009-03-05,2327.64,2316.37
2009-03-06,2272.01,2296.91
2009-03-09,2311.46,2212.74
2009-03-10,2187.73,2253.06
2009-03-11,2299.68,2234.31
2009-03-12,2221.89,2229.08
2009-03-13,2241.85,2218.0
2009-03-16,2210.72,2252.3
2009-03-17,2254.79,2330.12
2009-03-18,2342.46,2340.73
2009-03-19,2344.65,2388.39
2009-03-20,2394.02,2378.29
2009-03-23,2381.01,2434.14
2009-03-24,2470.67,2449.87
2009-03-25,2435.7,2396.3
2009-03-26,2401.48,2468.77
2009-03-27,2488.84,2490.38
2009-03-30,2494.46,2480.83
2009-03-31,2435.38,2506.41
2009-04-01,2517.98,2544.55
2009-04-02,2554.81,2570.95
2009-04-03,2591.85,2563.93
2009-04-07,2566.95,2572.88
2009-04-08,2560.93,2479.09
2009-04-09,2476.94,2518.96
2009-04-10,2540.29,2593.93
2009-04-13,2618.86,2650.14
2009-04-14,2645.01,2673.6
2009-04-15,2660.27,2688.27
2009-04-16,2691.9,2687.04
2009-04-17,2677.4,2656.02
2009-04-20,2649.45,2714.5
2009-04-21,2678.89,2686.7
2009-04-22,2699.4,2584.37
2009-04-23,2563.72,2600.66
2009-04-24,2613.21,2581.72
2009-04-27,2578.13,2517.92
2009-04-28,2498.28,2529.88
2009-04-29,2531.55,2612.48
2009-04-30,2622.74,2633.9
2009-05-04,2645.45,2720.85
2009-05-05,2738.75,2733.64
2009-05-06,2728.73,2768.17
2009-05-07,2784.86,2763.64
2009-05-08,2748.53,2782.08
2009-05-11,2801.02,2716.43
2009-05-12,2694.95,2777.63
2009-05-13,2781.55,2800.43
2009-05-14,2770.18,2782.64
2009-05-15,2798.34,2791.39
2009-05-18,2779.7,2805.31
2009-05-19,2830.48,2830.65
2009-05-20,2833.76,2801.17
2009-05-21,2784.1,2738.47
2009-05-22,2723.53,2734.33
2009-05-25,2678.2,2743.24
2009-05-26,2748.55,2721.91
2009-05-27,2735.75,2756.23
2009-06-01,2790.78,2841.12
2009-06-02,2859.23,2846.1
2009-06-03,2846.03,2905.57
2009-06-04,2894.52,2916.03
2009-06-05,2925.49,2903.49
2009-06-08,2904.59,2911.64
2009-06-09,2913.21,2927.15
2009-06-10,2936.59,2958.49
2009-06-11,2952.96,2935.11
2009-06-12,2929.3,2879.5
2009-06-15,2875.29,2940.14
2009-06-16,2918.15,2934.37
2009-06-17,2933.46,2979.51
2009-06-18,3002.67,3025.03
2009-06-19,3034.83,3047.85
2009-06-22,3072.08,3044.53
2009-06-23,3001.32,3044.17
2009-06-24,3040.12,3073.42
2009-06-25,3076.53,3069.05
2009-06-26,3076.63,3077.7
2009-06-29,3081.34,3125.03
2009-06-30,3135.66,3106.46
2009-07-01,3095.93,3169.08
2009-07-02,3178.94,3208.98
2009-07-03,3184.86,3247.7
2009-07-06,3253.37,3288.82
2009-07-07,3284.09,3266.06
2009-07-08,3235.08,3274.07
2009-07-09,3271.55,3323.16
2009-07-10,3325.73,3323.86
2009-07-13,3310.59,3300.68
2009-07-14,3331.93,3386.77
2009-07-15,3398.58,3418.62
2009-07-16,3440.07,3420.29
2009-07-17,3418.98,3434.03
2009-07-20,3446.56,3497.72
2009-07-21,3508.41,3441.52
2009-07-22,3437.1,3503.32
2009-07-23,3509.19,3545.5
2009-07-24,3563.28,3553.68
2009-07-27,3566.99,3624.26
2009-07-28,3627.35,3640.77
2009-07-29,3629.22,3452.42
2009-07-30,3478.73,3525.47
2009-07-31,3557.29,3619.17
2009-08-03,3637.87,3670.7
2009-08-04,3683.5,3674.22
2009-08-05,3670.56,3640.45
2009-08-06,3611.15,3569.68
2009-08-07,3564.81,3467.83
2009-08-10,3501.67,3463.13
2009-08-11,3477.18,3477.63
2009-08-12,3468.98,3321.84
2009-08-13,3322.53,3353.28
2009-08-14,3350.68,3247.8
2009-08-17,3194.32,3055.11
2009-08-18,3029.36,3088.71
2009-08-19,3095.45,2945.19
2009-08-20,2951.52,3069.44
2009-08-21,3062.12,3130.69
2009-08-24,3146.02,3160.62
2009-08-25,3144.89,3059.92
2009-08-26,3035.34,3125.23
2009-08-27,3105.54,3115.27
2009-08-28,3109.01,3010.86
2009-08-31,2969.3,2805.43
2009-09-01,2783.04,2818.32
2009-09-02,2800.6,2860.44
2009-09-03,2866.13,3008.21
2009-09-04,3008.9,3036.55
2009-09-07,3057.14,3066.29
2009-09-08,3048.88,3126.22
2009-09-09,3139.66,3144.13
2009-09-10,3129.87,3112.51
2009-09-11,3103.9,3186.21
2009-09-14,3196.62,3242.51
2009-09-15,3247.33,3251.56
2009-09-16,3240.21,3215.75
2009-09-17,3257.69,3280.19
2009-09-18,3286.17,3165.98
2009-09-21,3133.19,3184.7
2009-09-22,3172.68,3111.51
2009-09-23,3108.83,3040.94
2009-09-24,3023.63,3050.59
2009-09-25,3031.47,3032.34
2009-09-28,3040.24,2951.89
2009-09-29,2953.77,2945.57
2009-09-30,2964.57,2974.68
2009-10-09,3040.06,3125.02
2009-10-12,3139.87,3118.14
2009-10-13,3111.2,3162.94
2009-10-14,3173.16,3187.49
2009-10-15,3215.74,3198.16
2009-10-16,3208.49,3199.7
2009-10-19,3197.75,3277.59
2009-10-20,3302.14,3328.28
2009-10-21,3325.95,3315.53
2009-10-22,3308.55,3299.29
2009-10-23,3306.16,3358.8
2009-10-26,3367.74,3363.14
2009-10-27,3337.33,3272.01
2009-10-28,3261.31,3287.32
2009-10-29,3228.31,3216.17
2009-10-30,3269.6,3252.56
2009-11-02,3197.92,3365.56
2009-11-03,3375.1,3411.0
2009-11-04,3416.99,3430.82
2009-11-05,3433.76,3443.92
2009-11-06,3469.68,3457.85
2009-11-09,3461.92,3471.49
2009-11-10,3493.24,3480.95
2009-11-11,3477.4,3476.6
2009-11-12,3486.45,3484.36
2009-11-13,3476.65,3510.09
2009-11-16,3533.15,3610.3
2009-11-17,3626.92,3614.91
2009-11-18,3619.47,3618.38
2009-11-19,3625.49,3637.72
2009-11-20,3625.98,3629.09
2009-11-23,3627.67,3668.79
2009-11-24,3683.1,3535.64
2009-11-25,3529.36,3623.71
2009-11-26,3629.12,3475.69
2009-11-27,3432.9,3385.6
2009-11-30,3417.5,3519.33
2009-12-01,3515.75,3576.24
2009-12-02,3593.68,3609.57
2009-12-03,3606.43,3604.55
2009-12-04,3596.47,3637.01
2009-12-07,3639.94,3667.15
2009-12-08,3669.21,3625.6
2009-12-09,3583.1,3561.94
2009-12-10,3586.0,3586.5
2009-12-11,3597.73,3584.1
2009-12-14,3581.55,3613.55
2009-12-15,3598.55,3595.25
2009-12-16,3580.83,3574.37
2009-12-17,3582.38,3490.3
2009-12-18,3460.05,3403.8
2009-12-21,3398.24,3414.05
2009-12-22,3419.21,3329.38
2009-12-23,3327.44,3366.48
2009-12-24,3375.28,3468.19
2009-12-25,3463.46,3461.01
2009-12-28,3469.54,3514.53
2009-12-29,3517.58,3537.25
2009-12-30,3539.28,3585.64
2009-12-31,3587.38,3605.7
2010-01-04,3622.69,3576.41
2010-01-05,3585.0,3605.88
2010-01-06,3600.69,3582.73
2010-01-07,3581.73,3508.61
2010-01-08,3488.12,3523.95
2010-01-11,3624.94,3533.43
2010-01-12,3528.6,3591.51
2010-01-13,3506.93,3494.25
2010-01-14,3506.75,3553.33
2010-01-15,3557.3,3566.95
2010-01-18,3556.85,3592.41
2010-01-19,3597.81,3596.13
2010-01-20,3599.94,3476.27
2010-01-21,3470.02,3492.08
2010-01-22,3448.03,3443.11
2010-01-25,3434.17,3401.34
2010-01-26,3403.81,3314.04
2010-01-27,3314.45,3272.93
2010-01-28,3271.13,3290.72
2010-01-29,3275.23,3296.25
2010-02-01,3291.11,3249.69
2010-02-02,3265.9,3239.55
2010-02-03,3251.35,3314.98
2010-02-04,3292.99,3311.13
2010-02-05,3240.13,3246.66
2010-02-08,3244.46,3243.85
2010-02-09,3251.08,3259.36
2010-02-10,3283.41,3304.3
2010-02-11,3306.24,3306.5
2010-02-12,3317.87,3340.35
2010-02-22,3337.64,3325.72
2010-02-23,3318.75,3304.73
2010-02-24,3284.22,3354.08
2010-02-25,3361.38,3401.04
2010-02-26,3394.21,3393.73
2010-03-01,3400.7,3435.8
2010-03-02,3438.6,3425.92
2010-03-03,3427.34,3454.35
2010-03-04,3457.56,3359.89
2010-03-05,3362.45,3370.19
2010-03-08,3378.69,3397.86
2010-03-09,3397.13,3410.99
2010-03-10,3416.37,3381.73
2010-03-11,3383.98,3374.88
2010-03-12,3381.78,3330.22
2010-03-15,3328.14,3284.13
2010-03-16,3284.2,3306.33
2010-03-17,3315.54,3381.46
2010-03-18,3386.83,3376.1
2010-03-19,3378.95,3399.99
2010-03-22,3404.52,3413.09
2010-03-23,3415.53,3384.73
2010-03-24,3390.88,3389.79
2010-03-25,3383.65,3343.02
2010-03-26,3339.32,3390.87
2010-03-29,3410.8,3465.11
2010-03-30,3466.79,3474.65
2010-03-31,3476.88,3458.85
2010-04-01,3462.42,3505.28
2010-04-02,3512.56,3518.28
2010-04-06,3532.34,3516.54
2010-04-07,3514.98,3504.35
2010-04-08,3498.84,3472.34
2010-04-09,3474.39,3511.34
2010-04-12,3520.38,3499.68
2010-04-13,3499.8,3525.98
2010-04-14,3527.07,3543.0
2010-04-15,3546.05,3525.82
2010-04-16,3519.11,3492.53
2010-04-19,3451.97,3319.59
2010-04-20,3319.65,3331.51
2010-04-21,3336.74,3404.44
2010-04-22,3390.91,3375.44
2010-04-23,3371.36,3356.6
2010-04-26,3361.22,3344.26
2010-04-27,3335.0,3273.23
2010-04-28,3241.87,3255.82
2010-04-29,3280.89,3206.05
2010-04-30,3204.18,3194.53
2010-05-04,3131.11,3155.86
2010-05-05,3118.5,3186.56
2010-05-06,3168.31,3051.17
2010-05-07,2987.6,2994.88
2010-05-10,2998.72,2999.83
2010-05-11,3059.82,2935.92
2010-05-12,2914.67,2939.77
2010-05-13,2939.95,3013.33
2010-05-14,2992.3,3001.51
2010-05-17,2961.65,2839.35
2010-05-18,2834.07,2890.35
2010-05-19,2868.06,2884.4
2010-05-20,2861.08,2844.44
2010-05-21,2771.41,2887.95
2010-05-24,2907.58,2998.06
2010-05-25,2977.01,2944.58
2010-05-26,2943.51,2947.05
2010-05-27,2940.8,2994.39
2010-05-28,3021.13,2990.37
2010-05-31,2975.96,2911.04
2010-06-01,2890.34,2876.49
2010-06-02,2861.1,2894.01
2010-06-03,2906.28,2875.59
2010-06-04,2860.48,2886.94
2010-06-07,2832.75,2844.55
2010-06-08,2843.14,2851.94
2010-06-09,2864.63,2932.6
2010-06-10,2912.34,2908.28
2010-06-11,2923.33,2910.09
2010-06-17,2929.45,2888.1
2010-06-18,2883.24,2825.24
2010-06-21,2825.85,2910.2
2010-06-22,2902.88,2918.05
2010-06-23,2903.49,2894.15
2010-06-24,2896.61,2894.83
2010-06-25,2881.77,2869.82
2010-06-28,2867.52,2843.92
2010-06-29,2843.45,2712.49
2010-06-30,2688.15,2684.51
2010-07-01,2679.35,2644.54
2010-07-02,2641.01,2645.43
2010-07-05,2617.32,2625.92
2010-07-06,2618.39,2681.7
2010-07-07,2681.32,2704.6
2010-07-08,2714.22,2695.62
2010-07-09,2698.31,2770.52
2010-07-12,2770.53,2797.56
2010-07-13,2772.27,2758.26
2010-07-14,2764.0,2776.92
2010-07-15,2773.24,2728.02
2010-07-16,2715.28,2735.96
2010-07-19,2711.07,2800.68
2010-07-20,2803.82,2863.67
2010-07-21,2866.74,2871.03
2010-07-22,2861.51,2904.81
2010-07-23,2910.33,2914.34
2010-07-26,2919.46,2936.58
2010-07-27,2929.57,2925.52
2010-07-28,2925.88,2994.85
2010-07-29,2998.86,3009.46
2010-07-30,3002.86,3000.24
2010-08-02,3000.47,3052.21
2010-08-03,3059.41,2998.47
2010-08-04,2989.6,3014.68
2010-08-05,3013.54,2999.67
2010-08-06,2996.76,3050.9
2010-08-09,3048.93,3076.09
2010-08-10,3077.29,2981.91
2010-08-11,2971.72,3002.99
2010-08-12,2973.69,2965.95
2010-08-13,2967.84,3009.26
2010-08-16,3005.87,3079.19
2010-08-17,3084.85,3100.64
2010-08-18,3103.98,3095.18
2010-08-19,3097.75,3109.36
2010-08-20,3097.05,3048.8
2010-08-23,3046.6,3053.71
2010-08-24,3046.45,3073.39
2010-08-25,3054.65,3006.96
2010-08-26,3016.02,3017.88
2010-08-27,3014.67,3028.56
2010-08-30,3044.13,3091.81
2010-08-31,3082.72,3086.88
2010-09-01,3092.31,3062.18
2010-09-02,3095.17,3106.19
2010-09-03,3111.7,3112.84
2010-09-06,3128.57,3155.34
2010-09-07,3158.8,3164.77
2010-09-08,3150.95,3167.21
2010-09-09,3173.71,3111.94
2010-09-10,3112.83,3125.91
2010-09-13,3123.75,3162.69
2010-09-14,3172.03,3170.47
2010-09-15,3170.98,3117.92
2010-09-16,3113.16,3055.28
2010-09-17,3061.46,3059.89
2010-09-20,3063.86,3044.7
2010-09-21,3053.91,3049.9
2010-09-27,3062.0,3105.06
2010-09-28,3101.47,3083.54
2010-09-29,3079.27,3068.44
2010-09-30,3051.74,3125.96
2010-10-08,3155.82,3229.33
2010-10-11,3252.27,3300.22
2010-10-12,3289.51,3332.31
2010-10-13,3335.06,3370.14
2010-10-14,3395.23,3350.26
2010-10-15,3331.48,3435.01
2010-10-18,3449.99,3408.21
2010-10-19,3405.14,3490.31
2010-10-20,3420.87,3517.9
2010-10-21,3525.44,3498.06
2010-10-22,3492.14,3508.58
2010-10-25,3518.45,3607.23
2010-10-26,3616.92,3599.71
2010-10-27,3589.54,3538.57
2010-10-28,3525.81,3532.1
2010-10-29,3535.02,3526.78
2010-11-01,3538.92,3623.33
2010-11-02,3635.15,3608.83
2010-11-03,3606.2,3566.81
2010-11-04,3573.72,3635.94
2010-11-05,3689.2,3682.67
2010-11-08,3697.56,3724.45
2010-11-09,3724.23,3709.14
2010-11-10,3693.42,3691.22
2010-11-11,3681.96,3696.42
2010-11-12,3671.9,3474.6
2010-11-15,3482.55,3520.21
2010-11-16,3518.6,3380.51
2010-11-17,3331.44,3292.29
2010-11-18,3320.32,3337.74
2010-11-19,3358.69,3388.37
2010-11-22,3359.66,3391.03
2010-11-23,3376.1,3325.33
2010-11-24,3305.67,3404.96
2010-11-25,3425.96,3449.4
2010-11-26,3440.6,3424.44
2010-11-29,3414.98,3429.28
2010-11-30,3426.78,3366.1
2010-12-01,3355.42,3362.9
2010-12-02,3411.94,3378.3
2010-12-03,3384.2,3374.92
2010-12-06,3384.23,3368.88
2010-12-07,3356.86,3408.74
2010-12-08,3403.44,3385.67
2010-12-09,3369.49,3333.42
2010-12-10,3317.07,3374.63
2010-12-13,3390.3,3477.24
2010-12-14,3486.79,3493.04
2010-12-15,3493.83,3469.07
2010-12-16,3467.01,3453.24
2010-12-17,3451.52,3450.19
2010-12-20,3463.91,3400.72
2010-12-21,3406.68,3463.25
2010-12-22,3466.36,3427.32
2010-12-23,3421.96,3389.75
2010-12-24,3372.41,3356.05
2010-12-27,3379.99,3285.16
2010-12-28,3268.64,3225.74
2010-12-29,3229.41,3254.09
2010-12-30,3254.8,3258.79
2010-12-31,3264.36,3325.14
2011-01-04,3350.05,3378.0
2011-01-05,3359.99,3367.17
2011-01-06,3369.41,3346.81
2011-01-07,3342.98,3351.11
2011-01-10,3346.65,3282.26
2011-01-11,3269.73,3289.64
2011-01-12,3299.12,3306.69
2011-01-13,3319.5,3308.21
2011-01-14,3297.71,3255.2
2011-01-17,3230.82,3134.0
2011-01-18,3124.71,3142.21
2011-01-19,3143.56,3212.04
2011-01-20,3204.77,3105.92
2011-01-21,3096.03,3139.91
2011-01-24,3142.32,3102.18
2011-01-25,3097.83,3083.89
2011-01-26,3084.51,3127.97
2011-01-27,3104.82,3181.11
2011-01-28,3175.16,3197.11
2011-01-31,3195.54,3238.05
2011-02-01,3243.25,3237.95
2011-02-09,3216.59,3208.31
2011-02-10,3202.45,3277.96
2011-02-11,3275.1,3296.65
2011-02-14,3299.57,3388.47
2011-02-15,3392.76,3385.37
2011-02-16,3379.08,3421.26
2011-02-17,3427.29,3424.45
2011-02-18,3418.21,3390.7
2011-02-21,3370.0,3441.34
2011-02-22,3449.74,3344.85
2011-02-23,3332.99,3362.4
2011-02-24,3357.54,3380.18
2011-02-25,3379.81,3389.24
2011-02-28,3393.01,3434.77
2011-03-01,3437.44,3450.55
2011-03-02,3432.68,3439.78
2011-03-03,3443.87,3412.98
2011-03-04,3413.99,3460.69
2011-03-07,3477.21,3521.46
2011-03-08,3522.18,3528.5
2011-03-09,3534.42,3531.72
2011-03-10,3524.31,3475.96
2011-03-11,3458.29,3448.54
2011-03-14,3441.71,3470.91
2011-03-15,3459.72,3413.16
2011-03-16,3413.04,3459.8
2011-03-17,3427.59,3404.95
2011-03-18,3435.51,3421.5
2011-03-21,3425.31,3407.22
2011-03-22,3417.68,3422.65
2011-03-23,3422.14,3463.5
2011-03-24,3468.27,3452.57
2011-03-25,3455.73,3490.65
2011-03-28,3502.05,3480.5
2011-03-29,3478.02,3441.61
2011-03-30,3440.29,3435.28
2011-03-31,3436.66,3401.61
2011-04-01,3404.13,3447.59
2011-04-06,3443.67,3473.8
2011-04-07,3475.92,3491.56
2011-04-08,3488.67,3524.68
2011-04-11,3534.1,3502.93
2011-04-12,3495.91,3502.5
2011-04-13,3487.98,3546.85
2011-04-14,3548.81,3529.04
2011-04-15,3520.4,3528.78
2011-04-18,3516.44,3530.71
2011-04-19,3507.79,3471.24
2011-04-20,3474.58,3476.86
2011-04-21,3493.45,3500.14
2011-04-22,3500.73,3485.13
2011-04-25,3478.35,3432.4
2011-04-26,3423.97,3402.92
2011-04-27,3414.26,3382.76
2011-04-28,3397.28,3322.82
2011-04-29,3321.68,3359.44
2011-05-03,3360.03,3386.81
2011-05-04,3368.85,3304.67
2011-05-05,3289.76,3302.99
2011-05-06,3272.26,3304.2
2011-05-09,3309.16,3317.29
2011-05-10,3322.27,3338.92
2011-05-11,3339.17,3332.25
2011-05-12,3310.13,3285.83
2011-05-13,3288.11,3310.11
2011-05-16,3302.93,3284.08
2011-05-17,3280.78,3294.85
2011-05-18,3287.62,3320.65
2011-05-19,3328.94,3301.68
2011-05-20,3300.91,3298.65
2011-05-23,3292.46,3193.32
2011-05-24,3182.7,3194.68
2011-05-25,3189.0,3155.73
2011-05-26,3176.36,3138.73
2011-05-27,3139.89,3109.78
2011-05-30,3101.46,3096.27
2011-05-31,3100.38,3150.15
2011-06-01,3144.94,3159.34
2011-06-02,3124.65,3110.61
2011-06-03,3106.96,3145.23
2011-06-07,3138.13,3164.09
2011-06-08,3162.3,3167.11
2011-06-09,3159.07,3106.15
2011-06-10,3100.84,3116.92
2011-06-13,3094.72,3104.33
2011-06-14,3101.76,3149.03
2011-06-15,3140.25,3118.75
2011-06-16,3094.34,3070.26
2011-06-17,3068.21,3041.05
2011-06-20,3036.87,3015.99
2011-06-21,3024.0,3052.08
2011-06-22,3056.58,3051.88
2011-06-23,3042.22,3104.2
2011-06-24,3093.19,3176.48
2011-06-27,3177.53,3188.96
2011-06-28,3192.34,3192.93
2011-06-29,3190.11,3149.87
2011-06-30,3151.75,3195.32
2011-07-01,3204.25,3200.74
2011-07-04,3215.19,3276.69
2011-07-05,3278.37,3279.66
2011-07-06,3273.57,3276.49
2011-07-07,3283.87,3266.26
2011-07-08,3268.42,3270.09
2011-07-11,3259.82,3281.32
2011-07-12,3249.82,3225.98
2011-07-13,3228.73,3278.99
2011-07-14,3285.39,3291.41
2011-07-15,3282.38,3309.42
2011-07-18,3313.29,3304.05
2011-07-19,3289.14,3270.16
2011-07-20,3288.96,3267.53
2011-07-21,3267.92,3233.88
2011-07-22,3240.47,3244.34
2011-07-25,3227.91,3138.6
2011-07-26,3135.23,3149.02
2011-07-27,3134.63,3175.93
2011-07-28,3150.94,3153.23
2011-07-29,3161.93,3138.43
2011-08-01,3126.66,3144.43
2011-08-02,3127.26,3119.99
2011-08-03,3092.32,3119.35
2011-08-04,3127.19,3127.57
2011-08-05,3044.77,3063.34
2011-08-08,3027.99,2947.83
2011-08-09,2869.18,2949.15
2011-08-10,2998.31,2979.74
2011-08-11,2930.73,3025.67
2011-08-12,3041.87,3040.21
2011-08-15,3048.45,3084.04
2011-08-16,3087.21,3062.62
2011-08-17,3058.97,3050.42
2011-08-18,3051.15,2996.89
2011-08-19,2946.3,2968.33
2011-08-22,2968.65,2937.25
2011-08-23,2947.9,2983.1
2011-08-24,2996.56,2974.22
2011-08-25,2982.17,3061.98
2011-08-26,3047.88,3061.16
2011-08-29,3037.51,3016.91
2011-08-30,3038.01,3003.92
2011-08-31,3005.81,3006.46
2011-09-01,3011.23,2992.39
2011-09-02,2985.69,2960.15
2011-09-05,2936.05,2896.25
2011-09-06,2878.13,2872.35
2011-09-07,2885.82,2929.8
2011-09-08,2940.03,2905.83
2011-09-09,2917.24,2897.18
2011-09-13,2851.99,2861.5
2011-09-14,2872.19,2875.97
2011-09-15,2877.66,2872.72
2011-09-16,2887.04,2876.55
2011-09-19,2861.71,2821.77
2011-09-20,2816.68,2833.74
2011-09-21,2835.42,2918.01
2011-09-22,2891.85,2831.71
2011-09-23,2788.98,2814.18
2011-09-26,2792.18,2755.16
2011-09-27,2779.05,2781.15
2011-09-28,2797.94,2751.05
2011-09-29,2733.94,2714.61
2011-09-30,2721.38,2707.8
2011-10-10,2714.51,2686.48
2011-10-11,2754.57,2680.97
2011-10-12,2667.87,2775.01
2011-10-13,2768.13,2798.37
2011-10-14,2791.26,2788.06
2011-10-17,2794.14,2803.11
2011-10-18,2783.58,2728.17
2011-10-19,2735.13,2717.07
2011-10-20,2701.42,2647.47
2011-10-21,2648.45,2629.68
2011-10-24,2638.4,2697.42
2011-10-25,2693.82,2751.02
2011-10-26,2738.09,2778.84
2011-10-27,2786.4,2786.11
2011-10-28,2822.56,2839.65
2011-10-31,2835.74,2831.53
2011-11-01,2808.16,2835.57
2011-11-02,2794.66,2886.32
2011-11-03,2897.06,2890.75
2011-11-04,2915.4,2909.82
2011-11-07,2897.82,2884.56
2011-11-08,2891.27,2869.68
2011-11-09,2880.07,2899.15
2011-11-10,2867.27,2848.63
2011-11-11,2852.99,2843.06
2011-11-14,2866.76,2902.25
2011-11-15,2899.72,2901.35
2011-11-16,2902.57,2824.44
2011-11-17,2825.73,2816.5
2011-11-18,2797.94,2754.95
2011-11-21,2755.77,2755.96
2011-11-22,2737.43,2756.06
2011-11-23,2759.99,2734.76
2011-11-24,2715.43,2739.47
2011-11-25,2736.08,2719.72
2011-11-28,2727.52,2723.15
2011-11-29,2740.86,2759.81
2011-11-30,2752.48,2666.1
2011-12-01,2741.31,2726.58
2011-12-02,2714.08,2694.22
2011-12-05,2696.32,2644.8
2011-12-06,2638.27,2640.13
2011-12-07,2640.48,2652.83
2011-12-08,2649.04,2650.41
2011-12-09,2631.44,2627.55
2011-12-12,2623.34,2602.38
2011-12-13,2591.5,2540.71
2011-12-14,2533.11,2514.09
2011-12-15,2498.08,2455.66
2011-12-16,2454.46,2508.89
2011-12-19,2490.0,2506.2
2011-12-20,2498.62,2499.01
2011-12-21,2518.68,2458.79
2011-12-22,2444.04,2455.71
2011-12-23,2451.32,2474.48
2011-12-26,2463.39,2451.81
2011-12-27,2447.64,2414.51
2011-12-28,2404.18,2414.02
2011-12-29,2403.6,2420.18
2011-12-30,2427.06,2455.94
2012-01-04,2472.73,2405.48
2012-01-05,2396.01,2371.2
2012-01-06,2367.34,2385.19
2012-01-09,2386.25,2465.49
2012-01-10,2462.92,2548.99
2012-01-11,2547.24,2538.26
2012-01-12,2529.25,2536.15
2012-01-13,2538.41,2485.18
2012-01-16,2466.63,2431.85
2012-01-17,2432.74,2549.87
2012-01-18,2553.38,2505.84
2012-01-19,2506.97,2548.84
2012-01-20,2557.23,2586.49
2012-01-30,2591.88,2547.66
2012-01-31,2548.16,2550.93
2012-02-01,2545.53,2519.9
2012-02-02,2527.68,2576.06
2012-02-03,2569.16,2600.51
2012-02-06,2604.79,2604.43
2012-02-07,2589.57,2557.86
2012-02-08,2555.71,2626.44
2012-02-09,2624.09,2630.26
2012-02-10,2622.72,2634.48
2012-02-13,2607.89,2639.64
2012-02-14,2636.62,2629.84
2012-02-15,2624.25,2661.37
2012-02-16,2656.82,2649.54
2012-02-17,2663.78,2649.0
2012-02-20,2683.55,2652.59
2012-02-21,2655.45,2675.58
2012-02-22,2676.74,2711.97
2012-02-23,2710.4,2719.93
2012-02-24,2720.8,2758.58
2012-02-27,2768.2,2767.8
2012-02-28,2762.89,2771.09
2012-02-29,2765.81,2743.03
2012-03-01,2731.89,2744.61
2012-03-02,2748.92,2789.51
2012-03-05,2797.08,2772.81
2012-03-06,2764.61,2731.53
2012-03-07,2706.38,2714.5
2012-03-08,2723.34,2747.43
2012-03-09,2755.63,2780.04
2012-03-12,2780.22,2776.51
2012-03-13,2775.68,2803.09
2012-03-14,2816.17,2719.69
2012-03-15,2717.42,2700.84
2012-03-16,2706.49,2744.96
2012-03-19,2739.93,2752.49
2012-03-20,2744.89,2702.08
2012-03-21,2714.26,2703.25
2012-03-22,2702.54,2697.95
2012-03-23,2690.03,2664.2
2012-03-26,2662.08,2667.02
2012-03-27,2676.4,2658.84
2012-03-28,2649.87,2577.5
2012-03-29,2567.08,2542.52
2012-03-30,2546.31,2551.22
2012-04-05,2547.07,2613.03
2012-04-06,2610.25,2620.7
2012-04-09,2611.55,2595.92
2012-04-10,2589.87,2619.57
2012-04-11,2593.8,2621.74
2012-04-12,2624.38,2673.25
2012-04-13,2677.91,2686.07
2012-04-16,2669.44,2681.12
2012-04-17,2678.81,2649.8
2012-04-18,2658.16,2706.34
2012-04-19,2705.49,2702.18
2012-04-20,2697.78,2730.54
2012-04-23,2728.49,2709.69
2012-04-24,2697.04,2704.75
2012-04-25,2698.56,2729.0
2012-04-26,2735.58,2728.91
2012-04-27,2727.24,2721.29
2012-05-02,2755.28,2774.75
2012-05-03,2770.08,2782.74
2012-05-04,2781.33,2807.73
2012-05-07,2791.88,2814.46
2012-05-08,2813.93,2807.14
2012-05-09,2783.93,2755.23
2012-05-10,2755.05,2755.69
2012-05-11,2751.33,2737.72
2012-05-14,2754.68,2717.59
2012-05-15,2699.96,2719.16
2012-05-16,2712.22,2677.89
2012-05-17,2680.43,2714.85
2012-05-18,2697.43,2674.57
2012-05-21,2673.04,2686.76
2012-05-22,2697.82,2724.9
2012-05-23,2718.99,2712.14
2012-05-24,2708.28,2690.57
2012-05-25,2690.07,2664.76
2012-05-28,2655.22,2706.48
2012-05-29,2707.58,2741.3
2012-05-30,2737.31,2735.37
2012-05-31,2717.4,2727.11
2012-06-01,2727.7,2726.18
2012-06-04,2690.56,2650.74
2012-06-05,2656.38,2653.18
2012-06-06,2658.45,2652.03
2012-06-07,2672.93,2634.11
2012-06-08,2651.12,2615.65
2012-06-11,2619.63,2649.1
2012-06-12,2635.27,2630.54
2012-06-13,2637.03,2674.98
2012-06-14,2668.34,2657.71
2012-06-15,2661.38,2665.28
2012-06-18,2674.79,2680.8
2012-06-19,2677.3,2660.5
2012-06-20,2665.28,2655.16
2012-06-21,2649.95,2616.33
2012-06-25,2605.75,2564.09
2012-06-26,2549.0,2559.71
2012-06-27,2557.67,2551.82
2012-06-28,2556.17,2527.53
2012-06-29,2519.74,2562.16
2012-07-02,2573.84,2567.9
2012-07-03,2567.38,2571.44
2012-07-04,2576.22,2564.52
2012-07-05,2551.9,2527.99
2012-07-06,2532.02,2569.74
2012-07-09,2553.63,2511.59
2012-07-10,2506.51,2502.57
2012-07-11,2497.65,2523.8
2012-07-12,2518.68,2543.66
2012-07-13,2535.58,2543.86
2012-07-16,2545.0,2485.76
2012-07-17,2477.72,2498.5
2012-07-18,2496.71,2502.91
2012-07-19,2496.76,2518.04
2012-07-20,2510.19,2494.11
2012-07-23,2476.2,2460.78
2012-07-24,2448.21,2470.81
2012-07-25,2463.81,2457.41
2012-07-26,2457.56,2445.87
2012-07-27,2452.75,2445.81
2012-07-30,2446.44,2428.31
2012-07-31,2428.63,2419.71
2012-08-01,2419.16,2449.61
2012-08-02,2445.53,2434.5
2012-08-03,2438.57,2456.4
2012-08-06,2451.82,2490.79
2012-08-07,2488.83,2497.13
2012-08-08,2497.06,2493.01
2012-08-09,2490.98,2517.94
2012-08-10,2516.25,2508.32
2012-08-13,2503.37,2463.73
2012-08-14,2463.94,2471.49
2012-08-15,2465.09,2445.85
2012-08-16,2441.62,2433.08
2012-08-17,2431.18,2426.43
2012-08-20,2409.45,2418.68
2012-08-21,2418.4,2436.35
2012-08-22,2437.33,2418.84
2012-08-23,2419.93,2425.95
2012-08-24,2419.47,2395.8
2012-08-27,2388.17,2346.24
2012-08-28,2344.62,2357.62
2012-08-29,2350.93,2336.49
2012-08-30,2326.24,2324.68
2012-08-31,2319.2,2319.52
2012-09-03,2315.66,2344.92
2012-09-04,2349.02,2321.94
2012-09-05,2317.0,2319.26
2012-09-06,2323.82,2339.21
2012-09-07,2355.6,2435.63
2012-09-10,2440.14,2444.64
2012-09-11,2434.87,2430.37
2012-09-12,2443.34,2440.34
2012-09-13,2437.71,2417.21
2012-09-14,2440.78,2432.86
2012-09-17,2429.25,2374.62
2012-09-18,2365.28,2352.44
2012-09-19,2354.59,2364.92
2012-09-20,2356.93,2311.29
2012-09-21,2305.66,2309.49
2012-09-24,2295.34,2324.53
2012-09-25,2319.04,2317.14
2012-09-26,2315.22,2286.87
2012-09-27,2286.75,2350.55
2012-09-28,2335.61,2392.24
2012-10-08,2392.03,2370.64
2012-10-09,2380.78,2422.92
2012-10-10,2417.52,2429.28
2012-10-11,2421.08,2405.15
2012-10-12,2412.98,2403.84
2012-10-15,2404.76,2394.39
2012-10-16,2392.23,2398.5
2012-10-17,2406.17,2401.72
2012-10-18,2407.39,2436.98
2012-10-19,2436.37,2433.6
2012-10-22,2421.52,2441.34
2012-10-23,2440.74,2412.54
2012-10-24,2403.32,2412.28
2012-10-25,2411.49,2395.14
2012-10-26,2394.18,2350.34
2012-10-29,2344.31,2339.21
2012-10-30,2338.73,2340.41
2012-10-31,2341.28,2354.32
2012-11-01,2355.58,2395.23
2012-11-02,2395.71,2403.97
2012-11-05,2401.14,2400.4
2012-11-06,2399.73,2388.76
2012-11-07,2385.92,2386.67
2012-11-08,2369.19,2343.85
2012-11-09,2339.9,2338.44
2012-11-12,2340.14,2347.44
2012-11-13,2347.08,2309.4
2012-11-14,2309.45,2319.79
2012-11-15,2308.27,2288.7
2012-11-16,2284.62,2271.02
2012-11-19,2268.87,2267.96
2012-11-20,2272.73,2258.72
2012-11-21,2258.83,2285.8
2012-11-22,2272.85,2266.77
2012-11-23,2272.48,2282.08
2012-11-26,2277.51,2264.41
2012-11-27,2258.06,2232.06
2012-11-28,2224.24,2208.01
2012-11-29,2207.44,2198.36
2012-11-30,2196.95,2223.4
2012-12-03,2220.86,2189.48
2012-12-04,2184.64,2211.85
2012-12-05,2208.5,2288.36
2012-12-06,2286.57,2284.13
2012-12-07,2284.16,2328.31
2012-12-10,2335.02,2354.31
2012-12-11,2346.88,2339.85
2012-12-12,2339.62,2348.21
2012-12-13,2341.56,2321.9
2012-12-14,2323.95,2432.01
2012-12-17,2435.94,2444.22
2012-12-18,2439.12,2447.5
2012-12-19,2443.47,2452.36
2012-12-20,2443.82,2463.36
2012-12-21,2465.47,2453.09
2012-12-24,2448.65,2462.22
2012-12-25,2455.27,2527.79
2012-12-26,2525.86,2539.98
2012-12-27,2546.63,2525.92
2012-12-28,2527.9,2557.62
2012-12-31,2562.94,2598.01
2013-01-04,2625.01,2596.53
2013-01-07,2591.5,2614.78
2013-01-08,2613.83,2611.98
2013-01-09,2604.77,2611.89
2013-01-10,2611.62,2618.16
2013-01-11,2620.75,2571.24
2013-01-14,2562.66,2664.92
2013-01-15,2666.97,2688.3
2013-01-16,2683.05,2672.69
2013-01-17,2666.97,2644.94
2013-01-18,2659.32,2687.56
2013-01-21,2697.39,2706.91
2013-01-22,2706.22,2688.98
2013-01-23,2680.51,2702.34
2013-01-24,2701.51,2672.08
2013-01-25,2670.07,2664.57
2013-01-28,2669.2,2741.46
2013-01-29,2744.65,2763.05
2013-01-30,2765.08,2774.1
2013-01-31,2776.49,2773.42
2013-02-01,2764.15,2824.81
2013-02-04,2833.49,2825.93
2013-02-05,2807.24,2850.31
2013-02-06,2851.34,2857.18
2013-02-07,2852.58,2844.17
2013-02-08,2840.26,2862.63
2013-02-18,2875.8,2840.32
2013-02-19,2837.91,2789.58
2013-02-20,2789.47,2814.3
2013-02-21,2788.52,2725.71
2013-02-22,2722.4,2710.35
2013-02-25,2730.23,2722.7
2013-02-26,2706.61,2685.1
2013-02-27,2691.82,2704.45
2013-02-28,2720.67,2780.63
2013-03-01,2787.42,2783.77
2013-03-04,2742.41,2669.09
2013-03-05,2672.05,2746.93
2013-03-06,2758.79,2782.25
2013-03-07,2770.88,2746.61
2013-03-08,2749.39,2733.58
2013-03-11,2727.35,2719.27
2013-03-12,2717.57,2674.47
2013-03-13,2670.15,2647.48
2013-03-14,2638.37,2655.86
2013-03-15,2655.39,2663.3
2013-03-18,2649.89,2624.87
2013-03-19,2628.18,2641.32
2013-03-20,2643.14,2725.5
2013-03-21,2727.36,2736.8
2013-03-22,2734.62,2740.36
2013-03-25,2749.67,2734.45
2013-03-26,2723.72,2700.19
2013-03-27,2700.58,2707.48
2013-03-28,2662.43,2624.66
2013-03-29,2626.87,2623.41
2013-04-01,2615.38,2623.79
2013-04-02,2626.19,2606.78
2013-04-03,2614.23,2604.18
2013-04-08,2566.2,2599.34
2013-04-09,2604.97,2617.13
2013-04-10,2615.37,2613.16
2013-04-11,2628.43,2607.4
2013-04-12,2605.58,2591.96
2013-04-15,2583.68,2562.44
2013-04-16,2544.13,2582.04
2013-04-17,2580.11,2585.95
2013-04-18,2568.95,2592.73
2013-04-19,2597.26,2661.03
2013-04-22,2653.49,2665.59
2013-04-23,2667.29,2586.03
2013-04-24,2588.92,2635.75
2013-04-25,2627.94,2604.58
2013-04-26,2611.66,2577.29
2013-05-02,2566.06,2582.42
2013-05-03,2589.7,2627.53
2013-05-06,2637.1,2665.2
2013-05-07,2660.27,2669.99
2013-05-08,2681.24,2688.61
2013-05-09,2688.27,2678.25
2013-05-10,2670.76,2690.59
2013-05-13,2692.03,2686.28
2013-05-14,2681.78,2647.5
2013-05-15,2647.83,2668.4
2013-05-16,2662.81,2707.61
2013-05-17,2704.53,2747.79
2013-05-20,2753.76,2771.77
2013-05-21,2769.94,2784.53
2013-05-22,2782.12,2779.3
2013-05-23,2765.95,2745.46
2013-05-24,2752.79,2765.71
2013-05-27,2763.53,2772.41
2013-05-28,2773.78,2804.79
2013-05-29,2808.45,2807.83
2013-05-30,2799.08,2803.39
2013-05-31,2806.88,2778.53
2013-06-03,2777.27,2771.0
2013-06-04,2768.55,2729.76
2013-06-05,2728.26,2726.18
2013-06-06,2717.85,2691.71
2013-06-07,2690.34,2646.96
2013-06-13,2611.16,2567.69
2013-06-14,2572.22,2593.84
2013-06-17,2600.92,2585.3
2013-06-18,2594.08,2599.53
2013-06-19,2588.47,2580.23
2013-06-20,2565.49,2495.31
2013-06-21,2454.52,2488.85
2013-06-24,2479.87,2338.23
2013-06-25,2312.99,2337.71
2013-06-26,2342.97,2351.42
2013-06-27,2356.2,2337.61
2013-06-28,2324.26,2367.15
2013-07-01,2355.64,2389.84
2013-07-02,2389.01,2406.49
2013-07-03,2394.49,2396.95
2013-07-04,2380.74,2411.35
2013-07-05,2414.68,2408.33
2013-07-08,2374.04,2337.89
2013-07-09,2334.38,2343.48
2013-07-10,2343.79,2405.84
2013-07-11,2413.0,2501.91
2013-07-12,2494.91,2458.12
2013-07-15,2470.47,2496.73
2013-07-16,2492.7,2511.76
2013-07-17,2506.17,2474.87
2013-07-18,2465.87,2446.48
2013-07-19,2448.67,2391.93
2013-07-22,2371.98,2413.28
2013-07-23,2423.66,2476.93
2013-07-24,2467.45,2470.17
2013-07-25,2474.74,2446.03
2013-07-26,2435.69,2436.81
2013-07-29,2418.86,2388.66
2013-07-30,2394.65,2392.44
2013-07-31,2409.8,2395.88
2013-08-01,2407.97,2456.41
2013-08-02,2471.99,2457.86
2013-08-05,2460.78,2491.96
2013-08-06,2485.77,2512.12
2013-08-07,2509.8,2492.29
2013-08-08,2487.76,2491.45
2013-08-09,2501.38,2497.15
2013-08-12,2506.88,2556.42
2013-08-13,2556.86,2567.23
2013-08-14,2570.36,2560.08
2013-08-15,2559.81,2531.31
2013-08-16,2522.05,2501.63
2013-08-19,2485.56,2540.56
2013-08-20,2536.76,2525.72
2013-08-21,2533.02,2526.01
2013-08-22,2520.75,2527.3
2013-08-23,2538.91,2514.85
2013-08-26,2518.69,2566.17
2013-08-27,2563.64,2576.54
2013-08-28,2560.95,2561.65
2013-08-29,2569.93,2553.02
2013-08-30,2551.07,2541.86
2013-09-02,2549.17,2553.06
2013-09-03,2557.75,2589.84
2013-09-04,2588.83,2590.16
2013-09-05,2588.94,2588.62
2013-09-06,2583.65,2610.43
2013-09-09,2626.55,2685.35
2013-09-10,2691.51,2718.9
2013-09-11,2726.81,2716.33
2013-09-12,2712.51,2738.2
2013-09-13,2734.56,2725.93
2013-09-16,2736.41,2721.49
2013-09-17,2723.68,2669.38
2013-09-18,2668.57,2680.14
2013-09-23,2689.53,2728.23
2013-09-24,2727.65,2706.84
2013-09-25,2703.99,2693.93
2013-09-26,2686.06,2642.46
2013-09-27,2639.47,2653.8
2013-09-30,2666.51,2680.71
2013-10-08,2680.76,2717.86
2013-10-09,2708.85,2739.08
2013-10-10,2744.2,2712.76
2013-10-11,2725.76,2757.08
2013-10-14,2760.94,2768.62
2013-10-15,2771.8,2763.41
2013-10-16,2754.92,2705.04
2013-10-17,2717.36,2692.37
2013-10-18,2693.39,2708.01
2013-10-21,2715.19,2764.75
2013-10-22,2763.74,2729.55
2013-10-23,2732.75,2686.76
2013-10-24,2680.11,2666.43
2013-10-25,2667.0,2622.05
2013-10-28,2624.79,2619.84
2013-10-29,2621.93,2609.66
2013-10-30,2607.49,2649.63
2013-10-31,2638.35,2608.29
2013-11-01,2606.16,2613.79
2013-11-04,2624.18,2614.25
2013-11-05,2601.49,2627.09
2013-11-06,2614.87,2593.27
2013-11-07,2589.29,2573.64
2013-11-08,2561.0,2537.7
2013-11-11,2535.52,2548.19
2013-11-12,2551.25,2573.67
2013-11-13,2561.35,2519.78
2013-11-14,2520.53,2545.27
2013-11-15,2546.78,2594.79
2013-11-18,2614.06,2675.79
2013-11-19,2676.73,2664.54
2013-11-20,2679.58,2682.02
2013-11-21,2670.2,2670.97
2013-11-22,2675.94,2657.01
2013-11-25,2646.22,2650.44
2013-11-26,2648.73,2650.3
2013-11-27,2648.91,2682.31
2013-11-28,2688.24,2706.76
2013-11-29,2709.32,2713.05
2013-12-02,2680.49,2658.6
2013-12-03,2647.0,2690.17
2013-12-04,2686.13,2728.62
2013-12-05,2729.64,2716.73
2013-12-06,2711.23,2702.71
2013-12-09,2711.16,2708.46
2013-12-10,2713.84,2709.51
2013-12-11,2697.37,2671.03
2013-12-12,2665.09,2672.37
2013-12-13,2651.14,2669.6
2013-12-16,2670.42,2627.18
2013-12-17,2627.99,2614.19
2013-12-18,2614.7,2612.97
2013-12-19,2621.24,2586.43
2013-12-20,2589.21,2535.58
2013-12-23,2539.93,2540.15
2013-12-24,2546.85,2549.1
2013-12-25,2552.33,2570.94
2013-12-26,2566.72,2526.69
2013-12-27,2529.14,2569.32
2013-12-30,2579.7,2568.37
2013-12-31,2557.68,2595.85
2014-01-02,2589.22,2597.0
2014-01-03,2587.13,2568.51
2014-01-06,2563.55,2508.15
2014-01-07,2491.65,2515.66
2014-01-08,2519.02,2527.2
2014-01-09,2521.11,2500.38
2014-01-10,2493.79,2474.64
2014-01-13,2476.12,2464.55
2014-01-14,2463.61,2494.69
2014-01-15,2491.7,2496.48
2014-01-16,2496.83,2495.33
2014-01-17,2487.86,2461.75
2014-01-20,2457.14,2446.49
2014-01-21,2447.94,2476.08
2014-01-22,2479.59,2536.03
2014-01-23,2535.27,2533.49
2014-01-24,2527.34,2550.94
2014-01-27,2538.04,2524.85
2014-01-28,2528.89,2525.6
2014-01-29,2530.84,2541.4
2014-01-30,2535.64,2517.99
2014-02-07,2501.46,2539.43
2014-02-10,2549.82,2602.28
2014-02-11,2603.27,2615.25
2014-02-12,2615.5,2628.13
2014-02-13,2625.04,2606.69
2014-02-14,2605.18,2632.27
2014-02-17,2647.36,2661.76
2014-02-18,2661.2,2638.79
2014-02-19,2637.59,2659.29
2014-02-20,2664.43,2629.89
2014-02-21,2626.24,2610.14
2014-02-24,2593.56,2573.47
2014-02-25,2575.84,2498.85
2014-02-26,2485.29,2504.01
2014-02-27,2511.41,2485.98
2014-02-28,2481.34,2511.36
2014-03-03,2508.29,2536.64
2014-03-04,2527.39,2529.34
2014-03-05,2533.23,2510.13
2014-03-06,2505.08,2515.7
2014-03-07,2512.91,2510.18
2014-03-10,2489.31,2425.83
2014-03-11,2419.69,2432.55
2014-03-12,2426.48,2436.21
2014-03-13,2441.1,2468.39
2014-03-14,2457.05,2450.61
2014-03-17,2459.73,2482.42
2014-03-18,2486.55,2482.87
2014-03-19,2475.14,2463.37
2014-03-20,2457.68,2415.27
2014-03-21,2405.79,2484.16
2014-03-24,2485.33,2495.38
2014-03-25,2489.35,2494.41
2014-03-26,2500.4,2494.63
2014-03-27,2491.72,2469.68
2014-03-28,2468.04,2454.94
2014-03-31,2457.54,2446.95
2014-04-01,2443.71,2472.03
2014-04-02,2474.75,2481.6
2014-04-03,2488.49,2467.18
2014-04-04,2460.37,2491.89
2014-04-08,2484.78,2542.92
2014-04-09,2546.3,2551.03
2014-04-10,2554.88,2588.07
2014-04-11,2581.63,2582.35
2014-04-14,2580.31,2583.61
2014-04-15,2578.08,2545.82
2014-04-16,2538.78,2546.61
2014-04-17,2553.12,2540.05
2014-04-18,2530.99,2542.8
2014-04-21,2525.93,2502.94
2014-04-22,2498.65,2504.04
2014-04-23,2499.0,2500.14
2014-04-24,2497.93,2488.01
2014-04-25,2489.43,2452.49
2014-04-28,2447.53,2406.64
2014-04-29,2405.26,2435.92
2014-04-30,2436.85,2443.68
2014-05-05,2438.57,2447.73
2014-05-06,2443.55,2453.75
2014-05-07,2447.42,2424.22
2014-05-08,2418.22,2420.25
2014-05-09,2423.26,2410.89
2014-05-12,2427.9,2463.22
2014-05-13,2462.83,2458.44
2014-05-14,2457.44,2455.63
2014-05-15,2452.94,2423.21
2014-05-16,2421.59,2420.54
2014-05-19,2415.04,2390.44
2014-05-20,2401.5,2392.94
2014-05-21,2383.92,2414.3
2014-05-22,2413.9,2411.59
2014-05-23,2410.95,2432.87
2014-05-26,2447.38,2448.85
2014-05-27,2447.32,2438.64
2014-05-28,2439.24,2467.63
2014-05-29,2469.93,2450.3
2014-05-30,2451.03,2454.05
2014-06-03,2455.68,2447.41
2014-06-04,2446.42,2424.93
2014-06-05,2423.05,2453.01
2014-06-06,2451.7,2436.97
2014-06-09,2430.02,2430.43
2014-06-10,2434.76,2461.86
2014-06-11,2457.38,2465.85
2014-06-12,2461.25,2459.06
2014-06-13,2455.91,2486.74
2014-06-16,2487.16,2504.48
2014-06-17,2498.54,2478.88
2014-06-18,2477.9,2465.05
2014-06-19,2465.72,2420.71
2014-06-20,2418.16,2434.57
2014-06-23,2435.84,2438.32
2014-06-24,2435.83,2451.5
2014-06-25,2448.75,2436.68
2014-06-26,2438.08,2458.11
2014-06-27,2455.38,2462.31
2014-06-30,2464.59,2481.27
2014-07-01,2485.36,2483.81
2014-07-02,2484.04,2493.76
2014-07-03,2491.85,2506.55
2014-07-04,2507.05,2501.67
2014-07-07,2501.29,2496.93
2014-07-08,2495.29,2505.57
2014-07-09,2502.75,2468.2
2014-07-10,2468.04,2460.41
2014-07-11,2453.77,2468.38
2014-07-14,2470.18,2496.12
2014-07-15,2494.35,2497.58
2014-07-16,2494.04,2485.58
2014-07-17,2480.58,2468.77
2014-07-18,2458.49,2473.39
2014-07-21,2473.01,2475.33
2014-07-22,2471.28,2506.69
2014-07-23,2505.6,2503.45
2014-07-24,2504.72,2530.77
2014-07-25,2535.63,2556.23
2014-07-28,2566.86,2620.27
2014-07-29,2622.75,2633.49
2014-07-30,2626.39,2628.38
2014-07-31,2627.5,2655.67
2014-08-01,2646.66,2633.08
2014-08-04,2638.99,2679.02
2014-08-05,2679.94,2680.01
2014-08-06,2669.21,2677.71
2014-08-07,2677.51,2641.04
2014-08-08,2643.27,2649.96
2014-08-11,2656.69,2689.36
2014-08-12,2686.18,2684.29
2014-08-13,2684.94,2680.89
2014-08-14,2679.27,2658.93
2014-08-15,2660.9,2686.05
2014-08-18,2692.38,2708.95
2014-08-19,2714.39,2711.93
2014-08-20,2709.51,2702.27
2014-08-21,2702.08,2695.22
2014-08-22,2693.27,2708.58
2014-08-25,2709.74,2683.08
2014-08-26,2678.87,2655.12
2014-08-27,2655.27,2662.65
2014-08-28,2663.77,2641.35
2014-08-29,2646.58,2673.75
2014-09-01,2677.98,2702.35
2014-09-02,2708.15,2738.13
2014-09-03,2742.95,2762.69
2014-09-04,2764.97,2783.64
2014-09-05,2789.54,2807.01
2014-09-09,2810.78,2810.11
2014-09-10,2800.5,2801.76
2014-09-11,2799.96,2793.68
2014-09-12,2788.78,2814.11
2014-09-15,2808.79,2816.29
2014-09-16,2819.76,2752.03
2014-09-17,2757.57,2766.49
2014-09-18,2761.25,2778.25
2014-09-19,2778.93,2798.27
2014-09-22,2792.27,2747.54
2014-09-23,2747.94,2773.75
2014-09-24,2765.57,2816.06
2014-09-25,2827.81,2812.12
2014-09-26,2805.9,2815.21
2014-09-29,2824.1,2830.44
2014-09-30,2834.79,2839.25
2014-10-08,2849.44,2875.09
2014-10-09,2878.01,2882.23
2014-10-10,2871.75,2863.7
2014-10-13,2852.75,2850.35
2014-10-14,2845.52,2839.75
2014-10-15,2838.81,2857.89
2014-10-16,2841.79,2831.37
2014-10-17,2828.54,2820.16
2014-10-20,2828.39,2841.92
2014-10-21,2841.34,2815.91
2014-10-22,2817.78,2798.58
2014-10-23,2794.55,2769.24
2014-10-24,2770.77,2766.85
2014-10-27,2755.12,2757.34
2014-10-28,2762.68,2813.33
2014-10-29,2821.51,2850.25
2014-10-30,2849.93,2867.04
2014-10-31,2871.39,2895.06
2014-11-03,2902.89,2907.19
2014-11-04,2907.14,2901.74
2014-11-05,2904.89,2889.2
2014-11-06,2890.67,2896.83
2014-11-07,2899.74,2881.52
2014-11-10,2906.01,2940.47
2014-11-11,2951.48,2908.65
2014-11-12,2897.29,2948.0
2014-11-13,2949.97,2927.59
2014-11-14,2917.0,2929.22
2014-11-17,2962.34,2925.93
2014-11-18,2924.63,2906.34
2014-11-19,2904.48,2907.15
2014-11-20,2898.45,2902.55
2014-11-21,2903.57,2943.41
2014-11-24,2972.18,3000.38
2014-11-25,3002.29,3045.84
2014-11-26,3054.53,3073.88
2014-11-27,3086.25,3095.31
2014-11-28,3094.75,3140.8
2014-12-01,3155.38,3144.5
2014-12-02,3135.47,3232.11
2014-12-03,3242.16,3278.98
2014-12-04,3289.32,3399.92
2014-12-05,3405.23,3388.53
2014-12-08,3376.68,3497.92
2014-12-09,3481.54,3353.56
2014-12-10,3366.51,3489.61
2014-12-11,3463.39,3478.88
2014-12-12,3481.94,3490.67
2014-12-15,3475.55,3525.24
2014-12-16,3529.83,3584.65
2014-12-17,3594.97,3619.93
2014-12-18,3625.95,3631.23
2014-12-19,3630.78,3667.57
2014-12-22,3683.74,3648.54
2014-12-23,3611.18,3566.78
2014-12-24,3573.63,3505.49
2014-12-25,3528.34,3606.11
2014-12-26,3613.92,3693.35
2014-12-29,3738.62,3694.13
2014-12-30,3688.81,3679.17
2014-12-31,3684.46,3746.14
2015-01-05,3775.73,3857.54
2015-01-06,3829.42,3884.41
2015-01-07,3866.88,3881.12
2015-01-08,3886.06,3809.79
2015-01-09,3796.96,3796.3
2015-01-12,3780.43,3762.28
2015-01-13,3757.39,3780.48
2015-01-14,3788.29,3760.04
2015-01-15,3759.36,3851.01
2015-01-16,3864.2,3896.41
2015-01-19,3691.37,3628.98
2015-01-20,3624.64,3706.5
2015-01-21,3728.86,3850.83
2015-01-22,3853.33,3877.43
2015-01-23,3891.42,3866.58
2015-01-26,3870.44,3913.78
2015-01-27,3923.04,3892.56
2015-01-28,3865.99,3843.1
2015-01-29,3793.98,3800.54
2015-01-30,3814.05,3745.07
2015-02-02,3675.07,3674.96
2015-02-03,3706.24,3763.71
2015-02-04,3773.82,3730.8
2015-02-05,3806.3,3695.04
2015-02-06,3684.27,3630.36
2015-02-09,3637.04,3646.0
2015-02-10,3646.06,3712.35
2015-02-11,3721.47,3749.67
2015-02-12,3752.68,3765.02
2015-02-13,3782.66,3800.15
2015-02-16,3807.88,3849.94
2015-02-17,3863.42,3875.46
2015-02-25,3884.93,3837.52
2015-02-26,3832.24,3911.92
2015-02-27,3912.82,3930.6
2015-03-02,3958.95,3972.97
2015-03-03,3952.51,3891.65
2015-03-04,3897.84,3926.74
2015-03-05,3911.71,3892.9
2015-03-06,3898.36,3862.93
2015-03-09,3841.83,3934.56
2015-03-10,3925.73,3935.7
2015-03-11,3940.72,3936.95
2015-03-12,3967.83,3990.96
2015-03-13,4002.87,4028.88
2015-03-16,4057.15,4136.91
2015-03-17,4165.2,4190.21
2015-03-18,4200.48,4284.2
2015-03-19,4289.83,4287.6
2015-03-20,4300.31,4333.25
2015-03-23,4366.29,4429.86
2015-03-24,4441.42,4448.17
2015-03-25,4439.27,4431.93
2015-03-26,4411.42,4426.27
2015-03-27,4429.4,4451.62
2015-03-30,4479.82,4556.91
2015-03-31,4601.72,4528.1
2015-04-01,4534.9,4617.73
2015-04-02,4647.35,4643.23
2015-04-03,4622.47,4694.84
2015-04-07,4737.29,4795.35
2015-04-08,4815.89,4796.43
2015-04-09,4810.78,4749.48
2015-04-10,4735.83,4854.27
2015-04-13,4903.54,4951.73
2015-04-14,4966.12,4968.54
2015-04-15,4968.29,4878.03
2015-04-16,4847.64,5017.91
2015-04-17,5087.2,5107.3
2015-04-20,5125.0,5044.92
2015-04-21,5048.67,5162.87
2015-04-22,5185.89,5288.8
2015-04-23,5317.91,5304.67
2015-04-24,5245.7,5289.28
2015-04-27,5355.13,5403.48
2015-04-28,5410.06,5309.74
2015-04-29,5292.68,5368.61
2015-04-30,5387.2,5359.65
2015-05-04,5369.31,5405.22
2015-05-05,5401.65,5193.19
2015-05-06,5221.73,5144.71
2015-05-07,5108.55,5029.32
2015-05-08,5080.45,5162.72
2015-05-11,5194.05,5335.14
2015-05-12,5344.73,5419.19
2015-05-13,5410.97,5399.65
2015-05-14,5395.99,5375.81
2015-05-15,5362.98,5302.75
2015-05-18,5278.15,5304.98
2015-05-19,5316.1,5458.26
2015-05-20,5483.96,5512.79
2015-05-21,5534.92,5640.4
2015-05-22,5711.55,5750.79
2015-05-25,5732.14,5910.57
2015-05-26,5959.35,6053.9
2015-05-27,6080.1,6046.55
2015-05-28,6038.79,5658.4
2015-05-29,5659.5,5687.78
2015-06-01,5723.72,5966.58
2015-06-02,6000.01,6105.35
2015-06-03,6131.11,6099.1
2015-06-04,6112.09,6117.07
2015-06-05,6199.94,6176.09
2015-06-08,6201.89,6248.43
2015-06-09,6265.96,6220.5
2015-06-10,6158.64,6247.67
2015-06-11,6246.88,6270.62
2015-06-12,6302.02,6321.03
2015-06-15,6344.18,6189.51
2015-06-16,6121.27,5977.29
2015-06-17,5980.69,6082.19
2015-06-18,6054.79,5839.51
2015-06-19,5729.41,5482.04
2015-06-23,5479.38,5624.92
2015-06-24,5659.07,5733.82
2015-06-25,5760.79,5520.31
2015-06-26,5354.36,5084.98
2015-06-29,5201.51,4876.39
2015-06-30,4818.87,5182.96
2015-07-01,5112.78,4930.14
2015-07-02,4950.82,4724.71
2015-07-03,4599.04,4465.12
2015-07-06,4822.0,4527.61
2015-07-07,4384.95,4413.27
2015-07-08,4133.22,4158.7
2015-07-09,4105.42,4397.54
2015-07-10,4442.92,4617.89
2015-07-13,4685.97,4768.93
2015-07-14,4770.34,4716.67
2015-07-15,4681.8,4542.43
2015-07-16,4506.88,4591.75
2015-07-17,4622.49,4787.14
2015-07-20,4798.94,4823.75
2015-07-21,4762.23,4840.84
2015-07-22,4824.44,4851.69
2015-07-23,4854.47,4963.69
2015-07-24,4970.57,4884.1
2015-07-27,4788.78,4484.07
2015-07-28,4321.5,4431.05
2015-07-29,4476.45,4592.54
2015-07-30,4574.48,4462.83
2015-07-31,4414.04,4442.84
2015-08-03,4382.21,4409.37
2015-08-04,4408.93,4578.09
2015-08-05,4570.85,4497.82
2015-08-06,4415.36,4464.46
2015-08-07,4508.71,4568.44
2015-08-10,4621.09,4778.07
2015-08-11,4781.7,4769.55
2015-08-12,4722.17,4706.39
2015-08-13,4693.64,4785.41
2015-08-14,4813.65,4786.99
2015-08-17,4768.88,4811.18
2015-08-18,4818.71,4501.39
2015-08-19,4394.13,4580.89
2015-08-20,4541.73,4441.52
2015-08-21,4376.41,4234.67
2015-08-24,4068.7,3877.2
2015-08-25,3631.14,3603.35
2015-08-26,3614.25,3550.64
2015-08-27,3625.88,3734.88
2015-08-28,3782.57,3907.5
2015-08-31,3867.26,3888.66
2015-09-01,3814.38,3822.04
2015-09-02,3657.33,3808.26
2015-09-07,3804.51,3718.95
2015-09-08,3687.41,3827.11
2015-09-09,3843.89,3910.72
2015-09-10,3852.84,3863.79
2015-09-11,3857.05,3866.42
2015-09-14,3893.36,3757.52
2015-09-15,3670.33,3601.66
2015-09-16,3601.92,3789.59
2015-09-17,3771.55,3716.91
2015-09-18,3739.05,3744.54
2015-09-21,3709.49,3826.92
2015-09-22,3833.31,3852.71
2015-09-23,3794.74,3780.67
2015-09-24,3799.78,3811.22
2015-09-25,3797.99,3736.89
2015-09-28,3733.47,3767.79
2015-09-29,3712.8,3696.11
2015-09-30,3717.32,3719.39
2015-10-08,3852.02,3834.17
2015-10-09,3840.7,3884.11
2015-10-12,3899.47,4010.97
2015-10-13,3983.64,4021.72
2015-10-14,4006.01,3976.79
2015-10-15,3971.74,4075.89
2015-10-16,4100.87,4128.46
2015-10-19,4142.53,4120.39
2015-10-20,4112.34,4176.75
2015-10-21,4178.31,4030.38
2015-10-22,4010.7,4107.3
2015-10-23,4126.62,4169.25
2015-10-26,4215.8,4188.41
2015-10-27,4164.59,4204.23
2015-10-28,4184.74,4121.57
2015-10-29,4143.0,4137.68
2015-10-30,4132.56,4132.92
2015-11-02,4073.7,4062.58
2015-11-03,4073.43,4049.31
2015-11-04,4063.5,4235.35
2015-11-05,4231.81,4294.27
2015-11-06,4292.68,4386.37
2015-11-09,4382.36,4447.41
2015-11-10,4415.25,4439.34
2015-11-11,4437.9,4450.19
2015-11-12,4463.35,4412.12
2015-11-13,4370.8,4343.33
2015-11-16,4272.42,4382.91
2015-11-17,4412.39,4361.76
2015-11-18,4366.88,4310.75
2015-11-19,4319.86,4389.22
2015-11-20,4397.41,4406.45
2015-11-23,4406.56,4379.4
2015-11-24,4371.55,4384.48
2015-11-25,4383.33,4429.31
2015-11-26,4443.43,4401.67
2015-11-27,4382.47,4163.29
2015-11-30,4161.57,4170.38
2015-12-01,4168.08,4191.32
2015-12-02,4187.18,4287.67
2015-12-03,4278.95,4336.08
2015-12-04,4308.32,4266.76
2015-12-07,4274.35,4292.09
2015-12-08,4269.76,4210.24
2015-12-09,4196.85,4213.54
2015-12-10,4211.98,4205.34
2015-12-11,4187.6,4183.58
2015-12-14,4146.22,4275.66
2015-12-15,4272.38,4274.35
2015-12-16,4285.55,4270.81
2015-12-17,4299.22,4356.96
2015-12-18,4357.06,4369.32
2015-12-21,4365.43,4467.5
2015-12-22,4475.21,4486.12
2015-12-23,4486.68,4455.26
2015-12-24,4449.82,4431.41
2015-12-25,4435.34,4444.89
2015-12-28,4456.06,4332.77
2015-12-29,4327.45,4367.41
2015-12-30,4372.35,4385.42
2015-12-31,4382.94,4337.75
2016-01-04,4335.19,4027.59
2016-01-05,3908.56,4019.86
2016-01-06,4028.4,4096.09
2016-01-07,4031.14,3807.74
2016-01-08,3895.63,3869.99
2016-01-11,3801.35,3665.75
2016-01-12,3686.11,3686.68
2016-01-13,3714.63,3601.06
2016-01-14,3509.25,3689.57
2016-01-15,3666.01,3570.15
2016-01-18,3511.55,3599.0
2016-01-19,3598.94,3707.88
2016-01-20,3686.31,3653.89
2016-01-21,3607.85,3539.2
2016-01-22,3577.77,3580.01
2016-01-25,3600.11,3599.24
2016-01-26,3562.33,3375.81
2016-01-27,3388.27,3361.76
2016-01-28,3331.86,3261.12
2016-01-29,3261.14,3366.62
2016-02-01,3359.46,3318.8
2016-02-02,3320.78,3398.02
2016-02-03,3359.73,3388.47
2016-02-04,3402.33,3436.25
2016-02-05,3437.4,3416.33
2016-02-15,3327.08,3405.87
2016-02-16,3422.95,3516.93
2016-02-17,3513.86,3548.58
2016-02-18,3567.45,3534.73
2016-02-19,3527.56,3537.78
2016-02-22,3574.74,3608.26
2016-02-23,3606.77,3575.6
2016-02-24,3562.66,3597.78
2016-02-25,3591.72,3369.64
2016-02-26,3394.72,3392.41
2016-02-29,3380.14,3283.99
2016-03-01,3286.84,3341.94
2016-03-02,3344.21,3476.12
2016-03-03,3472.68,3486.24
2016-03-04,3474.61,3491.78
2016-03-07,3512.78,3520.36
2016-03-08,3514.82,3532.09
2016-03-09,3461.09,3485.73
2016-03-10,3471.62,3423.68
2016-03-11,3395.84,3425.13
2016-03-14,3451.54,3491.81
2016-03-15,3486.44,3492.89
2016-03-16,3493.02,3498.5
2016-03-17,3507.57,3555.51
2016-03-18,3571.36,3621.58
2016-03-21,3654.53,3698.89
2016-03-22,3675.8,3680.81
2016-03-23,3672.8,3695.81
2016-03-24,3669.21,3640.52
2016-03-25,3635.15,3660.28
2016-03-28,3674.85,3632.01
2016-03-29,3631.1,3582.5
2016-03-30,3611.93,3682.87
2016-03-31,3697.73,3686.93
2016-04-01,3680.39,3687.15
2016-04-05,3678.45,3746.09
2016-04-06,3730.4,3746.26
2016-04-07,3755.92,3690.22
2016-04-08,3665.81,3662.94
2016-04-11,3689.22,3717.26
2016-04-12,3715.86,3703.16
2016-04-13,3725.31,3750.54
2016-04-14,3769.3,3770.23
2016-04-15,3775.58,3765.99
2016-04-18,3743.87,3714.85
2016-04-19,3732.67,3725.21
2016-04-20,3734.31,3634.86
2016-04-21,3615.5,3610.9
2016-04-22,3589.47,3628.71
2016-04-25,3618.36,3613.43
2016-04-26,3610.3,3637.13
2016-04-27,3641.05,3622.65
2016-04-28,3625.36,3614.53
2016-04-29,3605.83,3611.11
2016-05-03,3614.16,3687.06
2016-05-04,3674.87,3682.23
2016-05-05,3676.72,3689.35
2016-05-06,3688.64,3582.94
2016-05-09,3562.82,3495.87
2016-05-10,3484.54,3498.82
2016-05-11,3512.81,3507.43
2016-05-12,3476.43,3512.57
2016-05-13,3502.96,3496.97
2016-05-16,3485.45,3527.5
2016-05-17,3528.81,3521.05
2016-05-18,3502.16,3480.27
2016-05-19,3474.0,3480.84
2016-05-20,3461.91,3504.11
2016-05-23,3506.85,3522.12
2016-05-24,3517.27,3492.58
2016-05-25,3512.94,3485.42
2016-05-26,3480.91,3493.41
2016-05-27,3487.72,3491.38
2016-05-30,3481.68,3491.53
2016-05-31,3493.81,3607.1
2016-06-01,3611.25,3604.59
2016-06-02,3600.56,3615.44
2016-06-03,3621.78,3642.55
2016-06-06,3648.84,3634.98
2016-06-07,3637.86,3632.22
2016-06-08,3626.84,3617.82
2016-06-13,3581.58,3497.91
2016-06-14,3488.21,3505.84
2016-06-15,3472.02,3567.34
2016-06-16,3555.38,3545.65
2016-06-17,3548.87,3567.36
2016-06-20,3571.27,3568.9
2016-06-21,3584.28,3550.29
2016-06-22,3544.92,3586.07
2016-06-23,3582.1,3570.07
2016-06-24,3563.0,3527.39
2016-06-27,3511.88,3586.18
2016-06-28,3572.05,3607.74
2016-06-29,3617.61,3623.75
2016-06-30,3627.17,3628.75
2016-07-01,3632.97,3627.53
2016-07-04,3608.3,3684.8
2016-07-05,3681.64,3688.56
2016-07-06,3676.29,3701.3
2016-07-07,3689.91,3694.33
2016-07-08,3683.24,3676.88
2016-07-11,3687.77,3690.09
2016-07-12,3689.16,3761.39
2016-07-13,3764.83,3777.55
2016-07-14,3772.03,3774.68
2016-07-15,3775.5,3770.94
2016-07-18,3764.79,3758.15
2016-07-19,3756.47,3749.35
2016-07-20,3746.79,3738.21
2016-07-21,3738.46,3754.75
2016-07-22,3753.42,3725.75
2016-07-25,3720.34,3732.73
2016-07-26,3730.13,3778.11
2016-07-27,3780.12,3699.21
2016-07-28,3686.72,3707.6
2016-07-29,3704.17,3685.65
2016-08-01,3675.57,3646.55
2016-08-02,3641.81,3665.46
2016-08-03,3655.86,3672.38
2016-08-04,3669.58,3684.11
2016-08-05,3684.26,3680.27
2016-08-08,3674.55,3719.51
2016-08-09,3716.67,3748.87
2016-08-10,3746.03,3734.01
2016-08-11,3727.96,3708.91
2016-08-12,3707.68,3764.93
2016-08-15,3772.51,3861.78
2016-08-16,3873.14,3854.03
2016-08-17,3852.13,3858.05
2016-08-18,3856.28,3846.31
2016-08-19,3841.32,3850.38
2016-08-22,3850.16,3816.12
2016-08-23,3811.61,3821.63
2016-08-24,3823.07,3816.17
2016-08-25,3797.44,3788.56
2016-08-26,3793.56,3794.2
2016-08-29,3795.13,3796.3
2016-08-30,3798.69,3800.26
2016-08-31,3798.2,3809.96
2016-09-01,3809.84,3785.67
2016-09-02,3782.42,3791.82
2016-09-05,3800.5,3802.36
2016-09-06,3805.57,3837.63
2016-09-07,3839.3,3838.4
2016-09-08,3835.71,3841.87
2016-09-09,3842.08,3816.51
2016-09-12,3761.45,3743.67
2016-09-13,3750.53,3745.07
2016-09-14,3727.39,3720.09
2016-09-19,3725.3,3751.68
2016-09-20,3753.16,3744.42
2016-09-21,3744.61,3752.38
2016-09-22,3770.02,3779.54
2016-09-23,3781.92,3766.71
2016-09-26,3759.32,3699.42
2016-09-27,3692.96,3721.5
2016-09-28,3725.74,3712.19
2016-09-29,3716.33,3724.76
2016-09-30,3720.45,3736.26
2016-10-10,3753.63,3796.48
2016-10-11,3799.92,3814.23
2016-10-12,3804.59,3808.54
2016-10-13,3806.75,3809.35
2016-10-14,3804.31,3809.08
2016-10-17,3810.52,3776.52
2016-10-18,3771.03,3824.3
2016-10-19,3827.81,3817.95
2016-10-20,3819.0,3820.58
2016-10-21,3818.18,3824.58
2016-10-24,3829.31,3864.08
2016-10-25,3866.08,3868.64
2016-10-26,3866.75,3851.74
2016-10-27,3847.56,3839.09
2016-10-28,3837.47,3823.34
2016-10-31,3816.19,3816.12
2016-11-01,3820.37,3844.12
2016-11-02,3834.99,3811.75
2016-11-03,3804.16,3840.27
2016-11-04,3836.8,3826.86
2016-11-07,3825.79,3828.17
2016-11-08,3839.57,3847.0
2016-11-09,3847.05,3826.3
2016-11-10,3851.31,3868.23
2016-11-11,3864.56,3888.52
2016-11-14,3882.23,3903.61
2016-11-15,3905.11,3910.54
2016-11-16,3913.5,3911.18
2016-11-17,3905.14,3915.79
2016-11-18,3918.23,3898.12
2016-11-21,3894.29,3918.7
2016-11-22,3920.64,3947.14
2016-11-23,3952.98,3947.67
2016-11-24,3942.8,3953.74
2016-11-25,3954.5,3985.15
2016-11-28,4001.94,4005.39
2016-11-29,3996.47,4031.33
2016-11-30,4023.4,4006.84
2016-12-01,4014.32,4028.57
2016-12-02,4022.96,3984.82
2016-12-05,3929.12,3935.15
2016-12-06,3934.15,3928.56
2016-12-07,3928.39,3950.88
2016-12-08,3957.09,3943.21
2016-12-09,3936.8,3959.09
2016-12-12,3954.48,3848.87
2016-12-13,3833.03,3848.08
2016-12-14,3841.32,3819.23
2016-12-15,3803.36,3789.14
2016-12-16,3783.37,3800.06
2016-12-19,3796.63,3783.29
2016-12-20,3783.07,3762.64
2016-12-21,3768.73,3796.47
2016-12-22,3793.65,3794.59
2016-12-23,3792.82,3764.91
2016-12-26,3749.63,3779.99
2016-12-27,3777.12,3773.76
2016-12-28,3773.84,3757.96
2016-12-29,3752.88,3753.87
2016-12-30,3759.32,3764.99
2017-01-03,3769.64,3799.11
2017-01-04,3798.35,3833.75
2017-01-05,3833.38,3835.85
2017-01-06,3835.24,3815.6
2017-01-09,3812.91,3837.49
2017-01-10,3835.01,3829.23
2017-01-11,3826.2,3803.52
2017-01-12,3801.15,3780.44
2017-01-13,3780.63,3771.82
2017-01-16,3765.69,3750.79
2017-01-17,3735.59,3767.17
2017-01-18,3762.28,3776.22
2017-01-19,3767.14,3763.36
2017-01-20,3762.17,3796.81
2017-01-23,3802.46,3811.05
2017-01-24,3809.22,3808.93
2017-01-25,3804.89,3822.23
2017-01-26,3824.74,3839.38
2017-02-03,3842.68,3816.1
2017-02-06,3819.3,3831.86
2017-02-07,3830.0,3823.44
2017-02-08,3819.45,3840.79
2017-02-09,3840.0,3857.26
2017-02-10,3858.15,3872.01
2017-02-13,3875.51,3895.22
2017-02-14,3896.5,3895.16
2017-02-15,3893.97,3874.53
2017-02-16,3874.99,3896.44
2017-02-17,3897.29,3870.44
2017-02-20,3871.48,3924.93
2017-02-21,3929.45,3941.84
2017-02-22,3942.67,3952.88
2017-02-23,3951.15,3940.82
2017-02-24,3936.31,3943.48
2017-02-27,3941.11,3914.41
2017-02-28,3913.23,3922.06
2017-03-01,3920.73,3930.0
2017-03-02,3935.07,3904.13
2017-03-03,3893.12,3902.19
2017-03-06,3902.5,3926.95
2017-03-07,3927.2,3935.93
2017-03-08,3933.61,3928.29
2017-03-09,3921.35,3903.82
2017-03-10,3900.04,3904.98
2017-03-13,3903.13,3938.98
2017-03-14,3937.96,3936.17
2017-03-15,3931.1,3944.28
2017-03-16,3953.7,3964.11
2017-03-17,3967.25,3927.18
2017-03-20,3932.41,3937.33
2017-03-21,3937.1,3958.58
2017-03-22,3940.66,3944.58
2017-03-23,3946.9,3955.03
2017-03-24,3957.59,3984.83
2017-03-27,3984.75,3969.2
2017-03-28,3969.42,3959.53
2017-03-29,3963.07,3954.81
2017-03-30,3950.05,3912.66
2017-03-31,3911.46,3936.37
2017-04-05,3958.92,3994.48
2017-04-06,4001.33,4009.08
2017-04-07,4008.97,4015.32
2017-04-10,4016.01,4000.33
2017-04-11,3998.11,4017.31
2017-04-12,4011.38,4000.14
2017-04-13,3990.73,4011.42
2017-04-14,4013.61,3976.36
2017-04-17,3965.64,3964.68
2017-04-18,3960.3,3946.72
2017-04-19,3934.5,3923.09
2017-04-20,3922.61,3940.37
2017-04-21,3939.74,3937.44
2017-04-24,3927.91,3883.8
2017-04-25,3881.42,3900.34
2017-04-26,3900.08,3907.4
2017-04-27,3896.82,3915.44
2017-04-28,3907.5,3911.3
2017-05-02,3900.2,3903.83
2017-05-03,3898.98,3890.52
2017-05-04,3882.54,3880.94
2017-05-05,3869.52,3852.28
2017-05-08,3839.67,3816.96
2017-05-09,3798.97,3816.22
2017-05-10,3814.4,3785.98
2017-05-11,3769.79,3804.34
2017-05-12,3798.28,3828.32
2017-05-15,3837.05,3843.87
2017-05-16,3834.93,3888.34
2017-05-17,3881.57,3871.15
2017-05-18,3845.26,3854.44
2017-05-19,3852.62,3860.45
2017-05-22,3857.56,3862.45
2017-05-23,3856.06,3858.01
2017-05-24,3842.31,3862.66
2017-05-25,3851.94,3916.61
2017-05-26,3910.58,3911.52
2017-05-31,3928.85,3917.48
2017-06-01,3909.3,3906.09
2017-06-02,3898.62,3904.14
2017-06-05,3900.27,3896.34
2017-06-06,3891.65,3921.1
2017-06-07,3922.1,3973.89
2017-06-08,3970.99,4002.32
2017-06-09,4003.2,4021.41
2017-06-12,4013.95,4015.73
2017-06-13,4010.77,4033.68
2017-06-14,4022.31,3988.85
2017-06-15,3984.42,3988.14
2017-06-16,3981.51,3978.21
2017-06-19,3980.03,4012.8
2017-06-20,4019.98,4008.33
2017-06-21,4025.48,4049.46
2017-06-22,4045.81,4038.12
2017-06-23,4031.83,4072.39
2017-06-26,4077.09,4124.93
2017-06-27,4122.86,4132.54
2017-06-28,4121.66,4101.86
2017-06-29,4106.19,4129.74
2017-06-30,4115.08,4132.45
2017-07-03,4133.64,4123.31
2017-07-04,4118.91,4093.77
2017-07-05,4084.64,4135.54
2017-07-06,4129.66,4138.08
2017-07-07,4123.59,4129.68
2017-07-10,4122.54,4119.86
2017-07-11,4111.41,4124.68
2017-07-12,4127.0,4114.71
2017-07-13,4112.86,4135.24
2017-07-14,4129.24,4142.53
2017-07-17,4136.48,4073.06
2017-07-18,4056.72,4086.09
2017-07-19,4079.64,4143.56
2017-07-20,4139.27,4164.13
2017-07-21,4155.42,4153.5
2017-07-24,4149.66,4173.72
2017-07-25,4172.65,4154.54
2017-07-26,4158.84,4138.22
2017-07-27,4132.97,4153.05
2017-07-28,4144.95,4168.01
2017-07-31,4168.62,4190.46
2017-08-01,4191.68,4217.4
2017-08-02,4215.74,4203.06
2017-08-03,4197.31,4177.96
2017-08-04,4175.27,4154.9
2017-08-07,4151.79,4188.43
2017-08-08,4186.29,4195.94
2017-08-09,4191.7,4202.9
2017-08-10,4195.31,4180.11
2017-08-11,4148.65,4107.37
2017-08-14,4111.95,4167.96
2017-08-15,4169.46,4182.16
2017-08-16,4177.84,4181.33
2017-08-17,4188.77,4204.9
2017-08-18,4187.34,4207.18
2017-08-21,4215.57,4229.6
2017-08-22,4233.77,4236.88
2017-08-23,4230.62,4230.55
2017-08-24,4231.54,4208.74
2017-08-25,4210.11,4267.27
2017-08-28,4274.01,4307.9
2017-08-29,4304.84,4300.68
2017-08-30,4300.52,4306.55
2017-08-31,4308.83,4296.6
2017-09-01,4301.18,4313.06
2017-09-04,4313.44,4336.66
2017-09-05,4335.99,4350.01
2017-09-06,4338.58,4350.71
2017-09-07,4351.43,4325.34
2017-09-08,4324.75,4324.99
2017-09-11,4327.79,4334.81
2017-09-12,4342.34,4343.29
2017-09-13,4340.6,4354.73
2017-09-14,4355.21,4337.69
2017-09-15,4332.87,4329.25
2017-09-18,4328.97,4344.69
2017-09-19,4351.07,4330.19
2017-09-20,4327.93,4348.47
2017-09-21,4349.26,4336.39
2017-09-22,4323.55,4332.24
2017-09-25,4326.85,4312.78
2017-09-26,4304.89,4319.09
2017-09-27,4318.13,4329.82
2017-09-28,4329.54,4334.51
2017-09-29,4337.67,4350.76
2017-10-09,4425.41,4405.79
2017-10-10,4407.25,4421.68
2017-10-11,4418.01,4429.21
2017-10-12,4427.38,4441.32
2017-10-13,4440.84,4457.56
2017-10-16,4462.56,4439.77
2017-10-17,4434.47,4438.16
2017-10-18,4439.8,4461.47
2017-10-19,4457.62,4449.97
2017-10-20,4436.35,4453.31
2017-10-23,4457.68,4464.35
2017-10-24,4458.71,4485.75
2017-10-25,4483.49,4509.44
2017-10-26,4512.02,4529.94
2017-10-27,4528.39,4553.06
2017-10-30,4552.21,4529.46
2017-10-31,4516.33,4536.82
2017-11-01,4538.31,4529.86
2017-11-02,4526.24,4518.56
2017-11-03,4513.1,4508.86
2017-11-06,4507.78,4552.27
2017-11-07,4553.24,4587.27
2017-11-08,4584.04,4578.1
2017-11-09,4574.8,4615.0
2017-11-10,4607.91,4657.5
2017-11-13,4662.68,4680.3
2017-11-14,4681.15,4644.7
2017-11-15,4627.77,4606.86
2017-11-16,4597.43,4645.92
2017-11-17,4634.64,4629.08
2017-11-20,4600.51,4665.22
2017-11-21,4651.54,4728.25
2017-11-22,4739.03,4739.36
2017-11-23,4723.63,4597.02
2017-11-24,4581.93,4595.22
2017-11-27,4580.66,4529.59
2017-11-28,4514.22,4552.58
2017-11-29,4557.16,4545.84
2017-11-30,4525.99,4494.68
2017-12-01,4492.59,4497.14
2017-12-04,4489.89,4516.17
2017-12-05,4504.28,4513.39
2017-12-06,4500.17,4497.09
2017-12-07,4483.67,4451.51
2017-12-08,4443.46,4494.09
2017-12-11,4501.89,4571.96
2017-12-12,4571.63,4514.88
2017-12-13,4512.3,4557.59
2017-12-14,4557.93,4540.25
2017-12-15,4532.26,4489.62
2017-12-18,4491.2,4489.72
2017-12-19,4489.74,4544.14
2017-12-20,4544.69,4533.82
2017-12-21,4525.47,4573.49
2017-12-22,4570.38,4564.0
2017-12-25,4566.43,4542.62
2017-12-26,4541.09,4556.06
2017-12-27,4548.12,4490.76
2017-12-28,4492.03,4521.63
2017-12-29,4526.16,4534.62
2018-01-02,4549.94,4595.15
2018-01-03,4599.52,4623.97
2018-01-04,4625.19,4646.29
2018-01-05,4651.77,4650.98
2018-01-08,4650.36,4667.86
2018-01-09,4665.38,4698.21
2018-01-10,4695.48,4712.02
2018-01-11,4699.81,4714.65
2018-01-12,4713.34,4728.15
2018-01-15,4729.56,4704.7
2018-01-16,4694.7,4724.67
2018-01-17,4724.27,4701.34
2018-01-18,4710.18,4725.91
2018-01-19,4735.22,4727.36
2018-01-22,4720.17,4796.04
2018-01-23,4805.64,4831.73
2018-01-24,4836.2,4842.78
2018-01-25,4836.54,4826.11
2018-01-26,4812.62,4837.84
2018-01-29,4842.47,4751.28
2018-01-30,4734.72,4710.3
2018-01-31,4683.51,4709.0
2018-02-01,4707.79,4652.98
2018-02-02,4620.01,4682.0
2018-02-05,4609.7,4672.34
2018-02-06,4572.39,4521.28
2018-02-07,4584.63,4440.18
2018-02-08,4411.54,4417.96
2018-02-09,4292.49,4243.35
2018-02-12,4253.37,4314.27
2018-02-13,4351.15,4357.35
2018-02-14,4367.4,4391.89
2018-02-22,4447.45,4489.21
2018-02-23,4497.37,4505.55
2018-02-26,4531.02,4572.24
2018-02-27,4576.17,4522.27
2018-02-28,4477.79,4489.77
2018-03-01,4459.29,4528.58
2018-03-02,4491.23,4491.89
2018-03-05,4499.55,4496.26
2018-03-06,4513.15,4542.12
2018-03-07,4538.83,4507.96
2018-03-08,4510.19,4555.01
2018-03-09,4565.53,4601.56
2018-03-12,4628.3,4638.01
2018-03-13,4634.7,4600.36
2018-03-14,4582.92,4573.5
2018-03-15,4556.97,4598.51
2018-03-16,4598.93,4553.9
2018-03-19,4552.78,4580.53
2018-03-20,4547.38,4589.44
2018-03-21,4609.66,4559.94
2018-03-22,4562.2,4519.65
2018-03-23,4377.8,4373.26
2018-03-26,4325.63,4370.93
2018-03-27,4422.74,4425.25
2018-03-28,4369.24,4348.32
2018-03-29,4362.99,4394.98
2018-03-30,4398.93,4419.61
2018-04-02,4421.09,4407.55
2018-04-03,4362.18,4374.71
2018-04-04,4389.08,4359.23
2018-04-09,4355.14,4362.1
2018-04-10,4370.35,4428.78
2018-04-11,4439.42,4441.22
2018-04-12,4437.47,4398.91
2018-04-13,4423.57,4373.77
2018-04-16,4365.48,4326.59
2018-04-17,4332.81,4247.03
2018-04-18,4284.4,4277.33
2018-04-19,4284.1,4326.25
2018-04-20,4313.62,4265.59
2018-04-23,4261.28,4257.28
2018-04-24,4258.89,4347.04
2018-04-25,4324.98,4337.14
2018-04-26,4328.0,4251.63
2018-04-27,4270.24,4251.86
2018-05-02,4262.47,4256.79
2018-05-03,4247.54,4288.86
2018-05-04,4278.43,4271.51
2018-05-07,4280.27,4343.66
2018-05-08,4345.65,4386.9
2018-05-09,4384.29,4382.32
2018-05-10,4393.94,4403.36
2018-05-11,4412.75,4378.16
2018-05-14,4392.51,4411.61
2018-05-15,4422.99,4437.56
2018-05-16,4421.92,4407.71
2018-05-17,4409.87,4375.56
2018-05-18,4371.6,4413.02
2018-05-21,4438.72,4444.16
2018-05-22,4440.53,4438.04
2018-05-23,4428.36,4379.22
2018-05-24,4378.15,4351.08
2018-05-25,4346.27,4328.47
2018-05-28,4327.66,4342.1
2018-05-29,4332.87,4311.62
2018-05-30,4255.39,4221.14
2018-05-31,4251.24,4306.37
2018-06-01,4290.98,4261.63
2018-06-04,4277.52,4295.53
2018-06-05,4300.14,4350.32
2018-06-06,4345.34,4344.91
2018-06-07,4355.34,4327.98
2018-06-08,4317.1,4275.72
2018-06-11,4265.89,4268.49
2018-06-12,4272.38,4321.65
2018-06-13,4308.44,4275.79
2018-06-14,4260.3,4254.72
2018-06-15,4244.83,4216.15
2018-06-19,4155.71,4049.23
2018-06-20,4027.51,4068.74
2018-06-21,4067.5,4011.63
2018-06-22,3982.88,4034.53
2018-06-25,4054.21,3985.48
2018-06-26,3942.35,3969.48
2018-06-27,3964.71,3895.95
2018-06-28,3872.42,3851.18
2018-06-29,3861.93,3960.31
2018-07-02,3954.15,3856.47
2018-07-03,3858.68,3864.9
2018-07-04,3851.37,3809.17
2018-07-05,3810.94,3773.21
2018-07-06,3777.99,3800.93
2018-07-09,3816.09,3905.25
2018-07-10,3911.48,3915.32
2018-07-11,3838.56,3847.46
2018-07-12,3844.48,3937.65
2018-07-13,3944.18,3952.9
2018-07-16,3948.6,3934.94
2018-07-17,3929.91,3916.23
2018-07-18,3923.0,3893.19
2018-07-19,3905.12,3884.77
2018-07-20,3882.55,3949.51
2018-07-23,3925.98,3984.67
2018-07-24,3989.48,4046.6
2018-07-25,4054.97,4045.91
2018-07-26,4050.32,3997.99
2018-07-27,3994.9,3979.94
2018-07-30,3979.54,3963.71
2018-07-31,3958.72,3963.45
2018-08-01,3980.34,3891.93
2018-08-02,3878.37,3806.53
2018-08-03,3801.21,3740.47
2018-08-06,3735.97,3688.14
2018-08-07,3700.78,3794.67
2018-08-08,3786.78,3732.58
2018-08-09,3720.31,3829.1
2018-08-10,3828.26,3839.66
2018-08-13,3800.25,3834.99
2018-08-14,3829.6,3814.75
2018-08-15,3813.49,3722.25
2018-08-16,3674.87,3694.47
2018-08-17,3727.7,3637.12
2018-08-20,3642.88,3672.3
2018-08-21,3674.81,3737.57
2018-08-22,3739.2,3712.28
2018-08-23,3711.67,3728.5
2018-08-24,3715.62,3728.55
2018-08-27,3744.0,3823.2
2018-08-28,3825.81,3818.33
2018-08-29,3810.76,3798.52
2018-08-30,3797.11,3755.79
2018-08-31,3734.31,3724.89
2018-09-03,3711.62,3718.83
2018-09-04,3720.22,3767.23
2018-09-05,3752.87,3694.84
2018-09-06,3681.42,3658.92
2018-09-07,3670.63,3671.01
2018-09-10,3665.03,3613.8
2018-09-11,3613.08,3609.29
2018-09-12,3601.13,3583.58
2018-09-13,3625.08,3618.49
2018-09-14,3625.8,3615.47
2018-09-17,3596.03,3571.19
2018-09-18,3558.69,3644.51
2018-09-19,3637.14,3690.02
2018-09-20,3692.74,3686.35
2018-09-21,3698.87,3788.59
2018-09-25,3755.12,3764.74
2018-09-26,3773.02,3803.66
2018-09-27,3801.46,3782.46
2018-09-28,3788.99,3819.44
2018-10-08,3736.16,3658.52
2018-10-09,3659.73,3655.71
2018-10-10,3662.33,3647.04
2018-10-11,3528.76,3461.25
2018-10-12,3457.81,3504.69
2018-10-15,3508.32,3455.54
2018-10-16,3457.24,3416.96
2018-10-17,3460.83,3439.76
2018-10-18,3415.43,3353.49
2018-10-19,3320.22,3451.66
2018-10-22,3479.64,3596.86
2018-10-23,3594.02,3501.15
2018-10-24,3487.16,3496.41
2018-10-25,3405.69,3486.12
2018-10-26,3500.68,3469.14
2018-10-29,3451.31,3368.19
2018-10-30,3348.41,3392.1
2018-10-31,3401.12,3447.68
2018-11-01,3482.84,3474.62
2018-11-02,3563.84,3605.88
2018-11-05,3585.87,3581.84
2018-11-06,3572.78,3560.99
2018-11-07,3563.5,3540.88
2018-11-08,3572.35,3528.88
2018-11-09,3507.47,3482.55
2018-11-12,3474.01,3535.43
2018-11-13,3491.62,3575.31
2018-11-14,3570.79,3543.39
2018-11-15,3538.73,3583.72
2018-11-16,3584.55,3596.75
2018-11-19,3597.48,3622.88
2018-11-20,3593.82,3540.89
2018-11-21,3505.36,3550.62
2018-11-22,3557.79,3540.52
2018-11-23,3534.92,3454.24
2018-11-26,3459.34,3453.3
2018-11-27,3467.08,3453.65
2018-11-28,3454.67,3496.06
2018-11-29,3517.61,3448.54
2018-11-30,3446.6,3484.06
2018-12-03,3578.16,3587.6
2018-12-04,3582.38,3598.84
2018-12-05,3548.47,3581.48
2018-12-06,3546.7,3503.33
2018-12-07,3510.5,3502.27
2018-12-10,3471.39,3464.65
2018-12-11,3469.4,3480.83
2018-12-12,3503.27,3490.33
2018-12-13,3498.23,3542.15
2018-12-14,3529.54,3477.65
2018-12-17,3468.48,3470.8
2018-12-18,3448.55,3441.64
2018-12-19,3446.75,3397.07
2018-12-20,3388.31,3375.3
2018-12-21,3363.11,3340.7
2018-12-24,3327.43,3357.02
2018-12-25,3321.93,3333.18
2018-12-26,3328.2,3316.33
2018-12-27,3361.79,3296.11
2018-12-28,3300.8,3310.24
2019-01-02,3318.33,3267.28
2019-01-03,3260.52,3255.28
2019-01-04,3227.88,3324.34
2019-01-07,3344.79,3355.19
2019-01-08,3348.9,3347.41
2019-01-09,3365.83,3378.78
2019-01-10,3378.99,3377.43
2019-01-11,3386.03,3402.61
2019-01-14,3399.74,3371.66
2019-01-15,3374.1,3435.98
2019-01-16,3435.07,3435.91
2019-01-17,3438.84,3414.47
2019-01-18,3427.79,3474.29
2019-01-21,3477.92,3498.12
2019-01-22,3476.41,3447.57
2019-01-23,3439.59,3447.59
2019-01-24,3453.1,3468.48
2019-01-25,3474.61,3490.33
2019-01-28,3509.83,3488.27
2019-01-29,3482.24,3490.84
2019-01-30,3476.97,3458.77
2019-01-31,3471.65,3484.53
2019-02-01,3506.67,3544.12
2019-02-11,3539.06,3618.57
2019-02-12,3618.07,3646.12
2019-02-13,3654.49,3715.81
2019-02-14,3712.46,3722.99
2019-02-15,3711.96,3663.51
2019-02-18,3692.15,3781.06
2019-02-19,3792.13,3776.16
2019-02-20,3786.33,3786.16
2019-02-21,3784.4,3774.87
2019-02-22,3768.36,3849.76
2019-02-25,3905.13,4067.33
2019-02-26,4070.23,4030.27
2019-02-27,4027.91,4016.12
2019-02-28,4016.07,4020.42
2019-03-01,4052.1,4099.0
2019-03-04,4139.17,4153.94
2019-03-05,4147.41,4199.28
2019-03-06,4211.21,4233.98
2019-03-07,4222.84,4194.64
2019-03-08,4105.06,4049.87
2019-03-11,4066.62,4149.38
2019-03-12,4180.11,4191.22
2019-03-13,4195.72,4133.83
2019-03-14,4116.7,4096.25
2019-03-15,4115.1,4144.27
2019-03-18,4155.85,4259.36
2019-03-19,4265.34,4249.41
2019-03-20,4241.31,4241.17
2019-03-21,4247.52,4250.9
2019-03-22,4254.76,4255.27
2019-03-25,4190.84,4168.52
2019-03-26,4193.24,4108.1
2019-03-27,4134.58,4152.04
2019-03-28,4139.67,4131.18
2019-03-29,4142.14,4279.36
2019-04-01,4314.04,4405.31
2019-04-02,4423.5,4407.49
2019-04-03,4383.21,4455.16
2019-04-04,4475.19,4498.04
2019-04-08,4537.09,4490.0
2019-04-09,4492.95,4503.29
2019-04-10,4486.15,4517.48
2019-04-11,4516.97,4418.1
2019-04-12,4406.63,4407.88
2019-04-15,4478.87,4390.18
2019-04-16,4370.24,4506.64
2019-04-17,4503.01,4519.05
2019-04-18,4516.26,4498.89
2019-04-19,4501.61,4551.49
2019-04-22,4556.38,4460.83
2019-04-23,4455.86,4437.01
2019-04-24,4452.11,4460.98
2019-04-25,4440.69,4346.91
2019-04-26,4324.26,4289.47
2019-04-29,4297.44,4285.82
2019-04-30,4269.1,4299.75
2019-05-06,4145.61,4034.59
2019-05-07,4055.22,4071.02
2019-05-08,3987.63,4015.66
2019-05-09,3984.14,3948.02
2019-05-10,3995.85,4096.13
2019-05-13,4038.45,4030.3
2019-05-14,3987.09,4002.54
2019-05-15,4035.07,4096.28
2019-05-16,4089.3,4114.51
2019-05-17,4116.14,4006.51
2019-05-20,3996.28,3975.28
2019-05-21,3976.61,4031.69
2019-05-22,4025.85,4012.76
2019-05-23,3991.85,3932.05
2019-05-24,3930.15,3932.98
2019-05-27,3932.57,3991.42
2019-05-28,3990.94,4025.7
2019-05-29,3996.28,4021.64
2019-05-30,4004.84,3996.93
2019-05-31,3995.12,3982.53
2019-06-03,3995.73,3978.16
2019-06-04,3977.55,3937.43
2019-06-05,3970.47,3931.87
2019-06-06,3935.17,3886.06
2019-06-10,3901.94,3940.44
2019-06-11,3948.01,4064.28
2019-06-12,4050.68,4034.28
2019-06-13,4032.25,4032.24
2019-06-14,4036.9,3991.9
2019-06-17,3990.15,3989.13
2019-06-18,3995.55,4004.23
2019-06-19,4099.52,4058.68
2019-06-20,4061.53,4171.96
2019-06-21,4182.37,4189.05
2019-06-24,4192.52,4197.14
2019-06-25,4193.63,4151.02
2019-06-26,4130.87,4149.94
2019-06-27,4163.88,4194.99
2019-06-28,4190.89,4177.17
2019-07-01,4258.25,4304.32
2019-07-02,4299.22,4305.17
2019-07-03,4295.77,4254.6
2019-07-04,4258.87,4232.71
2019-07-05,4236.12,4256.97
2019-07-08,4238.56,4147.92
2019-07-09,4143.79,4138.72
2019-07-10,4156.57,4130.45
2019-07-11,4154.67,4131.45
2019-07-12,4130.98,4155.5
2019-07-15,4138.48,4178.49
2019-07-16,4173.12,4159.62
2019-07-17,4152.8,4155.47
2019-07-18,4141.02,4108.18
2019-07-19,4127.18,4143.87
2019-07-22,4149.88,4109.87
2019-07-23,4112.37,4126.07
2019-07-24,4141.4,4163.26
2019-07-25,4164.74,4195.38
2019-07-26,4179.51,4205.26
2019-07-29,4205.45,4202.52
2019-07-30,4209.89,4218.81
2019-07-31,4206.69,4184.72
2019-08-01,4166.46,4154.93
2019-08-02,4071.81,4096.2
2019-08-05,4071.55,4022.51
2019-08-06,3948.85,3968.76
2019-08-07,3989.87,3951.87
2019-08-08,3978.64,4003.24
2019-08-09,4022.84,3964.72
2019-08-12,3979.02,4036.19
2019-08-13,4009.89,4002.58
2019-08-14,4053.71,4026.5
2019-08-15,3953.49,4043.21
2019-08-16,4046.02,4062.02
2019-08-19,4091.5,4154.22
2019-08-20,4152.37,4152.43
2019-08-21,4142.87,4149.38
2019-08-22,4162.36,4163.49
2019-08-23,4167.07,4190.78
2019-08-26,4118.81,4132.89
2019-08-27,4159.51,4189.86
2019-08-28,4190.96,4174.98
2019-08-29,4178.75,4168.3
2019-08-30,4196.19,4174.19
2019-09-02,4180.16,4238.81
2019-09-03,4244.12,4248.03
2019-09-04,4241.39,4280.14
2019-09-05,4304.74,4318.54
2019-09-06,4340.59,4345.31
2019-09-09,4379.3,4386.39
2019-09-10,4391.53,4367.54
2019-09-11,4377.27,4329.69
2019-09-12,4346.41,4372.0
2019-09-16,4383.18,4364.12
2019-09-17,4352.73,4286.15
2019-09-18,4298.1,4302.39
2019-09-19,4317.31,4324.17
2019-09-20,4336.2,4338.75
2019-09-23,4328.81,4293.42
2019-09-24,4298.57,4311.23
2019-09-25,4295.94,4270.12
2019-09-26,4284.34,4221.48
2019-09-27,4223.86,4238.26
2019-09-30,4228.52,4194.3
2019-10-08,4199.26,4211.32
2019-10-09,4194.94,4215.4
2019-10-10,4212.12,4258.35
2019-10-11,4269.64,4290.54
2019-10-14,4326.92,4338.28
2019-10-15,4336.15,4310.48
2019-10-16,4311.69,4294.31
2019-10-17,4301.25,4300.51
2019-10-18,4310.48,4242.41
2019-10-21,4238.99,4245.42
2019-10-22,4261.08,4267.64
2019-10-23,4264.81,4238.53
2019-10-24,4243.83,4232.79
2019-10-25,4231.94,4259.79
2019-10-28,4279.5,4308.24
2019-10-29,4311.27,4286.05
2019-10-30,4277.69,4261.9
2019-10-31,4277.2,4254.44
2019-11-01,4251.62,4323.53
2019-11-04,4337.75,4355.98
2019-11-05,4360.74,4380.42
2019-11-06,4383.8,4360.04
2019-11-07,4359.49,4370.7
2019-11-08,4398.79,4355.0
2019-11-11,4327.92,4273.38
2019-11-12,4276.46,4271.49
2019-11-13,4272.8,4275.13
2019-11-14,4280.85,4286.83
2019-11-15,4289.16,4255.58
2019-11-18,4253.44,4288.43
2019-11-19,4284.91,4341.52
2019-11-20,4335.64,4303.92
2019-11-21,4289.39,4283.91
2019-11-22,4289.74,4235.19
2019-11-25,4236.45,4258.63
2019-11-26,4273.78,4269.14
2019-11-27,4262.25,4259.8
2019-11-28,4260.89,4245.42
2019-11-29,4239.02,4210.6
2019-12-02,4214.25,4213.74
2019-12-03,4206.01,4230.78
2019-12-04,4218.63,4233.04
2019-12-05,4247.64,4270.32
2019-12-06,4276.25,4297.81
2019-12-09,4306.18,4290.48
2019-12-10,4280.65,4304.71
2019-12-11,4309.28,4300.37
2019-12-12,4306.22,4289.57
2019-12-13,4329.32,4366.57
2019-12-16,4372.06,4399.73
2019-12-17,4401.47,4453.17
2019-12-18,4452.37,4442.1
2019-12-19,4444.87,4439.91
2019-12-20,4444.86,4414.53
2019-12-23,4408.15,4359.06
2019-12-24,4365.01,4400.62
2019-12-25,4397.01,4406.82
2019-12-26,4408.41,4438.23
2019-12-27,4443.57,4428.96
2019-12-30,4422.18,4485.41
2019-12-31,4481.32,4501.89
2020-01-02,4524.72,4571.48
2020-01-03,4582.75,4568.62
2020-01-06,4546.28,4564.16
2020-01-07,4572.55,4604.04
2020-01-08,4583.53,4554.89
2020-01-09,4589.86,4616.93
2020-01-10,4628.44,4614.16
2020-01-13,4620.05,4664.77
2020-01-14,4679.01,4650.24
2020-01-15,4644.83,4631.12
2020-01-16,4640.67,4617.91
2020-01-17,4632.14,4621.53
2020-01-20,4639.85,4668.43
2020-01-21,4648.67,4594.17
2020-01-22,4570.73,4623.69
2020-01-23,4580.35,4478.96
2020-02-03,4078.42,4132.44
2020-02-04,4087.76,4251.51
2020-02-05,4276.99,4316.92
2020-02-06,4327.26,4414.65
2020-02-07,4397.57,4423.36
2020-02-10,4401.1,4445.85
2020-02-11,4455.17,4470.36
2020-02-12,4460.8,4523.97
2020-02-13,4522.8,4492.56
2020-02-14,4487.37,4508.89
2020-02-17,4519.94,4617.7
2020-02-18,4615.3,4619.01
2020-02-19,4612.18,4599.99
2020-02-20,4615.25,4697.73
2020-02-21,4689.73,4721.95
2020-02-24,4708.08,4723.18
2020-02-25,4641.61,4722.04
2020-02-26,4657.89,4636.17
2020-02-27,4653.29,4651.52
2020-02-28,4526.69,4464.31
2020-03-02,4504.15,4610.67
2020-03-03,4682.0,4644.19
2020-03-04,4625.68,4655.95
2020-03-05,4704.87,4747.11
2020-03-06,4692.15,4685.28
2020-03-09,4598.39,4505.87
2020-03-10,4476.55,4615.49
2020-03-11,4628.82,4552.76
2020-03-12,4490.06,4464.02
2020-03-13,4255.7,4408.27
2020-03-16,4416.45,4212.21
2020-03-17,4232.3,4201.4
2020-03-18,4228.34,4124.13
2020-03-19,4113.76,4084.85
2020-03-20,4133.1,4153.49
2020-03-23,4027.35,4002.32
2020-03-24,4081.59,4104.12
2020-03-25,4202.52,4214.95
2020-03-26,4181.21,4183.42
2020-03-27,4239.83,4186.07
2020-03-30,4125.35,4129.11
2020-03-31,4168.22,4142.13
2020-04-01,4138.29,4131.48
2020-04-02,4111.37,4213.28
2020-04-03,4200.71,4185.84
2020-04-07,4264.62,4292.3
2020-04-08,4268.61,4279.02
2020-04-09,4301.23,4299.62
2020-04-10,4301.71,4255.32
2020-04-13,4232.65,4230.63
2020-04-14,4259.69,4318.7
2020-04-15,4316.73,4290.35
2020-04-16,4267.77,4307.37
2020-04-17,4343.7,4348.1
2020-04-20,4356.22,4374.67
2020-04-21,4357.82,4326.24
2020-04-22,4300.77,4361.69
2020-04-23,4377.65,4346.14
2020-04-24,4339.93,4301.29
2020-04-27,4312.41,4322.08
2020-04-28,4332.58,4340.13
2020-04-29,4324.52,4354.04
2020-04-30,4373.92,4420.99
2020-05-06,4374.07,4467.84
2020-05-07,4470.33,4455.39
2020-05-08,4477.07,4499.55
2020-05-11,4517.01,4496.08
2020-05-12,4496.2,4505.2
2020-05-13,4489.86,4517.11
2020-05-14,4498.65,4471.89
2020-05-15,4490.96,4464.98
2020-05-18,4470.33,4464.68
2020-05-19,4509.59,4514.59
2020-05-20,4516.83,4487.41
2020-05-21,4505.82,4455.34
2020-05-22,4448.08,4352.63
2020-05-25,4356.02,4353.58
2020-05-26,4378.66,4417.79
2020-05-27,4420.37,4380.41
2020-05-28,4382.04,4383.29
2020-05-29,4365.14,4403.38
2020-06-01,4440.58,4527.8
2020-06-02,4531.65,4536.74
2020-06-03,4554.79,4538.9
2020-06-04,4554.41,4540.25
2020-06-05,4546.62,4563.91
2020-06-08,4589.96,4579.0
2020-06-09,4585.78,4609.26
2020-06-10,4610.64,4608.8
2020-06-11,4602.76,4570.37
2020-06-12,4491.56,4578.72
2020-06-15,4558.35,4528.09
2020-06-16,4575.89,4607.55
2020-06-17,4614.06,4615.95
2020-06-18,4607.73,4637.77
2020-06-19,4642.03,4695.52
2020-06-22,4696.14,4695.88
2020-06-23,4694.33,4722.54
2020-06-24,4731.11,4738.67
2020-06-29,4724.1,4708.42
2020-06-30,4732.79,4770.21
2020-07-01,4785.29,4835.92
2020-07-02,4828.39,4911.84
2020-07-03,4927.67,4987.84
2020-07-06,5026.97,5232.28
2020-07-07,5305.38,5298.14
2020-07-08,5299.34,5383.17
2020-07-09,5385.39,5479.56
2020-07-10,5439.38,5406.72
2020-07-13,5407.05,5548.96
2020-07-14,5530.55,5488.31
2020-07-15,5502.09,5406.62
2020-07-16,5405.9,5137.61
2020-07-17,5147.57,5180.16
2020-07-20,5243.72,5333.05
2020-07-21,5352.4,5356.68
2020-07-22,5348.68,5389.18
2020-07-23,5340.8,5394.06
2020-07-24,5356.59,5143.91
2020-07-27,5174.41,5170.21
2020-07-28,5216.85,5214.28
2020-07-29,5204.61,5347.07
2020-07-30,5363.29,5321.45
2020-07-31,5318.59,5372.54
2020-08-03,5417.01,5473.66
2020-08-04,5483.19,5460.43
2020-08-05,5453.89,5478.6
2020-08-06,5481.88,5456.16
2020-08-07,5439.43,5398.3
2020-08-10,5370.68,5408.44
2020-08-11,5414.42,5347.46
2020-08-12,5333.09,5299.25
2020-08-13,5322.53,5286.89
2020-08-14,5278.64,5357.81
2020-08-17,5377.86,5465.05
2020-08-18,5468.91,5470.71
2020-08-19,5462.87,5373.74
2020-08-20,5337.32,5312.22
2020-08-21,5354.97,5355.43
2020-08-24,5388.05,5408.4
2020-08-25,5421.99,5408.28
2020-08-26,5409.36,5337.07
2020-08-27,5353.66,5375.69
2020-08-28,5371.79,5488.53
2020-08-31,5520.69,5461.87
2020-09-01,5449.82,5497.32
2020-09-02,5516.17,5505.74
2020-09-03,5503.94,5469.79
2020-09-04,5376.96,5421.34
2020-09-07,5414.05,5307.01
2020-09-08,5323.44,5336.6
2020-09-09,5268.0,5199.37
2020-09-10,5249.68,5173.56
2020-09-11,5160.6,5237.35
2020-09-14,5269.29,5277.35
2020-09-15,5278.36,5323.0
2020-09-16,5316.24,5282.26
2020-09-17,5267.22,5267.81
2020-09-18,5273.4,5367.5
2020-09-21,5378.31,5321.31
2020-09-22,5280.08,5253.9
2020-09-23,5261.94,5281.51
2020-09-24,5245.57,5168.3
2020-09-25,5191.98,5168.06
2020-09-28,5184.79,5167.09
2020-09-29,5196.23,5194.42
2020-09-30,5212.61,5195.33
2020-10-09,5290.33,5324.93
2020-10-12,5357.82,5486.06
2020-10-13,5478.97,5504.18
2020-10-14,5495.72,5471.94
2020-10-15,5476.35,5453.18
2020-10-16,5452.89,5435.46
2020-10-19,5473.12,5394.39
2020-10-20,5392.6,5449.03
2020-10-21,5457.08,5424.73
2020-10-22,5408.69,5401.81
2020-10-23,5402.2,5326.09
2020-10-26,5292.94,5321.13
2020-10-27,5307.72,5330.24
2020-10-28,5331.78,5374.1
2020-10-29,5311.06,5409.42
2020-10-30,5419.26,5326.33
2020-11-02,5336.6,5367.02
2020-11-03,5392.93,5433.06
2020-11-04,5438.22,5471.58
2020-11-05,5526.66,5557.56
2020-11-06,5573.7,5546.89
2020-11-09,5586.27,5659.17
2020-11-10,5671.27,5620.69
2020-11-11,5603.28,5548.95
2020-11-12,5568.58,5562.48
2020-11-13,5543.72,5522.1
2020-11-16,5547.08,5572.11
2020-11-17,5571.38,5541.17
2020-11-18,5535.63,5532.72
2020-11-19,5521.89,5566.21
2020-11-20,5567.85,5598.92
2020-11-23,5616.15,5661.67
2020-11-24,5657.65,5636.44
2020-11-25,5653.44,5554.24
2020-11-26,5552.34,5554.53
2020-11-27,5565.68,5603.62
2020-11-30,5614.32,5582.73
2020-12-01,5585.51,5696.53
2020-12-02,5703.61,5694.8
2020-12-03,5693.86,5683.71
2020-12-04,5677.88,5709.03
2020-12-07,5712.26,5673.18
2020-12-08,5681.31,5665.39
2020-12-09,5678.38,5586.11
2020-12-10,5572.77,5588.71
2020-12-11,5609.52,5524.98
2020-12-14,5537.91,5578.26
2020-12-15,5576.25,5602.61
2020-12-16,5615.66,5610.84
2020-12-17,5617.39,5676.68
2020-12-18,5676.71,5662.23
2020-12-21,5663.71,5741.24
2020-12-22,5725.52,5643.71
2020-12-23,5656.34,5696.6
2020-12-24,5695.98,5675.97
2020-12-25,5659.74,5728.04
2020-12-28,5731.71,5739.37
2020-12-29,5745.19,5710.8
2020-12-30,5711.27,5804.12
2020-12-31,5814.86,5910.32
2021-01-04,5917.31,6008.25
2021-01-05,5981.41,6104.18
2021-01-06,6125.57,6152.6
2021-01-07,6159.41,6250.9
2021-01-08,6268.62,6244.36
2021-01-11,6254.27,6183.55
2021-01-12,6160.57,6342.78
2021-01-13,6357.15,6316.86
2021-01-14,6288.34,6200.97
2021-01-15,6199.84,6193.47
2021-01-18,6171.17,6271.03
2021-01-19,6276.29,6172.69
2021-01-20,6180.97,6236.96
2021-01-21,6256.51,6338.65
2021-01-22,6335.68,6367.4
2021-01-25,6363.06,6417.91
2021-01-26,6386.64,6279.3
2021-01-27,6277.3,6300.5
2021-01-28,6207.39,6118.35
2021-01-29,6163.02,6078.87
2021-02-01,6083.29,6155.65
2021-02-02,6170.53,6250.85
2021-02-03,6255.77,6228.09
2021-02-04,6198.16,6213.22
2021-02-05,6238.31,6192.76
2021-02-08,6218.28,6305.53
2021-02-09,6330.98,6444.83
2021-02-10,6473.68,6577.13
2021-02-18,6712.15,6545.17
2021-02-19,6506.6,6558.11
2021-02-22,6570.9,6373.41
2021-02-23,6314.29,6350.44
2021-02-24,6364.36,6188.31
2021-02-25,6259.28,6208.01
2021-02-26,6062.05,6059.9
2021-03-01,6122.91,6175.4
2021-03-02,6216.91,6100.19
2021-03-03,6077.24,6208.99
2021-03-04,6138.32,6015.65
2021-03-05,5912.72,5988.56
2021-03-08,6032.27,5780.11
2021-03-09,5761.83,5655.17
2021-03-10,5747.46,5688.28
2021-03-11,5711.23,5833.9
2021-03-12,5866.63,5852.4
2021-03-15,5819.98,5728.33
2021-03-16,5749.22,5775.38
2021-03-17,5755.79,5803.25
2021-03-18,5819.61,5852.63
2021-03-19,5763.52,5699.52
2021-03-22,5703.01,5754.95
2021-03-23,5754.82,5686.2
2021-03-24,5657.76,5586.29
2021-03-25,5558.1,5592.3
2021-03-26,5621.77,5725.55
2021-03-29,5744.18,5734.19
2021-03-30,5728.72,5791.66
2021-03-31,5784.17,5747.41
2021-04-01,5760.86,5823.45
2021-04-02,5842.03,5874.1
2021-04-06,5893.14,5852.78
2021-04-07,5859.58,5819.23
2021-04-08,5792.94,5828.24
2021-04-09,5818.46,5747.94
2021-04-12,5740.91,5644.62
2021-04-13,5645.59,5637.59
2021-04-14,5648.99,5701.81
2021-04-15,5687.16,5666.88
2021-04-16,5685.85,5689.23
2021-04-19,5689.35,5832.82
2021-04-20,5808.78,5825.43
2021-04-21,5789.27,5832.46
2021-04-22,5853.3,5830.75
2021-04-23,5830.25,5889.83
2021-04-26,5916.36,5830.56
2021-04-27,5827.71,5842.14
2021-04-28,5824.66,5879.91
2021-04-29,5891.77,5922.54
2021-04-30,5915.74,5897.59
2021-05-06,5875.18,5833.79
2021-05-07,5851.46,5755.95
2021-05-10,5768.02,5764.59
2021-05-11,5720.75,5779.37
2021-05-12,5758.76,5807.62
2021-05-13,5744.8,5736.59
2021-05-14,5754.04,5853.31
2021-05-17,5864.05,5947.21
2021-05-18,5953.46,5950.54
2021-05-19,5933.6,5941.54
2021-05-20,5930.14,5941.72
2021-05-21,5959.89,5895.27
2021-05-24,5898.2,5919.95
2021-05-25,5931.89,6087.65
2021-05-26,6095.66,6088.82
2021-05-27,6082.58,6120.46
2021-05-28,6125.56,6109.53
2021-05-31,6113.09,6139.47
2021-06-01,6125.62,6154.66
2021-06-02,6164.42,6094.16
2021-06-03,6092.05,6053.73
2021-06-04,6025.42,6089.26
2021-06-07,6093.32,6081.27
2021-06-08,6081.44,6041.09
2021-06-09,6034.83,6056.56
2021-06-10,6056.99,6119.88
2021-06-11,6129.86,6083.1
2021-06-15,6080.3,6013.55
2021-06-16,6008.23,5889.21
2021-06-17,5882.81,5929.28
2021-06-18,5935.17,5945.65
2021-06-21,5931.03,5949.45
2021-06-22,5966.66,5982.76
2021-06-23,5990.12,6029.77
2021-06-24,6041.46,6024.87
2021-06-25,6029.13,6114.66
2021-06-28,6129.55,6144.37
2021-06-29,6149.94,6084.5
2021-06-30,6084.55,6135.48
2021-07-01,6153.55,6125.53
2021-07-02,6076.84,5961.76
2021-07-05,5958.12,5977.81
2021-07-06,5986.28,5968.6
2021-07-07,5932.23,6053.03
2021-07-08,6065.11,6013.08
2021-07-09,5983.81,6005.15
2021-07-12,6053.68,6108.0
2021-07-13,6098.83,6113.5
2021-07-14,6097.6,6039.68
2021-07-15,6025.16,6113.21
2021-07-16,6100.54,6037.06
2021-07-19,6029.99,6054.57
2021-07-20,6010.4,6055.58
2021-07-21,6076.54,6120.05
2021-07-22,6131.62,6136.11
2021-07-23,6132.6,6059.25
2021-07-26,6035.1,5887.64
2021-07-27,5890.34,5680.9
2021-07-28,5633.31,5690.38
2021-07-29,5802.13,5832.18
2021-07-30,5810.88,5800.26
2021-08-02,5785.91,5927.99
2021-08-03,5903.61,5910.1
2021-08-04,5900.55,5991.38
2021-08-05,5955.53,5955.47
2021-08-06,5957.11,5928.87
2021-08-09,5887.81,5968.36
2021-08-10,5959.26,6020.19
2021-08-11,6015.23,5998.51
2021-08-12,5976.91,5958.76
2021-08-13,5932.88,5926.74
2021-08-16,5911.72,5899.81
2021-08-17,5897.38,5766.36
2021-08-18,5771.4,5814.07
2021-08-19,5806.35,5799.53
2021-08-20,5747.22,5695.0
2021-08-23,5710.48,5796.37
2021-08-24,5805.53,5856.87
2021-08-25,5864.97,5886.59
2021-08-26,5886.63,5782.72
2021-08-27,5772.15,5818.03
2021-08-30,5845.13,5820.95
2021-08-31,5811.12,5802.57
2021-09-01,5805.26,5832.35
2021-09-02,5827.38,5838.75
2021-09-03,5837.91,5802.26
2021-09-06,5805.26,5915.32
2021-09-07,5915.45,5984.95
2021-09-08,5980.93,5964.34
2021-09-09,5948.16,5973.65
2021-09-10,5964.58,6012.27
2021-09-13,6007.28,5993.7
2021-09-14,5988.56,5931.63
2021-09-15,5914.64,5883.49
2021-09-16,5885.92,5792.72
2021-09-17,5775.86,5827.77
2021-09-22,5732.6,5806.3
2021-09-23,5845.35,5839.59
2021-09-24,5829.5,5822.87
2021-09-27,5852.03,5828.92
2021-09-28,5815.32,5826.69
2021-09-29,5778.85,5746.27
2021-09-30,5761.69,5812.6
2021-10-08,5878.44,5869.22
2021-10-11,5881.09,5866.91
2021-10-12,5851.08,5788.12
2021-10-13,5786.17,5860.55
2021-10-14,5855.22,5846.66
2021-10-15,5829.95,5886.57
2021-10-18,5882.07,5846.77
2021-10-19,5845.57,5892.99
2021-10-20,5893.13,5883.56
2021-10-21,5887.73,5898.22
2021-10-22,5907.79,5920.21
2021-10-25,5904.15,5952.66
2021-10-26,5970.57,5932.27
2021-10-27,5916.79,5870.53
2021-10-28,5855.25,5819.06
2021-10-29,5820.97,5894.05
2021-11-01,5860.23,5877.44
2021-11-02,5874.14,5824.05
2021-11-03,5817.27,5800.75
2021-11-04,5826.11,5861.45
2021-11-05,5849.52,5823.74
2021-11-08,5824.62,5839.17
2021-11-09,5854.73,5852.7
2021-11-10,5830.95,5813.94
2021-11-11,5807.85,5896.63
2021-11-12,5902.56,5888.68
2021-11-15,5897.14,5866.55
2021-11-16,5864.01,5855.15
2021-11-17,5860.48,5877.41
2021-11-18,5862.93,5825.67
2021-11-19,5821.31,5890.79
2021-11-22,5901.92,5946.76
2021-11-23,5938.26,5939.5
2021-11-24,5941.17,5937.12
2021-11-25,5935.78,5917.67
2021-11-26,5904.64,5881.7
2021-11-29,5829.89,5887.94
2021-11-30,5900.18,5873.97
2021-12-01,5871.14,5878.75
2021-12-02,5871.64,5882.73
2021-12-03,5885.51,5934.43
2021-12-06,5935.09,5901.36
2021-12-07,5943.72,5908.07
2021-12-08,5925.56,6000.39
2021-12-09,6005.08,6076.18
2021-12-10,6037.99,6059.84
2021-12-13,6096.29,6100.57
2021-12-14,6082.31,6061.81
2021-12-15,6047.19,6015.09
2021-12-16,6018.48,6056.57
2021-12-17,6042.29,5963.42
2021-12-20,5940.97,5866.87
2021-12-21,5862.1,5913.35
2021-12-22,5928.25,5927.96
2021-12-23,5938.49,5964.54
2021-12-24,5970.81,5921.26
2021-12-27,5914.68,5911.33
2021-12-28,5917.78,5950.72
2021-12-29,5951.22,5873.8
2021-12-30,5872.6,5921.15
2021-12-31,5937.72,5946.59
2022-01-04,5969.93,5918.18
2022-01-05,5905.27,5843.02
2022-01-06,5812.24,5793.98
2022-01-07,5801.03,5789.44
2022-01-10,5778.05,5815.68
2022-01-11,5812.12,5756.27
2022-01-12,5784.31,5819.56
2022-01-13,5830.48,5721.89
2022-01-14,5694.65,5688.78
2022-01-17,5692.6,5748.23
2022-01-18,5748.63,5795.1
2022-01-19,5796.07,5750.42
2022-01-20,5748.88,5775.12
2022-01-21,5757.41,5717.54
2022-01-24,5687.41,5727.52
2022-01-25,5698.13,5584.99
2022-01-26,5607.95,5620.96
2022-01-27,5616.28,5497.25
2022-01-28,5530.45,5435.23
2022-02-07,5527.46,5523.91
2022-02-08,5516.39,5504.02
2022-02-09,5503.98,5565.43
2022-02-10,5571.57,5552.24
2022-02-11,5525.45,5495.93
2022-02-14,5467.99,5443.93
2022-02-15,5447.48,5506.28
2022-02-16,5529.99,5527.48
2022-02-17,5525.26,5541.82
2022-02-18,5511.49,5573.07
2022-02-21,5569.58,5559.14
2022-02-22,5521.66,5490.21
2022-02-23,5498.93,5563.02
2022-02-24,5527.33,5453.18
2022-02-25,5496.6,5505.8
2022-02-28,5497.66,5523.09
2022-03-01,5541.15,5559.84
2022-03-02,5530.76,5512.81
2022-03-03,5533.75,5477.91
2022-03-04,5430.68,5405.51
2022-03-07,5370.14,5236.45
2022-03-08,5245.12,5122.25
2022-03-09,5139.48,5074.85
2022-03-10,5193.89,5160.58
2022-03-11,5086.66,5175.83
2022-03-14,5108.13,5019.8
2022-03-15,4963.5,4778.88
2022-03-16,4866.6,4980.24
2022-03-17,5078.06,5084.8
2022-03-18,5062.86,5121.25
2022-03-21,5139.5,5119.37
2022-03-22,5112.81,5116.69
2022-03-23,5134.11,5143.95
2022-03-24,5113.69,5110.49
2022-03-25,5108.51,5019.0
2022-03-28,4966.65,4992.3
2022-03-29,5001.66,4970.51
2022-03-30,5002.25,5107.48
2022-03-31,5086.47,5061.53
2022-04-01,5032.63,5117.28
2022-04-06,5099.62,5099.74
2022-04-07,5070.96,5031.06
2022-04-08,5034.97,5052.46
2022-04-11,5021.66,4887.54
2022-04-12,4890.1,4975.75
2022-04-13,4945.91,4923.65
2022-04-14,4961.16,4985.5
2022-04-15,4951.67,4968.77
2022-04-18,4929.16,4953.2
2022-04-19,4949.86,4925.82
2022-04-20,4921.81,4838.8
2022-04-21,4813.57,4729.12
2022-04-22,4696.38,4741.82
2022-04-25,4649.61,4484.45
2022-04-26,4492.28,4436.91
2022-04-27,4406.44,4591.57
2022-04-28,4575.23,4615.85
2022-04-29,4639.16,4745.73
2022-05-05,4723.36,4749.48
2022-05-06,4646.23,4630.76
2022-05-09,4602.98,4603.14
2022-05-10,4533.55,4655.1
2022-05-11,4654.35,4724.33
2022-05-12,4692.56,4706.89
2022-05-13,4736.42,4743.89
2022-05-16,4778.44,4715.22
2022-05-17,4721.16,4774.9
2022-05-18,4783.86,4758.58
2022-05-19,4691.62,4775.09
2022-05-20,4799.69,4866.11
2022-05-23,4872.32,4846.71
2022-05-24,4844.53,4718.35
2022-05-25,4718.8,4752.59
2022-05-26,4759.17,4773.4
2022-05-27,4807.95,4781.58
2022-05-30,4805.6,4821.24
2022-05-31,4824.48,4895.1
2022-06-01,4888.08,4892.27
2022-06-02,4870.31,4910.26
2022-06-06,4913.78,5007.95
2022-06-07,5008.01,5014.86
2022-06-08,5023.95,5059.96
2022-06-09,5049.38,4997.56
2022-06-10,4960.53,5077.12
2022-06-13,5026.63,5032.02
2022-06-14,4975.18,5057.46
2022-06-15,5062.54,5103.63
2022-06-16,5108.53,5085.32
2022-06-17,5049.24,5158.75
2022-06-20,5175.68,5183.93
2022-06-21,5180.12,5167.81
2022-06-22,5175.26,5096.67
2022-06-23,5106.84,5191.96
2022-06-24,5205.14,5258.23
2022-06-27,5283.26,5315.96
2022-06-28,5316.09,5381.16
2022-06-29,5362.12,5288.53
2022-06-30,5287.62,5364.32
2022-07-01,5367.45,5348.78
2022-07-04,5329.06,5391.5
2022-07-05,5403.37,5388.13
2022-07-06,5370.88,5308.38
2022-07-07,5309.13,5337.58
2022-07-08,5369.23,5312.67
2022-07-11,5286.26,5215.34
2022-07-12,5212.01,5159.01
2022-07-13,5160.16,5173.34
2022-07-14,5160.56,5186.02
2022-07-15,5161.16,5101.8
2022-07-18,5117.63,5160.73
2022-07-19,5157.83,5140.25
2022-07-20,5166.61,5164.83
2022-07-21,5150.01,5107.79
2022-07-22,5125.06,5101.26
2022-07-25,5098.29,5065.65
2022-07-26,5073.89,5109.57
2022-07-27,5098.63,5093.77
2022-07-28,5116.25,5097.12
2022-07-29,5099.91,5034.18
2022-08-01,5023.36,5064.4
2022-08-02,5010.6,4958.26
2022-08-03,4967.06,4912.54
2022-08-04,4940.6,4951.83
2022-08-05,4962.58,5026.27
2022-08-08,5011.28,5026.75
2022-08-09,5021.26,5040.32
2022-08-10,5032.03,4990.32
2022-08-11,5014.71,5084.1
2022-08-12,5074.45,5076.57
2022-08-15,5064.05,5079.98
2022-08-16,5084.6,5074.68
2022-08-17,5080.44,5112.8
2022-08-18,5099.7,5073.07
2022-08-19,5068.19,5029.82
2022-08-22,5012.72,5080.28
2022-08-23,5072.8,5057.93
2022-08-24,5067.01,4944.17
2022-08-25,4957.87,4978.94
2022-08-26,4991.6,4962.93
2022-08-29,4904.6,4944.53
2022-08-30,4942.83,4922.82
2022-08-31,4899.39,4900.1
2022-09-01,4886.61,4858.92
2022-09-02,4871.84,4843.38
2022-09-05,4829.25,4836.13
2022-09-06,4847.78,4890.41
2022-09-07,4866.14,4900.86
2022-09-08,4904.29,4875.09
2022-09-09,4889.58,4939.15
2022-09-13,4961.67,4955.98
2022-09-14,4889.87,4902.15
2022-09-15,4921.19,4837.22
2022-09-16,4819.89,4727.19
2022-09-19,4721.28,4715.27
2022-09-20,4738.52,4728.67
2022-09-21,4713.99,4699.39
2022-09-22,4664.27,4662.82
2022-09-23,4657.36,4634.59
2022-09-26,4600.74,4604.36
2022-09-27,4614.11,4673.07
2022-09-28,4658.35,4579.78
2022-09-29,4624.93,4583.42
2022-09-30,4588.31,4547.41
2022-10-10,4549.98,4445.62
2022-10-11,4458.75,4460.14
2022-10-12,4454.85,4536.16
2022-10-13,4502.04,4505.74
2022-10-14,4541.85,4616.75
2022-10-17,4593.29,4629.34
2022-10-18,4651.97,4623.59
2022-10-19,4611.2,4555.65
2022-10-20,4520.22,4524.66
2022-10-21,4520.07,4507.88
2022-10-24,4494.27,4393.9
2022-10-25,4377.99,4385.73
2022-10-26,4391.37,4431.15
2022-10-27,4443.88,4403.55
2022-10-28,4371.76,4282.57
2022-10-31,4239.22,4254.26
2022-11-01,4266.0,4398.88
2022-11-02,4384.73,4452.05
2022-11-03,4412.14,4424.78
2022-11-04,4424.46,4565.41
2022-11-07,4556.13,4575.78
2022-11-08,4574.42,4550.81
2022-11-09,4554.6,4512.03
2022-11-10,4476.82,4471.7
2022-11-11,4594.2,4582.53
2022-11-14,4613.33,4580.57
2022-11-15,4574.11,4667.11
2022-11-16,4663.92,4631.86
2022-11-17,4616.67,4614.68
2022-11-18,4619.31,4593.21
2022-11-21,4555.35,4565.35
2022-11-22,4560.92,4555.25
2022-11-23,4544.37,4559.08
2022-11-24,4578.11,4542.31
2022-11-25,4534.28,4551.89
2022-11-28,4466.11,4506.96
2022-11-29,4543.76,4631.24
2022-11-30,4618.41,4638.82
2022-12-01,4713.03,4688.25
2022-12-02,4677.99,4660.69
2022-12-05,4700.26,4737.68
2022-12-06,4717.96,4759.91
2022-12-07,4746.14,4750.2
2022-12-08,4743.75,4745.62
2022-12-09,4748.94,4788.88
2022-12-12,4765.61,4742.43
2022-12-13,4741.8,4722.22
2022-12-14,4730.21,4724.62
2022-12-15,4723.43,4729.55
2022-12-16,4702.94,4719.39
2022-12-19,4714.98,4645.73
2022-12-20,4630.68,4573.33
2022-12-21,4583.33,4566.63
2022-12-22,4598.51,4558.78
2022-12-23,4530.77,4547.99
2022-12-26,4549.63,4582.58
2022-12-27,4600.48,4629.31
2022-12-28,4614.0,4607.09
2022-12-29,4587.68,4592.26
2022-12-30,4612.46,4605.18
2023-01-03,4599.46,4642.81
2023-01-04,4640.34,4642.45
2023-01-05,4663.47,4728.51
2023-01-06,4728.53,4746.14
2023-01-09,4766.44,4779.08
2023-01-10,4781.82,4787.71
2023-01-11,4790.0,4776.91
2023-01-12,4790.81,4785.03
2023-01-13,4801.99,4840.45
2023-01-16,4844.41,4912.45
2023-01-17,4914.69,4913.72
2023-01-18,4919.29,4912.39
2023-01-19,4907.59,4945.76
2023-01-20,4958.06,4982.74
2023-01-30,5083.97,5011.25
2023-01-31,5007.47,4969.58
2023-02-01,4984.93,5018.3
2023-02-02,5029.54,5006.98
2023-02-03,4985.82,4966.35
2023-02-06,4924.18,4906.49
2023-02-07,4917.9,4916.94
2023-02-08,4923.08,4892.09
2023-02-09,4880.74,4960.12
2023-02-10,4952.85,4931.58
2023-02-13,4923.82,4977.02
2023-02-14,4985.94,4978.38
2023-02-15,4980.18,4956.92
2023-02-16,4957.31,4909.83
2023-02-17,4902.73,4840.36
2023-02-20,4844.23,4953.71
2023-02-21,4951.78,4970.09
2023-02-22,4939.76,4929.67
2023-02-23,4929.24,4922.76
2023-02-24,4921.26,4878.25
2023-02-27,4853.89,4856.07
2023-02-28,4873.08,4886.28
2023-03-01,4885.19,4952.18
2023-03-02,4944.55,4940.32
2023-03-03,4947.84,4951.67
2023-03-06,4952.57,4932.75
2023-03-07,4925.8,4855.38
2023-03-08,4834.63,4845.87
2023-03-09,4848.78,4830.83
2023-03-10,4797.47,4766.49
2023-03-13,4759.19,4810.08
2023-03-14,4800.38,4776.44
2023-03-15,4806.66,4779.42
2023-03-16,4744.21,4716.27
2023-03-17,4752.77,4743.62
2023-03-20,4749.04,4722.61
2023-03-21,4732.63,4781.26
2023-03-22,4794.51,4806.47
2023-03-23,4788.99,4850.07
2023-03-24,4847.52,4841.55
2023-03-27,4838.01,4830.88
2023-03-28,4833.26,4805.37
2023-03-29,4819.84,4811.51
2023-03-30,4813.51,4845.72
2023-03-31,4851.86,4868.38
2023-04-03,4878.99,4924.86
2023-04-04,4923.06,4930.73
2023-04-06,4905.27,4928.78
2023-04-07,4929.52,4963.72
2023-04-10,4973.04,4935.5
2023-04-11,4936.48,4933.52
2023-04-12,4935.3,4939.48
2023-04-13,4923.15,4900.55
2023-04-14,4912.95,4933.36
2023-04-17,4927.11,4984.76
2023-04-18,4972.55,4995.86
2023-04-19,4991.87,4955.11
2023-04-20,4951.22,4943.7
2023-04-21,4943.39,4836.78
2023-04-24,4835.36,4782.88
2023-04-25,4782.18,4737.78
2023-04-26,4721.05,4741.32
2023-04-27,4726.09,4763.83
2023-04-28,4764.54,4819.14
2023-05-04,4799.37,4808.14
2023-05-05,4806.19,4777.25
2023-05-08,4790.29,4825.64
2023-05-09,4825.8,4776.09
2023-05-10,4765.19,4756.12
2023-05-11,4766.34,4747.68
2023-05-12,4741.75,4681.51
2023-05-15,4683.5,4753.98
2023-05-16,4758.34,4724.9
2023-05-17,4716.79,4711.7
2023-05-18,4718.68,4710.22
2023-05-19,4698.65,4699.29
2023-05-22,4697.34,4723.37
2023-05-23,4722.13,4661.3
2023-05-24,4649.15,4607.17
2023-05-25,4599.77,4595.79
2023-05-26,4592.29,4599.61
2023-05-29,4614.42,4579.03
2023-05-30,4570.26,4592.77
2023-05-31,4579.49,4548.86
2023-06-01,4535.46,4562.89
2023-06-02,4579.73,4629.38
2023-06-05,4627.55,4612.11
2023-06-06,4607.37,4559.01
2023-06-07,4565.42,4537.26
2023-06-08,4536.78,4558.22
2023-06-09,4561.61,4587.19
2023-06-12,4575.89,4599.42
2023-06-13,4590.9,4624.15
2023-06-14,4631.82,4625.96
2023-06-15,4635.26,4696.73
2023-06-16,4703.02,4746.53
2023-06-19,4740.66,4716.63
2023-06-20,4709.8,4714.91
2023-06-21,4696.26,4630.25
2023-06-26,4593.15,4561.29
2023-06-27,4564.15,4606.02
2023-06-28,4595.88,4595.32
2023-06-29,4589.98,4578.56
2023-06-30,4570.0,4608.5
2023-07-03,4621.21,4656.92
2023-07-04,4653.52,4666.45
2023-07-05,4661.67,4631.48
2023-07-06,4619.7,4602.78
2023-07-07,4589.94,4575.24
2023-07-10,4593.41,4599.23
2023-07-11,4609.53,4630.23
2023-07-12,4624.99,4592.52
2023-07-13,4607.48,4656.57
2023-07-14,4664.82,4655.08
2023-07-17,4635.74,4620.03
2023-07-18,4624.83,4605.96
2023-07-19,4600.2,4598.64
2023-07-20,4605.35,4560.56
2023-07-21,4552.15,4555.17
2023-07-24,4535.35,4536.15
2023-07-25,4601.83,4654.94
2023-07-26,4649.2,4641.92
2023-07-27,4649.05,4629.15
2023-07-28,4614.6,4716.89
2023-07-31,4743.75,4748.8
2023-08-01,4745.61,4737.65
2023-08-02,4725.28,4707.98
2023-08-03,4694.17,4736.3
2023-08-04,4764.37,4756.87
2023-08-07,4741.5,4723.63
2023-08-08,4714.08,4708.65
2023-08-09,4694.7,4687.99
2023-08-10,4682.23,4694.57
2023-08-11,4698.84,4592.6
2023-08-14,4544.53,4568.65
2023-08-15,4572.4,4545.51
2023-08-16,4528.24,4504.92
2023-08-17,4484.56,4525.9
2023-08-18,4525.97,4461.03
2023-08-21,4449.2,4403.24
2023-08-22,4424.68,4435.35
2023-08-23,4427.82,4356.41
2023-08-24,4374.38,4387.0
2023-08-25,4362.41,4355.35
2023-08-28,4587.18,4404.9
2023-08-29,4394.74,4468.55
2023-08-30,4485.42,4475.71
2023-08-31,4473.88,4450.74
2023-09-01,4464.1,4475.65
2023-09-04,4501.14,4545.56
2023-09-05,4535.26,4513.36
2023-09-06,4498.18,4505.96
2023-09-07,4495.13,4436.19
2023-09-08,4422.37,4416.74
2023-09-11,4419.2,4452.49
2023-09-12,4449.41,4445.43
2023-09-13,4442.3,4411.32
2023-09-14,4410.58,4403.42
2023-09-15,4412.74,4377.13
2023-09-18,4365.42,4398.78
2023-09-19,4393.58,4383.56
2023-09-20,4377.07,4362.47
2023-09-21,4352.98,4325.59
2023-09-22,4325.04,4406.91
2023-09-25,4406.69,4378.57
2023-09-26,4375.12,4353.02
2023-09-27,4353.42,4367.35
2023-09-28,4380.41,4362.85
2023-10-09,4351.95,4355.8
2023-10-10,4368.35,4327.52
2023-10-11,4346.23,4340.32
2023-10-12,4371.5,4378.92
2023-10-13,4351.6,4335.21
2023-10-16,4336.64,4289.1
2023-10-17,4297.04,4299.81
2023-10-18,4289.45,4257.6
2023-10-19,4231.27,4173.82
2023-10-20,4156.19,4142.97
2023-10-23,4132.38,4089.34
2023-10-24,4101.11,4108.2
2023-10-25,4147.92,4126.73
2023-10-26,4103.56,4138.42
2023-10-27,4123.35,4202.45
2023-10-30,4193.1,4237.01
2023-10-31,4234.42,4219.44
2023-11-01,4251.37,4215.81
2023-11-02,4225.52,4192.18
2023-11-03,4197.22,4232.31
2023-11-06,4257.82,4294.11
2023-11-07,4283.43,4283.8
2023-11-08,4272.59,4277.98
2023-11-09,4269.1,4276.23
2023-11-10,4257.35,4247.06
2023-11-13,4258.44,4250.08
2023-11-14,4251.33,4253.3
2023-11-15,4295.45,4283.7
2023-11-16,4274.51,4239.67
2023-11-17,4227.29,4241.08
2023-11-20,4243.8,4254.29
2023-11-21,4267.37,4253.42
2023-11-22,4238.76,4203.63
2023-11-23,4198.95,4228.8
2023-11-24,4228.01,4194.91
2023-11-27,4189.97,4170.41
2023-11-28,4168.27,4181.67
2023-11-29,4181.08,4148.03
2023-11-30,4143.88,4150.27
2023-12-01,4147.75,4144.43
2023-12-04,4143.87,4121.32
2023-12-05,4108.8,4040.31
2023-12-06,4032.08,4051.59
2023-12-07,4045.23,4041.1
2023-12-08,4043.04,4054.91
2023-12-11,4029.16,4082.77
2023-12-12,4073.11,4089.46
2023-12-13,4079.68,4023.5
2023-12-14,4045.2,4003.95
2023-12-15,4019.57,3990.26
2023-12-18,3975.82,3965.11
2023-12-19,3960.74,3970.67
2023-12-20,3972.17,3925.36
2023-12-21,3909.94,3965.9
2023-12-22,3964.16,3965.49
2023-12-25,3957.86,3977.71
2023-12-26,3975.82,3948.56
2023-12-27,3951.31,3959.05
2023-12-28,3956.9,4054.18
2023-12-29,4049.43,4079.4
2024-01-02,4075.19,4030.38
2024-01-03,4021.54,4018.73
2024-01-04,4014.23,3979.08
2024-01-05,3972.12,3946.39
2024-01-08,3938.92,3888.8
2024-01-09,3891.36,3898.32
2024-01-10,3885.82,3878.46
2024-01-11,3876.11,3910.39
2024-01-12,3897.71,3894.86
2024-01-15,3878.4,3889.0
2024-01-16,3880.05,3902.64
2024-01-17,3891.44,3810.06
2024-01-18,3790.75,3858.23
2024-01-19,3843.96,3846.48
2024-01-22,3837.82,3758.49
2024-01-23,3747.46,3784.04
2024-01-24,3800.6,3831.15
2024-01-25,3828.64,3916.82
2024-01-26,3898.31,3895.91
2024-01-29,3897.04,3846.1
2024-01-30,3823.13,3772.67
2024-01-31,3755.19,3720.82
2024-02-01,3704.23,3721.23
2024-02-02,3724.34,3663.77
2024-02-05,3643.05,3663.41
2024-02-06,3641.68,3825.41
2024-02-07,3829.72,3902.19
2024-02-08,3913.36,3934.25
2024-02-19,3977.84,3976.73
2024-02-20,3962.66,3978.07
2024-02-21,3952.44,4021.93
2024-02-22,4015.26,4056.43
2024-02-23,4063.41,4064.84
2024-02-26,4061.71,4034.64
2024-02-27,4018.3,4094.55
2024-02-28,4100.27,4026.96
2024-02-29,4010.72,4118.96
2024-03-01,4118.51,4147.92
2024-03-04,4151.15,4156.22
2024-03-05,4135.3,4170.82
2024-03-06,4157.82,4158.08
2024-03-07,4155.57,4124.08
2024-03-08,4125.13,4152.9
2024-03-11,4153.05,4212.5
2024-03-12,4217.75,4221.12
2024-03-13,4219.94,4200.65
2024-03-14,4201.69,4189.25
2024-03-15,4179.5,4207.05
2024-03-18,4218.0,4250.22
2024-03-19,4238.6,4217.7
2024-03-20,4207.41,4229.9
2024-03-21,4240.68,4219.38
2024-03-22,4207.53,4176.06
2024-03-25,4166.91,4142.67
2024-03-26,4142.27,4157.11
2024-03-27,4152.11,4093.02
2024-03-28,4089.34,4127.86
2024-03-29,4124.6,4154.54
2024-04-01,4172.24,4231.91
2024-04-02,4228.03,4214.18
2024-04-03,4211.6,4200.94
2024-04-08,4186.06,4158.94
2024-04-09,4154.99,4164.4
2024-04-10,4158.02,4125.57
2024-04-11,4100.18,4128.58
2024-04-12,4130.67,4099.5
2024-04-15,4094.97,4173.03
2024-04-16,4152.72,4107.54
2024-04-17,4110.4,4185.72
2024-04-18,4166.67,4186.64
2024-04-19,4164.72,4156.64
2024-04-22,4146.97,4136.7
2024-04-23,4128.27,4101.91
2024-04-24,4109.15,4128.71
2024-04-25,4113.85,4135.89
2024-04-26,4134.19,4204.26
2024-04-29,4204.85,4260.22
2024-04-30,4254.6,4232.69
2024-05-06,4289.71,4301.89
2024-05-07,4301.92,4304.15
2024-05-08,4293.86,4261.39
2024-05-09,4262.29,4311.92
2024-05-10,4317.68,4305.79
2024-05-13,4280.39,4293.77
2024-05-14,4299.03,4285.8
2024-05-15,4277.51,4251.0
2024-05-16,4263.55,4260.77
2024-05-17,4258.81,4307.94
2024-05-20,4313.03,4326.88
2024-05-21,4316.79,4302.33
2024-05-22,4299.72,4307.33
2024-05-23,4291.61,4248.86
2024-05-24,4235.86,4202.59
2024-05-27,4209.41,4243.43
2024-05-28,4239.46,4209.6
2024-05-29,4208.23,4218.6
2024-05-30,4211.13,4197.96
2024-05-31,4202.9,4182.71
2024-06-03,4180.01,4189.86
2024-06-04,4182.84,4228.1
2024-06-05,4219.22,4199.37
2024-06-06,4209.46,4189.64
2024-06-07,4194.34,4167.53
2024-06-11,4143.6,4140.49
2024-06-12,4134.95,4145.07
2024-06-13,4148.59,4120.63
2024-06-14,4108.41,4134.26
2024-06-17,4113.48,4132.53
2024-06-18,4129.74,4146.0
2024-06-19,4144.97,4120.39
2024-06-20,4115.75,4080.57
2024-06-21,4072.12,4074.68
2024-06-24,4048.54,4040.09
2024-06-25,4037.86,4015.32
2024-06-26,4008.99,4052.84
2024-06-27,4036.54,4009.55
2024-06-28,3997.22,4023.33
2024-07-01,4020.46,4046.46
2024-07-02,4040.41,4029.67
2024-07-03,4029.17,4017.39
2024-07-04,4024.16,3991.19
2024-07-05,3988.15,3985.52
2024-07-08,3974.21,3945.64
2024-07-09,3938.93,3997.4
2024-07-10,3982.84,3985.72
2024-07-11,4016.19,4043.58
2024-07-12,4035.04,4046.25
2024-07-15,4033.05,4039.64
2024-07-16,4029.37,4064.56
2024-07-17,4059.98,4057.22
2024-07-18,4033.52,4079.29
2024-07-19,4054.97,4094.49
2024-07-22,4093.43,4073.01
2024-07-23,4068.31,3975.66
2024-07-24,3967.09,3946.05
2024-07-25,3927.99,3925.35
2024-07-26,3930.96,3948.59
2024-07-29,3945.81,3924.42
2024-07-30,3912.63,3901.81
2024-07-31,3895.13,3997.47
2024-08-01,4000.96,3970.35
2024-08-02,3939.36,3926.47
2024-08-05,3898.67,3869.26
2024-08-06,3900.91,3879.57
2024-08-07,3874.5,3877.82
2024-08-08,3866.57,3876.53
2024-08-09,3895.67,3861.37
2024-08-12,3857.79,3854.76
2024-08-13,3856.81,3864.83
2024-08-14,3863.29,3830.21
2024-08-15,3821.18,3866.78
2024-08-16,3868.6,3867.01
2024-08-19,3865.5,3878.35
2024-08-20,3883.6,3844.69
2024-08-21,3833.41,3834.75
2024-08-22,3836.03,3818.68
2024-08-23,3809.99,3833.19
2024-08-26,3838.45,3832.7
2024-08-27,3822.64,3807.54
2024-08-28,3800.78,3790.86
2024-08-29,3775.32,3795.78
2024-08-30,3792.01,3851.87
2024-09-02,3836.59,3780.44
2024-09-03,3776.67,3800.66
2024-09-04,3775.87,3777.34
2024-09-05,3778.46,3785.99
2024-09-06,3787.15,3747.96
2024-09-09,3729.23,3706.38
2024-09-10,3707.25,3710.91
2024-09-11,3700.19,3709.2
2024-09-12,3713.55,3691.62
2024-09-13,3693.98,3671.06
2024-09-18,3672.16,3685.02
2024-09-19,3694.7,3716.39
2024-09-20,3712.62,3717.17
2024-09-23,3716.39,3725.78
2024-09-24,3761.02,3885.17
2024-09-25,3941.61,3937.37
2024-09-26,3934.95,4103.82
2024-09-27,4184.84,4298.56
2024-09-30,4468.09,4684.89
2024-10-08,5207.26,4981.3
2024-10-09,4874.78,4630.94
2024-10-10,4653.03,4661.03
2024-10-11,4626.32,4516.47
2024-10-14,4544.02,4609.55
2024-10-15,4589.99,4495.57
2024-10-16,4435.37,4464.92
2024-10-17,4493.66,4418.55
2024-10-18,4410.63,4581.32
2024-10-21,4614.82,4614.35
2024-10-22,4605.48,4644.92
2024-10-23,4638.2,4664.25
2024-10-24,4637.76,4610.74
2024-10-25,4614.29,4655.91
2024-10-28,4653.78,4674.82
2024-10-29,4684.82,4628.61
2024-10-30,4607.54,4603.98
2024-10-31,4605.79,4614.79
2024-11-01,4605.01,4597.45
2024-11-04,4601.77,4665.2
2024-11-05,4658.9,4789.76
2024-11-06,4799.07,4775.62
2024-11-07,4730.62,4893.31
2024-11-08,4945.49,4860.88
2024-11-11,4825.69,4913.93
2024-11-12,4919.65,4862.39
2024-11-13,4832.59,4883.98
2024-11-14,4870.79,4779.67
2024-11-15,4761.36,4687.89
2024-11-18,4703.52,4648.17
2024-11-19,4651.31,4692.88
2024-11-20,4680.87,4715.84
2024-11-21,4704.81,4716.76
2024-11-22,4708.37,4566.55
2024-11-25,4577.14,4544.75
2024-11-26,4532.19,4524.87
2024-11-27,4509.84,4608.38
2024-11-28,4607.31,4565.13
2024-11-29,4560.63,4620.27
2024-12-02,4615.63,4669.07
2024-12-03,4670.11,4666.91
2024-12-04,4663.31,4635.88
2024-12-05,4618.0,4631.03
2024-12-06,4634.75,4694.33
2024-12-09,4693.41,4682.52
2024-12-10,4829.76,4715.94
2024-12-11,4705.85,4717.18
2024-12-12,4715.81,4759.41
2024-12-13,4727.31,4649.95
2024-12-16,4647.3,4617.17
2024-12-17,4611.39,4616.95
2024-12-18,4631.34,4643.69
2024-12-19,4605.11,4653.51
2024-12-20,4643.56,4639.21
2024-12-23,4639.14,4626.14
2024-12-24,4628.76,4682.22
2024-12-25,4686.92,4673.14
2024-12-26,4668.98,4684.84
2024-12-27,4686.82,4678.68
2024-12-30,4673.47,4693.23
2024-12-31,4690.98,4608.94
2025-01-02,4604.75,4473.66
2025-01-03,4478.69,4411.04
2025-01-06,4411.58,4402.91
2025-01-07,4395.18,4440.99
2025-01-08,4422.52,4428.28
2025-01-09,4416.29,4424.24
2025-01-10,4422.17,4365.54
2025-01-13,4331.32,4358.2
2025-01-14,4365.85,4484.09
2025-01-15,4473.02,4452.02
2025-01-16,4471.47,4458.96
2025-01-17,4443.74,4476.98
2025-01-20,4504.53,4499.54
2025-01-21,4523.87,4507.06
2025-01-22,4493.62,4466.66
2025-01-23,4504.55,4463.97
2025-01-24,4452.77,4504.01
2025-01-27,4509.72,4478.66
2025-02-05,4517.17,4468.24
2025-02-06,4462.06,4540.92
2025-02-07,4542.96,4606.19
2025-02-10,4616.93,4627.01
2025-02-11,4631.23,4603.14
2025-02-12,4592.66,4652.67
2025-02-13,4646.46,4630.56
2025-02-14,4626.83,4675.97
2025-02-17,4695.53,4681.52
2025-02-18,4676.19,4629.25
2025-02-19,4622.44,4674.28
2025-02-20,4669.6,4667.88
2025-02-21,4679.27,4734.86
2025-02-24,4728.67,4725.35
2025-02-25,4675.99,4673.99
2025-02-26,4682.26,4712.62
2025-02-27,4715.19,4712.33
2025-02-28,4690.26,4606.36
2025-03-03,4619.52,4611.58
2025-03-04,4582.4,4613.8
2025-03-05,4616.51,4632.25
2025-03-06,4658.8,4704.58
2025-03-07,4691.89,4690.56
2025-03-10,4695.09,4677.52
2025-03-11,4627.47,4692.04
2025-03-12,4702.18,4676.3
2025-03-13,4674.31,4648.53
2025-03-14,4656.84,4755.15
2025-03-17,4772.79,4748.1
2025-03-18,4765.91,4765.55
2025-03-19,4760.18,4758.89
2025-03-20,4759.64,4718.18
2025-03-21,4706.38,4642.74
2025-03-24,4645.2,4661.75
2025-03-25,4664.75,4653.25
2025-03-26,4649.7,4638.73
2025-03-27,4628.29,4652.07
2025-03-28,4649.09,4627.14
2025-03-31,4612.6,4591.71
2025-04-01,4599.36,4596.44
2025-04-02,4592.3,4590.67
2025-04-03,4541.08,4554.25
2025-04-07,4319.46,4199.09
2025-04-08,4204.8,4259.31
2025-04-09,4201.71,4311.84
2025-04-10,4391.88,4376.28
2025-04-11,4366.75,4400.64
2025-04-14,4431.98,4417.52
2025-04-15,4415.16,4412.31
2025-04-16,4408.37,4415.38
2025-04-17,4393.8,4412.42
2025-04-18,4399.41,4413.14
2025-04-21,4409.68,4444.33
2025-04-22,4438.65,4436.51
2025-04-23,4460.99,4444.97
2025-04-24,4446.36,4435.18
2025-04-25,4444.7,4443.17
2025-04-28,4441.32,4432.14
2025-04-29,4425.82,4431.63
2025-04-30,4433.0,4435.81
2025-05-06,4465.59,4494.63
2025-05-07,4555.08,4517.5
2025-05-08,4504.16,4543.64
2025-05-09,4539.06,4526.24
2025-05-12,4551.69,4583.19
2025-05-13,4614.86,4584.7
2025-05-14,4582.27,4626.07
2025-05-15,4616.53,4578.18
2025-05-16,4566.87,4563.02
2025-05-19,4557.92,4552.41
2025-05-20,4558.26,4579.38
2025-05-21,4579.73,4599.67
2025-05-22,4592.66,4585.83
2025-05-23,4581.12,4549.89
2025-05-26,4543.6,4531.73
2025-05-27,4527.78,4504.86
2025-05-28,4508.46,4497.62
2025-05-29,4498.31,4532.18
2025-05-30,4521.59,4503.46
2025-06-03,4493.96,4512.07
2025-06-04,4516.49,4533.83
2025-06-05,4538.17,4549.54
2025-06-06,4549.64,4545.1
2025-06-09,4549.5,4562.77
2025-06-10,4565.93,4536.05
2025-06-11,4541.33,4567.49
2025-06-12,4557.29,4566.6
2025-06-13,4553.37,4532.8
2025-06-16,4520.84,4543.99
2025-06-17,4546.57,4537.18
2025-06-18,4535.65,4540.41
2025-06-19,4534.09,4499.82
2025-06-20,4494.87,4492.54
2025-06-23,4473.55,4509.89
2025-06-24,4516.53,4570.19
2025-06-25,4574.17,4631.27
2025-06-26,4624.61,4614.44
2025-06-27,4622.25,4601.77
2025-06-30,4604.57,4630.45
2025-07-01,4630.7,4636.79
2025-07-02,4634.62,4627.66
2025-07-03,4633.87,4656.91
2025-07-04,4655.6,4662.51
2025-07-07,4655.59,4639.96
2025-07-08,4640.03,4687.58
2025-07-09,4686.97,4676.05
2025-07-10,4678.81,4696.44
2025-07-11,4696.09,4707.08
2025-07-14,4714.65,4709.78
2025-07-15,4714.65,4717.89
2025-07-16,4720.21,4707.35
2025-07-17,4705.23,4749.74
2025-07-18,4756.31,4773.24
2025-07-21,4788.65,4808.62
2025-07-22,4810.45,4849.17
2025-07-23,4858.34,4844.33
2025-07-24,4842.76,4888.72
2025-07-25,4884.99,4871.12
2025-07-28,4875.23,4885.77
2025-07-29,4881.75,4910.19
2025-07-30,4905.01,4899.2
2025-07-31,4889.25,4813.39
2025-08-01,4807.41,4792.42
2025-08-04,4772.53,4814.07
2025-08-05,4826.1,4846.51
2025-08-06,4843.15,4866.34
2025-08-07,4871.93,4864.07
2025-08-08,4856.28,4852.41
2025-08-11,4861.1,4886.84
2025-08-12,4886.75,4907.8
2025-08-13,4914.48,4956.03
2025-08-14,4959.54,4939.05
2025-08-15,4926.29,4985.83
2025-08-18,5006.35,5038.68
2025-08-19,5040.91,5016.82
2025-08-20,4999.36,5075.22
2025-08-21,5087.93,5089.34
2025-08-22,5089.73,5198.91
2025-08-25,5246.93,5311.73
2025-08-26,5293.46,5304.51
2025-08-27,5312.21,5227.98
2025-08-28,5220.86,5327.88
2025-08-29,5324.09,5372.76
2025-09-01,5401.46,5418.52
2025-09-02,5417.21,5358.44
2025-09-03,5373.92,5323.49
2025-09-04,5327.19,5192.02
2025-09-05,5194.33,5333.07
2025-09-08,5347.12,5358.7
2025-09-09,5333.67,5314.41
2025-09-10,5310.82,5325.81
2025-09-11,5317.67,5454.27
2025-09-12,5449.17,5432.21
2025-09-15,5450.6,5448.41
2025-09-16,5459.35,5449.98
2025-09-17,5444.27,5492.41
2025-09-18,5485.65,5433.76
2025-09-19,5434.93,5433.29
2025-09-22,5446.4,5457.29
2025-09-23,5475.48,5446.02
2025-09-24,5416.51,5521.82
2025-09-25,5521.41,5561.13
2025-09-26,5539.67,5497.73
2025-09-29,5507.29,5579.03
2025-09-30,5593.61,5618.71
2025-10-09,5652.56,5708.29
2025-10-10,5670.44,5577.65
2025-10-13,5407.31,5550.3
2025-10-14,5601.32,5451.59
2025-10-15,5459.33,5534.09
2025-10-16,5514.36,5531.79
2025-10-17,5524.29,5392.97
2025-10-20,5449.5,5427.08
2025-10-21,5450.9,5516.48
2025-10-22,5475.94,5494.74
2025-10-23,5476.5,5510.46
2025-10-24,5532.52,5586.35
2025-10-27,5639.11,5658.85
2025-10-28,5635.69,5628.29
2025-10-29,5638.44,5703.99
2025-10-30,5688.99,5653.75
2025-10-31,5644.62,5583.72
2025-11-03,5582.68,5594.41
2025-11-04,5587.56,5535.37
2025-11-05,5458.63,5548.07
2025-11-06,5565.25,5633.52
2025-11-07,5608.88,5622.12
2025-11-10,5640.03,5635.39
2025-11-11,5651.92,5588.23
2025-11-12,5574.22,5574.51
2025-11-13,5574.02,5654.44
2025-11-14,5603.37,5563.5
2025-11-17,5554.86,5540.11
2025-11-18,5525.48,5496.54
2025-11-19,5495.45,5512.38
2025-11-20,5547.67,5475.55
2025-11-21,5404.3,5325.99
2025-11-24,5352.08,5334.31
2025-11-25,5370.12,5392.91
2025-11-26,5392.61,5422.52
2025-11-27,5425.47,5415.93
2025-11-28,5412.0,5440.94
2025-12-01,5461.41,5505.28
2025-12-02,5497.84,5471.19
2025-12-03,5472.5,5440.62
2025-12-04,5444.27,5461.75
2025-12-05,5461.84,5513.75
2025-12-08,5523.82,5561.37
2025-12-09,5546.81,5530.03
2025-12-10,5518.15,5532.59
2025-12-11,5542.22,5486.31
2025-12-12,5495.96,5530.39
2025-12-15,5493.07,5490.12
2025-12-16,5478.72,5414.93
2025-12-17,5418.03,5520.78
2025-12-18,5487.47,5486.26
2025-12-19,5499.08,5516.17
2025-12-22,5543.19,5580.28
2025-12-23,5585.21,5592.43
2025-12-24,5594.94,5622.52
2025-12-25,5614.04,5636.74
2025-12-26,5639.7,5667.82
2025-12-29,5670.95,5640.76
2025-12-30,5611.88,5658.69
2025-12-31,5668.07,5642.82
2026-01-05,5686.6,5763.3
2026-01-06,5768.4,5860.2
2026-01-07,5871.41,5860.25
2026-01-08,5840.52,5830.57
2026-01-09,5821.14,5881.95
2026-01-12,5911.49,5948.7
2026-01-13,5962.15,5901.21
2026-01-14,5911.83,5901.2
2026-01-15,5870.51,5914.56
2026-01-16,5941.32,5889.35
2026-01-19,5871.93,5905.94
2026-01-20,5913.91,5878.74
2026-01-21,5866.46,5904.57
2026-01-22,5925.93,5911.78
2026-01-23,5925.13,5935.11
2026-01-26,5960.47,5925.53
2026-01-27,5915.4,5930.42
2026-01-28,5953.38,5951.1
2026-01-29,5962.43,5968.91
2026-01-30,5923.55,5898.13
2026-02-02,5848.04,5742.49
2026-02-03,5803.74,5852.15
2026-02-04,5838.74,5886.58
2026-02-05,5832.18,5817.6
2026-02-06,5751.53,5792.01
2026-02-09,5868.65,5899.22
2026-02-10,5899.34,5903.47
2026-02-11,5892.52,5896.15
2026-02-12,5904.2,5923.15
2026-02-13,5883.48,5840.73
2026-02-24,5931.03,5910.73
2026-02-25,5920.44,5967.3
2026-02-26,5976.33,5961.51
2026-02-27,5922.25,5965.35
2026-03-02,5923.9,5984.75
2026-03-03,5993.5,5840.58
2026-03-04,5771.3,5784.57
2026-03-05,5859.02,5843.49
2026-03-06,5808.98,5859.12
2026-03-09,5772.39,5804.09
2026-03-10,5850.43,5890.0
2026-03-11,5898.39,5919.99
2026-03-12,5913.8,5888.21
2026-03-13,5861.85,5844.62
2026-03-16,5842.52,5835.28
2026-03-17,5854.51,5767.73
2026-03-18,5784.68,5802.65
2026-03-19,5733.88,5688.63
2026-03-20,5716.89,5659.05
2026-03-23,5567.08,5466.9
2026-03-24,5526.33,5542.36
2026-03-25,5588.74,5633.1
2026-03-26,5619.28,5552.78
2026-03-27,5488.97,5600.34
2026-03-30,5547.18,5594.45
2026-03-31,5591.78,5526.73
2026-04-01,5619.66,5626.33
2026-04-02,5610.27,5550.74
2026-04-03,5570.71,5501.88
2026-04-07,5512.09,5510.74
2026-04-08,5619.19,5728.38
2026-04-09,5683.46,5698.95
2026-04-10,5736.26,5783.05
2026-04-13,5752.34,5792.78
2026-04-14,5834.01,5865.35
2026-04-15,5900.11,5837.45
2026-04-16,5850.92,5914.06
2026-04-17,5902.03,5913.84
2026-04-20,5910.99,5954.83
2026-04-21,5944.04,5959.66
2026-04-22,5933.64,6006.67
2026-04-23,6026.53,5973.41
2026-04-24,5949.59,5952.46
2026-04-27,5956.61,5965.38
2026-04-28,5947.46,5929.56
2026-04-29,5901.44,6013.41
2026-04-30,6026.19,6020.44
2026-05-06,6091.54,6135.86
2026-05-07,6162.67,6183.01
2026-05-08,6143.03,6154.27
2026-05-11,6200.38,6262.31
2026-05-12,6279.93,6249.23
2026-05-13,6209.93,6318.04
2026-05-14,6351.56,6182.97
2026-05-15,6179.61,6105.87
2026-05-18,6076.37,6084.51
2026-05-19,6065.38,6121.09
2026-05-20,6088.76,6130.45
2026-05-21,6176.26,6019.55
2026-05-22,6065.32,6115.18
2026-05-25,6151.38,6211.1
2026-05-26,6182.89,6228.65
2026-05-27,6220.67,6159.17
2026-05-28,6135.34,6169.84
2026-05-29,6195.98,6100.14
2026-06-01,6104.13,6030.69
2026-06-02,6051.24,6111.15
2026-06-03,6121.09,6144.49
2026-06-04,6088.35,6113.49
2026-06-05,6090.4,6009.39
2026-06-08,5848.71,5855.89
2026-06-09,5905.59,5981.78
2026-06-10,5917.14,5902.97
2026-06-11,5877.5,5872.7
2026-06-12,5965.24,5931.65
2026-06-15,6001.76,6099.19
2026-06-16,6107.75,6111.86
2026-06-17,6078.53,6188.1
2026-06-18,6166.62,6219.79
2026-06-22,6235.3,6373.56
2026-06-23,6356.14,6182.57
2026-06-24,6156.58,6247.01
2026-06-25,6257.95,6343.21
2026-06-26,6296.72,6147.45
2026-06-29,6147.92,6222.36
2026-06-30,6209.73,6314.99
2026-07-01,6310.21,6277.78
2026-07-02,6147.43,6076.25
2026-07-03,6076.51,6117.37
2026-07-06,6151.47,6097.12
2026-07-07,6061.02,6023.6
2026-07-08,6038.88,5952.43
2026-07-09,5980.78,6120.87
2026-07-10,6139.9,6005.87
2026-07-13,5953.72,5851.82
2026-07-14,5845.97,5984.37
2026-07-15,5991.99,5943.88
2026-07-16,5843.29,5825.99
2026-07-17,5777.74,5577.7
2026-07-20,5640.16,5622.82
2026-07-21,5662.6,5839.91
2026-07-22,5803.26,5787.92
