date,open,close
2004-01-02,996.996,1011.347
2004-01-05,1008.279,1060.801
2004-01-06,1059.141,1075.656
2004-01-07,1075.562,1086.303
2004-01-08,1087.68,1102.662
2004-01-09,1105.77,1081.785
2004-01-12,1081.807,1116.799
2004-01-13,1120.149,1102.341
2004-01-14,1101.445,1079.72
2004-01-15,1078.533,1073.977
2004-01-16,1076.636,1083.652
2004-01-29,1086.657,1100.604
2004-01-30,1102.17,1067.553
2004-02-02,1107.49,1091.729
2004-02-03,1091.865,1102.954
2004-02-04,1104.74,1128.443
2004-02-05,1135.616,1127.897
2004-02-06,1125.488,1122.084
2004-02-09,1122.285,1134.611
2004-02-10,1137.717,1120.961
2004-02-11,1121.807,1110.061
2004-02-12,1110.835,1094.112
2004-02-13,1094.002,1096.362
2004-02-16,1098.858,1123.748
2004-02-17,1127.098,1123.618
2004-02-18,1123.701,1129.275
2004-02-19,1130.396,1122.38
2004-02-20,1122.93,1124.661
2004-02-23,1126.231,1093.137
2004-02-24,1090.25,1093.102
2004-02-25,1094.431,1070.362
2004-02-26,1068.125,1079.897
2004-02-27,1081.715,1088.725
2004-03-01,1089.653,1094.242
2004-03-02,1096.105,1093.391
2004-03-03,1093.358,1072.639
2004-03-04,1070.9,1078.348
2004-03-05,1080.338,1071.581
2004-03-08,1070.114,1057.102
2004-03-09,1057.358,1061.159
2004-03-10,1062.976,1091.097
2004-03-11,1092.741,1095.564
2004-03-12,1096.348,1099.081
2004-03-15,1100.404,1131.675
2004-03-16,1136.273,1135.571
2004-03-17,1136.453,1135.167
2004-03-18,1134.926,1111.849
2004-03-19,1110.442,1129.775
2004-03-22,1130.868,1134.787
2004-03-23,1133.993,1121.332
2004-03-24,1120.206,1115.512
2004-03-25,1114.748,1115.239
2004-03-26,1115.493,1112.782
2004-03-29,1112.276,1101.659
2004-03-30,1100.799,1101.271
2004-03-31,1102.286,1108.54
2004-04-01,1109.72,1123.435
2004-04-02,1125.361,1127.805
2004-04-05,1128.506,1118.273
2004-04-06,1117.886,1123.856
2004-04-07,1124.251,1117.44
2004-04-08,1117.117,1112.839
2004-04-09,1113.72,1088.157
2004-04-12,1082.449,1080.08
2004-04-13,1081.053,1072.726
2004-04-14,1072.199,1065.682
2004-04-15,1066.18,1055.889
2004-04-16,1056.795,1071.228
2004-04-19,1072.499,1054.738
2004-04-20,1053.437,1052.244
2004-04-21,1053.377,1043.533
2004-04-22,1042.47,1050.757
2004-04-23,1048.233,1034.409
2004-04-26,1034.044,1038.999
2004-04-27,1040.915,1031.217
2004-04-28,1028.458,1029.806
2004-04-29,1028.585,1016.513
2004-04-30,1017.641,1025.954
2004-05-10,1028.457,996.164
2004-05-11,994.055,1003.898
2004-05-12,1004.796,1025.02
2004-05-13,1026.669,1020.998
2004-05-14,1020.902,997.947
2004-05-17,993.14,981.737
2004-05-18,978.299,989.207
2004-05-19,989.866,988.922
2004-05-20,988.989,985.931
2004-05-21,985.928,994.45
2004-05-24,995.075,991.847
2004-05-25,991.774,978.595
2004-05-26,976.523,984.998
2004-05-27,984.581,1003.286
2004-05-28,1003.931,995.637
2004-05-31,995.834,1001.194
2004-06-01,1000.277,1014.174
2004-06-02,1014.309,1001.687
2004-06-03,1000.998,986.446
2004-06-04,985.548,986.225
2004-06-07,984.036,973.22
2004-06-08,971.027,954.77
2004-06-09,952.189,941.304
2004-06-10,939.497,944.254
2004-06-11,947.5,942.862
2004-06-14,941.039,924.594
2004-06-15,922.931,942.679
2004-06-16,943.362,947.163
2004-06-17,946.559,926.036
2004-06-18,922.342,910.187
2004-06-21,904.953,909.046
2004-06-22,908.856,918.798
2004-06-23,918.433,912.853
2004-06-24,911.364,906.417
2004-06-25,904.475,891.79
2004-06-28,887.16,883.755
2004-06-29,885.062,901.048
2004-06-30,900.342,897.707
2004-07-01,896.378,925.001
2004-07-02,924.081,926.617
2004-07-05,925.369,928.666
2004-07-06,928.763,931.883
2004-07-07,930.684,923.864
2004-07-08,922.633,927.035
2004-07-09,927.22,923.202
2004-07-12,919.786,904.553
2004-07-13,902.27,906.966
2004-07-14,907.517,912.191
2004-07-15,912.924,925.678
2004-07-16,927.402,946.178
2004-07-19,946.339,947.424
2004-07-20,945.73,939.225
2004-07-21,937.452,940.508
2004-07-22,940.377,913.138
2004-07-23,910.208,915.043
2004-07-26,910.306,903.751
2004-07-27,902.902,903.321
2004-07-28,904.29,906.054
2004-07-29,905.672,918.792
2004-07-30,919.942,906.265
2004-08-02,901.812,900.018
2004-08-03,898.489,893.301
2004-08-04,893.06,923.019
2004-08-05,919.839,909.077
2004-08-06,908.33,911.555
2004-08-09,909.424,920.755
2004-08-10,921.7,926.537
2004-08-11,926.481,914.606
2004-08-12,909.684,907.827
2004-08-13,901.26,907.001
2004-08-16,905.518,904.008
2004-08-17,903.781,910.86
2004-08-18,910.932,911.846
2004-08-19,911.485,903.316
2004-08-20,900.846,904.827
2004-08-23,903.186,889.658
2004-08-24,887.906,897.767
2004-08-25,897.646,894.368
2004-08-26,893.454,892.098
2004-08-27,891.986,883.704
2004-08-30,880.645,882.046
2004-08-31,896.86,895.783
2004-09-01,894.623,880.542
2004-09-02,878.63,881.567
2004-09-03,882.081,879.417
2004-09-06,878.401,874.691
2004-09-07,874.1,877.773
2004-09-08,877.143,864.59
2004-09-09,862.363,848.455
2004-09-10,846.379,851.969
2004-09-13,850.225,834.104
2004-09-14,838.548,860.097
2004-09-15,862.572,892.769
2004-09-16,899.898,903.403
2004-09-17,905.569,932.315
2004-09-20,939.422,965.109
2004-09-21,967.556,955.001
2004-09-22,951.843,933.101
2004-09-23,931.668,967.323
2004-09-24,975.12,951.091
2004-09-27,964.018,946.137
2004-09-28,948.184,947.773
2004-09-29,948.51,936.462
2004-09-30,936.38,924.355
2004-10-08,922.799,936.008
2004-10-11,936.476,923.217
2004-10-12,920.779,902.718
2004-10-13,901.272,901.97
2004-10-14,902.47,876.818
2004-10-15,873.761,879.718
2004-10-18,880.267,882.663
2004-10-19,885.375,884.929
2004-10-20,884.542,879.385
2004-10-21,879.664,864.307
2004-10-22,864.381,878.74
2004-10-25,886.053,865.653
2004-10-26,864.428,875.855
2004-10-27,876.978,884.85
2004-10-28,885.412,882.912
2004-10-29,867.574,870.79
2004-11-01,869.171,862.827
2004-11-02,861.96,862.246
2004-11-03,864.358,877.53
2004-11-04,877.764,860.814
2004-11-05,864.711,862.261
2004-11-08,860.63,864.34
2004-11-09,864.887,864.565
2004-11-10,867.1,897.765
2004-11-11,900.345,894.112
2004-11-12,893.172,898.166
2004-11-15,900.663,906.985
2004-11-16,908.489,906.734
2004-11-17,906.303,896.105
2004-11-18,894.317,900.816
2004-11-19,902.476,906.991
2004-11-22,907.051,905.841
2004-11-23,905.79,893.285
2004-11-24,893.391,889.118
2004-11-25,889.429,890.777
2004-11-26,890.378,889.083
2004-11-29,887.762,879.258
2004-11-30,878.353,879.308
2004-12-01,880.072,875.397
2004-12-02,874.879,871.125
2004-12-03,870.57,871.558
2004-12-06,872.279,874.998
2004-12-07,875.436,868.292
2004-12-08,874.602,868.904
2004-12-09,869.007,878.716
2004-12-10,877.155,868.427
2004-12-13,864.351,865.762
2004-12-14,865.383,862.056
2004-12-15,862.262,867.604
2004-12-16,867.381,866.998
2004-12-17,865.515,857.251
2004-12-20,853.0,845.678
2004-12-21,847.352,845.382
2004-12-22,848.165,865.077
2004-12-23,865.317,850.7
2004-12-24,848.574,851.775
2004-12-27,851.782,848.194
2004-12-28,849.421,848.63
2004-12-29,847.876,843.781
2004-12-30,842.356,843.529
2004-12-31,846.116,842.728
2005-01-04,836.988,827.071
2005-01-05,825.707,831.428
2005-01-06,831.989,822.499
2005-01-07,822.669,823.616
2005-01-10,823.766,832.986
2005-01-11,833.209,837.861
2005-01-12,837.357,837.244
2005-01-13,836.17,834.221
2005-01-14,834.354,829.042
2005-01-17,821.189,811.554
2005-01-18,811.316,817.309
2005-01-19,816.644,810.989
2005-01-20,807.395,805.081
2005-01-21,803.091,831.847
2005-01-24,847.07,842.414
2005-01-25,839.715,841.64
2005-01-26,840.821,834.669
2005-01-27,831.832,821.705
2005-01-28,819.656,820.689
2005-01-31,817.93,813.753
2005-02-01,812.563,817.872
2005-02-02,819.245,860.504
2005-02-03,856.77,848.486
2005-02-04,847.617,872.884
2005-02-16,877.97,875.46
2005-02-17,876.636,870.085
2005-02-18,869.398,856.212
2005-02-21,856.954,874.021
2005-02-22,874.946,887.07
2005-02-23,886.668,877.914
2005-02-24,875.726,877.345
2005-02-25,878.216,878.503
2005-02-28,878.553,868.886
2005-03-01,868.367,866.258
2005-03-02,866.078,855.879
2005-03-03,854.789,861.688
2005-03-04,862.112,859.489
2005-03-07,859.659,863.704
2005-03-08,867.834,876.344
2005-03-09,878.358,869.403
2005-03-10,869.024,851.531
2005-03-11,850.907,853.898
2005-03-14,853.355,857.614
2005-03-15,857.337,840.955
2005-03-16,839.601,832.823
2005-03-17,833.711,826.683
2005-03-18,826.057,821.028
2005-03-21,820.421,823.129
2005-03-22,822.609,808.104
2005-03-23,806.404,801.981
2005-03-24,800.805,808.18
2005-03-25,807.654,806.425
2005-03-28,805.41,805.556
2005-03-29,805.477,802.739
2005-03-30,800.961,790.58
2005-03-31,788.006,795.667
2005-04-01,794.95,822.91
2005-04-04,814.585,808.591
2005-04-05,806.509,801.885
2005-04-06,800.891,816.879
2005-04-07,819.034,824.609
2005-04-08,824.321,838.056
2005-04-11,838.29,830.908
2005-04-12,828.413,818.467
2005-04-13,826.907,835.628
2005-04-14,840.241,826.005
2005-04-15,822.127,817.094
2005-04-18,814.551,806.389
2005-04-19,805.523,809.361
2005-04-20,808.621,798.517
2005-04-21,796.117,793.445
2005-04-22,792.201,794.819
2005-04-25,792.944,790.749
2005-04-26,789.887,792.303
2005-04-27,790.471,782.432
2005-04-28,779.699,793.878
2005-04-29,793.452,789.732
2005-05-09,790.825,775.321
2005-05-10,772.609,779.099
2005-05-11,778.275,771.586
2005-05-12,770.818,753.875
2005-05-13,752.323,757.304
2005-05-16,754.779,747.871
2005-05-17,745.846,750.711
2005-05-18,751.56,752.662
2005-05-19,752.981,754.785
2005-05-20,754.165,753.071
2005-05-23,749.827,737.741
2005-05-24,734.533,737.35
2005-05-25,737.121,737.538
2005-05-26,737.098,728.697
2005-05-27,726.94,724.522
2005-05-30,723.104,729.067
2005-05-31,729.887,730.997
2005-06-01,730.121,719.025
2005-06-02,716.797,701.373
2005-06-03,699.419,700.434
2005-06-06,699.266,717.213
2005-06-07,718.397,713.62
2005-06-08,729.805,772.134
2005-06-09,774.301,778.577
2005-06-10,777.98,766.663
2005-06-13,762.001,759.917
2005-06-14,761.982,754.548
2005-06-15,752.296,745.216
2005-06-16,745.202,757.392
2005-06-17,761.093,762.178
2005-06-20,764.102,780.291
2005-06-21,779.887,770.295
2005-06-22,768.017,774.15
2005-06-23,773.584,768.331
2005-06-24,766.598,772.319
2005-06-27,776.596,782.382
2005-06-28,779.685,775.634
2005-06-29,782.567,772.02
2005-06-30,770.961,758.717
2005-07-01,756.24,748.046
2005-07-04,744.286,747.086
2005-07-05,743.722,741.205
2005-07-06,742.138,734.768
2005-07-07,733.871,735.554
2005-07-08,733.929,727.556
2005-07-11,734.719,726.905
2005-07-12,724.164,753.06
2005-07-13,751.889,748.55
2005-07-14,746.671,753.639
2005-07-15,752.865,748.519
2005-07-18,746.768,746.921
2005-07-19,745.291,747.485
2005-07-20,747.585,753.546
2005-07-21,753.448,756.981
2005-07-22,761.123,768.724
2005-07-25,767.302,764.647
2005-07-26,764.598,780.753
2005-07-27,781.079,792.489
2005-07-28,792.546,789.853
2005-07-29,788.737,788.632
2005-08-01,788.217,789.996
2005-08-02,790.306,797.348
2005-08-03,798.392,797.744
2005-08-04,796.072,795.145
2005-08-05,798.202,812.329
2005-08-08,814.123,812.722
2005-08-09,811.904,814.611
2005-08-10,814.675,822.164
2005-08-11,822.571,832.238
2005-08-12,833.955,822.329
2005-08-15,832.149,839.512
2005-08-16,840.066,828.229
2005-08-17,828.223,833.838
2005-08-18,841.703,814.291
2005-08-19,813.113,817.685
2005-08-22,819.357,823.083
2005-08-23,823.195,818.053
2005-08-24,818.189,825.453
2005-08-25,825.547,823.576
2005-08-26,823.762,822.197
2005-08-29,821.791,811.312
2005-08-30,809.977,809.063
2005-08-31,809.555,816.755
2005-09-01,817.229,827.9
2005-09-02,829.244,829.463
2005-09-05,829.773,829.341
2005-09-06,829.55,815.753
2005-09-07,815.033,825.118
2005-09-08,826.648,827.116
2005-09-09,827.0,823.639
2005-09-12,824.441,821.978
2005-09-13,821.542,829.92
2005-09-14,831.193,834.013
2005-09-15,834.444,833.509
2005-09-16,833.56,830.621
2005-09-19,831.04,831.569
2005-09-20,832.218,827.266
2005-09-21,827.009,811.135
2005-09-22,808.892,796.939
2005-09-23,796.09,793.163
2005-09-26,793.307,793.73
2005-09-27,793.714,782.235
2005-09-28,781.727,782.998
2005-09-29,784.151,792.251
2005-09-30,792.788,793.652
2005-10-10,792.759,787.748
2005-10-11,787.274,796.071
2005-10-12,796.045,795.324
2005-10-13,795.053,788.361
2005-10-14,788.398,777.492
2005-10-17,776.262,769.321
2005-10-18,769.572,771.448
2005-10-19,771.037,769.682
2005-10-20,768.619,773.676
2005-10-21,773.522,774.058
2005-10-24,774.581,771.154
2005-10-25,771.019,765.029
2005-10-26,763.119,749.125
2005-10-27,747.505,751.261
2005-10-28,751.21,749.964
2005-10-31,749.192,759.239
2005-11-01,758.268,757.053
2005-11-02,757.927,762.938
2005-11-03,763.06,755.777
2005-11-04,755.543,758.924
2005-11-07,758.45,754.201
2005-11-08,753.323,758.322
2005-11-09,758.505,756.171
2005-11-10,756.21,746.352
2005-11-11,745.173,746.45
2005-11-14,746.057,743.345
2005-11-15,743.366,739.234
2005-11-16,739.069,744.138
2005-11-17,743.8,743.799
2005-11-18,743.926,760.566
2005-11-21,758.234,758.555
2005-11-22,758.42,747.307
2005-11-23,746.395,754.156
2005-11-24,753.435,761.662
2005-11-25,761.554,766.678
2005-11-28,765.27,762.905
2005-11-29,761.923,755.293
2005-11-30,754.487,759.633
2005-12-01,759.346,758.936
2005-12-02,758.69,757.021
2005-12-05,756.037,751.353
2005-12-06,750.156,760.202
2005-12-07,760.014,767.543
2005-12-08,767.782,765.555
2005-12-09,765.247,777.031
2005-12-12,776.193,774.709
2005-12-13,774.064,773.589
2005-12-14,773.038,778.494
2005-12-15,778.474,778.233
2005-12-16,777.93,782.04
2005-12-19,781.931,781.804
2005-12-20,781.496,787.234
2005-12-21,787.058,783.984
2005-12-22,783.155,787.388
2005-12-23,788.103,791.441
2005-12-26,791.388,795.559
2005-12-27,796.656,792.155
2005-12-28,792.094,793.54
2005-12-29,793.316,801.899
2005-12-30,804.057,796.396
2006-01-04,801.413,812.597
2006-01-05,815.47,827.836
2006-01-06,828.878,836.895
2006-01-09,837.76,838.292
2006-01-10,837.944,838.563
2006-01-11,837.971,832.276
2006-01-12,830.694,836.579
2006-01-13,838.376,831.136
2006-01-16,830.478,814.891
2006-01-17,813.88,818.355
2006-01-18,818.029,835.15
2006-01-19,835.932,840.591
2006-01-20,840.089,840.376
2006-01-23,840.962,840.128
2006-01-24,841.729,838.46
2006-01-25,838.195,846.989
2006-02-06,849.51,861.07
2006-02-07,861.666,856.669
2006-02-08,856.937,862.575
2006-02-09,862.049,850.802
2006-02-10,850.932,859.97
2006-02-13,862.487,859.598
2006-02-14,859.974,862.648
2006-02-15,865.223,868.021
2006-02-16,869.129,856.05
2006-02-17,855.701,857.994
2006-02-20,858.652,857.973
2006-02-21,857.65,872.565
2006-02-22,873.373,870.097
2006-02-23,870.508,877.654
2006-02-24,878.106,882.777
2006-02-27,893.211,887.616
2006-02-28,886.789,892.904
2006-03-01,893.49,895.626
2006-03-02,890.67,876.621
2006-03-03,876.433,880.371
2006-03-06,880.11,879.33
2006-03-07,879.289,861.865
2006-03-08,860.122,859.32
2006-03-09,856.308,853.381
2006-03-10,853.944,857.143
2006-03-13,857.208,863.677
2006-03-14,864.448,860.874
2006-03-15,860.704,868.324
2006-03-16,868.068,865.722
2006-03-17,865.245,863.267
2006-03-20,863.558,875.126
2006-03-21,875.016,875.232
2006-03-22,875.096,875.823
2006-03-23,875.338,875.108
2006-03-24,874.706,869.439
2006-03-27,869.537,872.557
2006-03-28,872.755,874.773
2006-03-29,879.918,885.291
2006-03-30,885.15,877.781
2006-03-31,876.27,878.366
2006-04-03,879.544,891.556
2006-04-04,892.404,900.84
2006-04-05,901.675,906.301
2006-04-06,907.148,901.647
2006-04-07,901.485,897.312
2006-04-10,898.005,909.281
2006-04-11,909.915,912.391
2006-04-12,912.68,908.948
2006-04-13,908.253,892.133
2006-04-14,889.757,910.633
2006-04-17,915.535,921.21
2006-04-18,924.927,927.478
2006-04-19,932.469,930.833
2006-04-20,931.444,922.05
2006-04-21,921.865,939.873
2006-04-24,949.675,940.902
2006-04-25,938.243,931.323
2006-04-26,930.683,948.207
2006-04-27,949.493,943.343
2006-04-28,939.503,964.446
2006-05-08,968.919,996.235
2006-05-09,999.112,1017.619
2006-05-10,1021.32,1022.999
2006-05-11,1022.245,1012.9
2006-05-12,1015.394,1050.958
2006-05-15,1059.773,1086.001
2006-05-16,1096.241,1079.705
2006-05-17,1079.364,1080.965
2006-05-18,1069.442,1068.202
2006-05-19,1072.164,1096.206
2006-05-22,1096.449,1095.568
2006-05-23,1088.075,1058.991
2006-05-24,1062.889,1055.809
2006-05-25,1056.545,1050.696
2006-05-26,1053.583,1064.128
2006-05-29,1069.881,1090.571
2006-05-30,1098.457,1092.251
2006-05-31,1091.389,1078.863
2006-06-01,1076.787,1106.233
2006-06-02,1110.191,1097.509
2006-06-05,1097.531,1102.904
2006-06-06,1101.538,1100.56
2006-06-07,1102.151,1046.422
2006-06-08,1039.231,1057.083
2006-06-09,1053.367,1031.458
2006-06-12,1024.272,1034.681
2006-06-13,1035.234,1032.618
2006-06-14,1027.189,1022.12
2006-06-15,1022.547,1021.992
2006-06-16,1025.415,1047.332
2006-06-19,1036.968,1056.636
2006-06-20,1055.665,1060.542
2006-06-21,1060.539,1056.501
2006-06-22,1054.238,1057.231
2006-06-23,1056.231,1061.412
2006-06-26,1063.086,1083.046
2006-06-27,1084.826,1081.131
2006-06-28,1080.012,1080.608
2006-06-29,1082.51,1105.048
2006-06-30,1110.566,1102.696
2006-07-03,1108.026,1125.358
2006-07-04,1128.079,1115.169
2006-07-05,1114.561,1092.818
2006-07-06,1091.438,1109.827
2006-07-07,1112.128,1099.06
2006-07-10,1098.769,1098.813
2006-07-11,1100.479,1101.82
2006-07-12,1102.797,1100.592
2006-07-13,1098.449,1051.979
2006-07-14,1043.763,1059.255
2006-07-17,1057.245,1067.531
2006-07-18,1067.423,1064.746
2006-07-19,1063.162,1040.586
2006-07-20,1039.233,1046.987
2006-07-21,1047.447,1056.627
2006-07-24,1044.865,1058.071
2006-07-25,1059.668,1068.106
2006-07-26,1070.261,1069.444
2006-07-27,1068.418,1060.585
2006-07-28,1060.107,1050.639
2006-07-31,1049.695,1020.541
2006-08-01,1018.682,1011.146
2006-08-02,1011.165,1007.596
2006-08-03,1009.502,1008.183
2006-08-04,1009.364,990.834
2006-08-07,984.261,978.085
2006-08-08,977.842,994.537
2006-08-09,996.449,993.658
2006-08-10,993.459,1011.644
2006-08-11,1011.265,1011.639
2006-08-14,1011.974,992.453
2006-08-15,990.542,1007.798
2006-08-16,1008.473,1018.894
2006-08-17,1016.184,1009.311
2006-08-18,1010.719,1008.047
2006-08-21,986.454,1008.31
2006-08-22,1008.164,1018.508
2006-08-23,1017.464,1021.873
2006-08-24,1021.929,1028.243
2006-08-25,1029.722,1028.287
2006-08-28,1030.98,1048.853
2006-08-29,1050.31,1049.64
2006-08-30,1047.561,1048.776
2006-08-31,1049.118,1048.577
2006-09-01,1047.812,1033.739
2006-09-04,1032.636,1046.141
2006-09-05,1048.062,1052.166
2006-09-06,1052.913,1056.264
2006-09-07,1059.121,1045.154
2006-09-08,1045.148,1050.8
2006-09-11,1051.751,1057.853
2006-09-12,1058.313,1066.823
2006-09-13,1068.417,1069.011
2006-09-14,1071.134,1070.108
2006-09-15,1070.392,1094.149
2006-09-18,1098.612,1096.466
2006-09-19,1098.307,1101.956
2006-09-20,1100.27,1098.929
2006-09-21,1098.766,1106.873
2006-09-22,1110.327,1094.179
2006-09-25,1092.407,1091.717
2006-09-26,1090.847,1077.302
2006-09-27,1076.493,1088.749
2006-09-28,1089.621,1101.972
2006-09-29,1103.52,1115.718
2006-10-09,1134.402,1151.433
2006-10-10,1152.148,1152.238
2006-10-11,1151.948,1152.414
2006-10-12,1153.03,1147.229
2006-10-13,1145.828,1149.579
2006-10-16,1150.83,1135.483
2006-10-17,1132.235,1125.442
2006-10-18,1124.725,1146.926
2006-10-19,1148.714,1148.405
2006-10-20,1149.926,1152.313
2006-10-23,1151.39,1132.686
2006-10-24,1132.126,1159.133
2006-10-25,1161.276,1166.248
2006-10-26,1166.176,1178.077
2006-10-27,1178.077,1164.574
2006-10-30,1163.184,1175.796
2006-10-31,1177.983,1193.843
2006-11-01,1194.636,1211.553
2006-11-02,1213.178,1208.272
2006-11-03,1211.446,1219.003
2006-11-06,1210.056,1245.694
2006-11-07,1252.017,1258.646
2006-11-08,1253.474,1241.444
2006-11-09,1234.562,1268.332
2006-11-10,1267.142,1262.529
2006-11-13,1259.1,1245.828
2006-11-14,1246.449,1262.158
2006-11-15,1263.349,1293.253
2006-11-16,1298.629,1299.116
2006-11-17,1292.509,1321.011
2006-11-20,1327.123,1362.451
2006-11-21,1359.357,1376.632
2006-11-22,1372.681,1382.235
2006-11-23,1382.915,1395.678
2006-11-24,1387.991,1385.939
2006-11-27,1378.476,1381.325
2006-11-28,1378.653,1367.515
2006-11-29,1343.019,1382.717
2006-11-30,1386.693,1425.211
2006-12-01,1427.754,1430.363
2006-12-04,1431.039,1486.531
2006-12-05,1490.847,1500.475
2006-12-06,1500.562,1498.312
2006-12-07,1496.741,1507.857
2006-12-08,1486.711,1453.918
2006-12-11,1447.255,1524.965
2006-12-12,1533.973,1544.908
2006-12-13,1548.22,1544.158
2006-12-14,1547.602,1573.478
2006-12-15,1578.796,1597.116
2006-12-18,1602.593,1637.142
2006-12-19,1645.41,1643.141
2006-12-20,1632.663,1643.971
2006-12-21,1643.909,1620.241
2006-12-22,1610.828,1614.238
2006-12-25,1619.569,1665.159
2006-12-26,1666.073,1673.88
2006-12-27,1678.019,1726.433
2006-12-28,1730.797,1737.161
2006-12-29,1751.405,1805.314
2007-01-04,1842.633,1836.136
2007-01-05,1814.702,1815.12
2007-01-08,1813.619,1856.616
2007-01-09,1858.093,1932.277
2007-01-10,1945.296,1963.633
2007-01-11,1964.652,1927.219
2007-01-12,1911.508,1876.143
2007-01-15,1872.078,1963.163
2007-01-16,1989.222,1992.096
2007-01-17,1997.807,1955.742
2007-01-18,1942.988,1936.921
2007-01-19,1937.038,1995.532
2007-01-22,2020.0,2075.537
2007-01-23,2095.221,2105.99
2007-01-24,2111.708,2145.694
2007-01-25,2124.167,2098.181
2007-01-26,2066.515,2164.514
2007-01-29,2181.872,2222.414
2007-01-30,2232.204,2197.193
2007-01-31,2186.416,2052.905
2007-02-01,2021.442,2051.662
2007-02-02,2052.953,1954.966
2007-02-05,1943.056,1906.03
2007-02-06,1901.576,1954.155
2007-02-07,1964.255,2001.373
2007-02-08,2006.752,2023.178
2007-02-09,2024.902,2003.324
2007-02-12,2004.216,2082.402
2007-02-13,2091.303,2108.626
2007-02-14,2112.677,2174.002
2007-02-15,2192.896,2235.447
2007-02-16,2255.576,2232.978
2007-02-26,2225.869,2242.764
2007-02-27,2251.204,2030.357
2007-02-28,1996.564,2096.226
2007-03-01,2097.103,2039.678
2007-03-02,2033.899,2069.074
2007-03-05,2062.032,2019.727
2007-03-06,2015.689,2076.871
2007-03-07,2086.624,2129.48
2007-03-08,2134.759,2150.153
2007-03-09,2154.508,2144.218
2007-03-12,2146.979,2140.528
2007-03-13,2145.178,2149.972
2007-03-14,2119.868,2100.56
2007-03-15,2098.638,2138.05
2007-03-16,2145.919,2107.627
2007-03-19,2060.765,2176.152
2007-03-20,2184.313,2175.131
2007-03-21,2182.451,2192.931
2007-03-22,2212.155,2208.47
2007-03-23,2206.543,2200.042
2007-03-26,2204.769,2230.004
2007-03-27,2234.626,2237.22
2007-03-28,2240.239,2277.965
2007-03-29,2285.021,2301.483
2007-03-30,2287.71,2288.263
2007-04-02,2299.493,2342.525
2007-04-03,2352.384,2362.982
2007-04-04,2367.924,2372.657
2007-04-05,2367.424,2392.64
2007-04-06,2369.892,2390.642
2007-04-09,2398.856,2442.926
2007-04-10,2459.411,2473.758
2007-04-11,2486.974,2508.472
2007-04-12,2513.846,2535.098
2007-04-13,2538.403,2517.789
2007-04-16,2519.657,2585.343
2007-04-17,2595.051,2577.015
2007-04-18,2578.848,2558.519
2007-04-19,2555.077,2452.547
2007-04-20,2465.741,2547.501
2007-04-23,2573.995,2651.43
2007-04-24,2673.984,2659.213
2007-04-25,2649.674,2679.083
2007-04-26,2696.396,2702.128
2007-04-27,2706.357,2681.3
2007-04-30,2715.886,2757.827
2007-05-08,2827.122,2831.262
2007-05-09,2833.335,2860.312
2007-05-10,2864.096,2885.717
2007-05-11,2868.633,2867.972
2007-05-14,2823.464,2885.505
2007-05-15,2888.914,2770.655
2007-05-16,2764.261,2828.525
2007-05-17,2837.722,2872.787
2007-05-18,2862.939,2854.318
2007-05-21,2763.768,2864.699
2007-05-22,2873.308,2882.665
2007-05-23,2887.64,2919.943
2007-05-24,2927.485,2906.815
2007-05-25,2894.703,2942.513
2007-05-28,2976.756,2998.859
2007-05-29,3009.441,3050.437
2007-05-30,2875.79,2857.002
2007-05-31,2838.097,2940.374
2007-06-01,2963.468,2906.588
2007-06-04,2923.411,2695.765
2007-06-05,2638.421,2778.658
2007-06-06,2788.971,2781.319
2007-06-07,2797.231,2856.539
2007-06-08,2861.813,2856.019
2007-06-11,2875.106,2918.305
2007-06-12,2930.428,2982.901
2007-06-13,3007.651,3045.944
2007-06-14,3036.346,3010.165
2007-06-15,2984.268,3035.778
2007-06-18,3090.167,3133.531
2007-06-19,3123.886,3132.305
2007-06-20,3133.307,3059.16
2007-06-21,3048.374,3109.915
2007-06-22,3114.819,3037.509
2007-06-25,3054.281,2942.286
2007-06-26,2892.034,2966.244
2007-06-27,2977.194,3057.337
2007-06-28,3063.236,2969.494
2007-06-29,2904.355,2915.882
2007-07-02,2906.138,2910.886
2007-07-03,2922.099,2955.207
2007-07-04,2961.384,2877.802
2007-07-05,2843.688,2745.974
2007-07-06,2733.688,2860.735
2007-07-09,2883.538,2939.097
2007-07-10,2957.064,2936.938
2007-07-11,2920.737,2937.598
2007-07-12,2945.137,2969.573
2007-07-13,2976.536,2970.342
2007-07-16,2974.922,2878.356
2007-07-17,2872.812,2956.496
2007-07-18,2944.071,2978.901
2007-07-19,2971.355,2972.502
2007-07-20,2972.682,3102.789
2007-07-23,3133.28,3225.639
2007-07-24,3242.2,3226.958
2007-07-25,3229.288,3304.747
2007-07-26,3323.374,3315.022
2007-07-27,3285.682,3293.38
2007-07-30,3294.682,3359.707
2007-07-31,3347.621,3391.858
2007-08-01,3408.526,3281.34
2007-08-02,3298.628,3362.457
2007-08-03,3390.013,3520.144
2007-08-06,3552.003,3595.033
2007-08-07,3606.592,3612.701
2007-08-08,3578.239,3596.282
2007-08-09,3598.209,3704.584
2007-08-10,3700.924,3707.916
2007-08-13,3717.529,3740.566
2007-08-14,3740.013,3787.108
2007-08-15,3782.623,3799.237
2007-08-16,3775.363,3698.951
2007-08-17,3674.419,3606.528
2007-08-20,3718.195,3831.053
2007-08-21,3851.379,3903.66
2007-08-22,3839.102,3949.827
2007-08-23,3962.636,4013.344
2007-08-24,4037.176,4104.658
2007-08-27,4128.737,4134.695
2007-08-28,4119.237,4147.86
2007-08-29,4113.903,4080.079
2007-08-30,4104.508,4111.29
2007-08-31,4118.815,4150.167
2007-09-03,4176.864,4240.643
2007-09-04,4226.935,4166.852
2007-09-05,4162.573,4147.747
2007-09-06,4166.909,4204.797
2007-09-07,4186.438,4111.931
2007-09-10,4052.549,4172.815
2007-09-11,4182.716,3992.034
2007-09-12,3977.025,4035.72
2007-09-13,4056.185,4143.115
2007-09-14,4148.081,4165.566
2007-09-17,4170.95,4237.923
2007-09-18,4261.446,4204.701
2007-09-19,4212.186,4161.587
2007-09-20,4171.672,4222.419
2007-09-21,4227.329,4197.038
2007-09-24,4201.416,4231.75
2007-09-25,4246.898,4193.062
2007-09-26,4177.27,4140.323
2007-09-27,4142.066,4189.122
2007-09-28,4229.598,4307.417
2007-10-08,4407.5,4401.282
2007-10-09,4393.472,4425.702
2007-10-10,4444.667,4445.956
2007-10-11,4458.194,4577.884
2007-10-12,4601.985,4578.686
2007-10-15,4606.484,4694.314
2007-10-16,4726.083,4731.826
2007-10-17,4713.752,4684.106
2007-10-18,4676.519,4508.662
2007-10-19,4545.633,4494.561
2007-10-22,4441.531,4390.267
2007-10-23,4388.24,4475.44
2007-10-24,4496.506,4550.561
2007-10-25,4511.514,4364.123
2007-10-26,4321.681,4429.979
2007-10-29,4453.327,4527.122
2007-10-30,4538.111,4592.329
2007-10-31,4652.959,4627.776
2007-11-01,4648.692,4607.219
2007-11-02,4536.216,4543.163
2007-11-05,4517.225,4410.966
2007-11-06,4371.912,4344.886
2007-11-07,4367.625,4383.631
2007-11-08,4353.186,4154.969
2007-11-09,4110.222,4139.572
2007-11-12,4025.828,4107.336
2007-11-13,4145.531,4071.299
2007-11-14,4142.518,4247.162
2007-11-15,4227.753,4201.794
2007-11-16,4124.422,4133.351
2007-11-19,4141.198,4086.383
2007-11-20,4059.188,4136.078
2007-11-21,4150.844,4064.782
2007-11-22,3988.144,3895.945
2007-11-23,3865.406,3961.369
2007-11-26,4020.645,3910.457
2007-11-27,3874.768,3829.728
2007-11-28,3839.511,3784.279
2007-11-29,3840.389,3975.709
2007-11-30,3968.674,3880.339
2007-12-03,3859.854,3910.129
2007-12-04,3921.912,3963.187
2007-12-05,3963.558,4070.822
2007-12-06,4085.037,4070.157
2007-12-07,4076.444,4122.062
2007-12-10,4052.375,4165.864
2007-12-11,4197.703,4159.432
2007-12-12,4130.769,4083.594
2007-12-13,4061.424,3948.737
2007-12-14,3901.574,4008.878
2007-12-17,4002.988,3876.139
2007-12-18,3849.201,3849.147
2007-12-19,3893.219,3953.055
2007-12-20,3971.752,4040.036
2007-12-21,4022.447,4081.005
2007-12-24,4112.524,4172.444
2007-12-25,4179.84,4162.079
2007-12-26,4174.771,4175.555
2007-12-27,4191.33,4258.549
2007-12-28,4269.058,4226.756
2008-01-02,4230.806,4219.686
2008-01-03,4213.02,4230.418
2008-01-04,4231.351,4282.686
2008-01-07,4279.916,4330.275
2008-01-08,4349.485,4358.095
2008-01-09,4341.53,4405.921
2008-01-10,4420.324,4431.461
2008-01-11,4445.232,4481.487
2008-01-14,4503.675,4499.139
2008-01-15,4511.159,4440.819
2008-01-16,4395.373,4274.021
2008-01-17,4219.698,4178.709
2008-01-18,4170.014,4195.954
2008-01-21,4203.505,3975.71
2008-01-22,3880.405,3679.014
2008-01-23,3712.848,3822.816
2008-01-24,3876.363,3818.332
2008-01-25,3814.984,3875.578
2008-01-28,3830.968,3597.264
2008-01-29,3609.114,3611.978
2008-01-30,3653.73,3541.082
2008-01-31,3528.867,3497.922
2008-02-01,3502.225,3500.053
2008-02-04,3598.503,3796.13
2008-02-05,3783.803,3766.163
2008-02-13,3697.534,3660.157
2008-02-14,3699.298,3706.966
2008-02-15,3673.896,3646.176
2008-02-18,3694.666,3709.071
2008-02-19,3722.936,3787.029
2008-02-20,3792.295,3676.474
2008-02-21,3653.811,3620.846
2008-02-22,3597.706,3466.204
2008-02-25,3460.864,3331.99
2008-02-26,3430.371,3363.701
2008-02-27,3384.554,3459.782
2008-02-28,3467.035,3435.455
2008-02-29,3431.395,3470.602
2008-03-03,3449.749,3539.431
2008-03-04,3559.05,3424.791
2008-03-05,3415.732,3380.654
2008-03-06,3398.418,3445.748
2008-03-07,3399.513,3395.606
2008-03-10,3366.965,3256.444
2008-03-11,3233.445,3264.566
2008-03-12,3343.406,3164.785
2008-03-13,3133.622,3111.837
2008-03-14,3098.263,3084.449
2008-03-17,3065.425,2984.056
2008-03-18,2961.062,2869.614
2008-03-19,2925.255,2945.229
2008-03-20,2904.839,3011.785
2008-03-21,3010.256,3021.58
2008-03-24,3056.434,2869.284
2008-03-25,2810.504,2884.623
2008-03-26,2904.342,2896.689
2008-03-27,2837.094,2760.451
2008-03-28,2736.587,2910.511
2008-03-31,2815.312,2823.975
2008-04-01,2812.51,2713.487
2008-04-02,2757.526,2744.651
2008-04-03,2719.9,2828.626
2008-04-07,2803.881,2954.229
2008-04-08,2956.508,2969.609
2008-04-09,2938.486,2803.154
2008-04-10,2780.602,2840.552
2008-04-11,2882.379,2865.45
2008-04-14,2805.212,2685.013
2008-04-15,2672.37,2715.74
2008-04-16,2711.249,2654.902
2008-04-17,2650.122,2588.758
2008-04-18,2565.789,2511.362
2008-04-21,2707.597,2545.522
2008-04-22,2501.545,2595.693
2008-04-23,2561.952,2718.253
2008-04-24,2948.969,2981.186
2008-04-25,2983.367,2984.963
2008-04-28,2936.426,2918.611
2008-04-29,2896.496,2960.893
2008-04-30,2981.779,3125.533
2008-05-05,3169.005,3169.079
2008-05-06,3136.373,3128.807
2008-05-07,3108.092,2979.817
2008-05-08,2940.343,3037.504
2008-05-09,3065.593,2978.189
2008-05-12,2915.262,2991.32
2008-05-13,2898.012,2924.958
2008-05-14,2917.848,3027.382
2008-05-15,3050.154,3005.653
2008-05-16,3008.205,3009.207
2008-05-19,2999.409,2978.656
2008-05-20,2976.032,2835.825
2008-05-21,2809.945,2892.086
2008-05-22,2848.523,2841.154
2008-05-23,2831.785,2838.055
2008-05-26,2812.514,2745.086
2008-05-27,2739.735,2754.122
2008-05-28,2760.648,2836.263
2008-05-29,2825.862,2765.949
2008-05-30,2774.079,2800.791
2008-06-02,2792.242,2814.297
2008-06-03,2809.444,2804.067
2008-06-04,2789.765,2736.826
2008-06-05,2722.245,2722.407
2008-06-06,2730.771,2701.789
2008-06-10,2586.722,2480.763
2008-06-11,2451.384,2446.776
2008-06-12,2432.64,2387.758
2008-06-13,2389.135,2322.792
2008-06-16,2329.583,2323.689
2008-06-17,2325.26,2262.282
2008-06-18,2244.102,2368.71
2008-06-19,2348.979,2201.34
2008-06-20,2227.364,2273.707
2008-06-23,2227.163,2220.083
2008-06-24,2207.514,2256.116
2008-06-25,2250.002,2334.403
2008-06-26,2332.454,2326.9
2008-06-27,2255.162,2206.317
2008-06-30,2176.895,2175.611
2008-07-01,2181.712,2081.054
2008-07-02,2082.589,2062.927
2008-07-03,2025.33,2088.969
2008-07-04,2087.251,2077.234
2008-07-07,2082.748,2190.304
2008-07-08,2204.491,2193.207
2008-07-09,2219.433,2289.675
2008-07-10,2253.424,2259.26
2008-07-11,2252.517,2245.464
2008-07-14,2223.885,2259.162
2008-07-15,2266.97,2157.91
2008-07-16,2133.963,2088.777
2008-07-17,2127.99,2073.327
2008-07-18,2100.466,2158.7
2008-07-21,2132.443,2228.446
2008-07-22,2219.74,2217.827
2008-07-23,2237.394,2213.147
2008-07-24,2235.582,2299.571
2008-07-25,2263.976,2265.683
2008-07-28,2282.061,2278.229
2008-07-29,2244.849,2232.787
2008-07-30,2265.435,2219.242
2008-07-31,2227.236,2164.08
2008-08-01,2151.874,2205.685
2008-08-04,2185.163,2155.891
2008-08-05,2169.14,2120.509
2008-08-06,2141.104,2150.003
2008-08-07,2145.113,2143.803
2008-08-08,2140.152,2056.916
2008-08-11,2049.457,1975.516
2008-08-12,1959.564,1961.231
2008-08-13,1947.987,1949.357
2008-08-14,1937.339,1941.237
2008-08-15,1941.376,1957.473
2008-08-18,1959.104,1859.998
2008-08-19,1840.253,1889.099
2008-08-20,1874.436,2042.944
2008-08-21,2011.343,1975.889
2008-08-22,1954.422,1948.065
2008-08-25,1953.285,1954.851
2008-08-26,1930.063,1919.976
2008-08-27,1914.996,1921.884
2008-08-28,1924.698,1938.757
2008-08-29,1950.409,1975.453
2008-09-01,1958.27,1905.901
2008-09-02,1893.006,1882.179
2008-09-03,1880.291,1849.173
2008-09-04,1842.213,1845.865
2008-09-05,1799.396,1796.961
2008-09-08,1805.411,1770.373
2008-09-09,1779.133,1780.729
2008-09-10,1769.877,1781.776
2008-09-11,1774.025,1709.795
2008-09-12,1711.094,1711.959
2008-09-16,1673.791,1615.581
2008-09-17,1589.304,1532.958
2008-09-18,1481.101,1508.523
2008-09-19,1649.187,1650.537
2008-09-22,1785.32,1780.375
2008-09-23,1731.857,1726.13
2008-09-24,1681.98,1736.119
2008-09-25,1740.569,1808.808
2008-09-26,1816.784,1811.339
2008-10-06,1788.966,1712.714
2008-10-07,1639.135,1678.266
2008-10-08,1623.282,1600.502
2008-10-09,1629.266,1587.041
2008-10-10,1519.463,1528.135
2008-10-13,1519.66,1613.839
2008-10-14,1675.404,1564.727
2008-10-15,1543.239,1548.519
2008-10-16,1478.451,1473.254
2008-10-17,1489.529,1480.162
2008-10-20,1474.968,1531.692
2008-10-21,1534.935,1514.129
2008-10-22,1491.915,1470.922
2008-10-23,1433.808,1459.197
2008-10-24,1457.193,1408.126
2008-10-27,1379.528,1305.705
2008-10-28,1274.795,1353.688
2008-10-29,1364.083,1316.982
2008-10-30,1326.181,1358.891
2008-10-31,1348.504,1327.705
2008-11-03,1312.787,1323.888
2008-11-04,1317.959,1313.017
2008-11-05,1324.385,1370.764
2008-11-06,1332.73,1332.714
2008-11-07,1304.852,1363.458
2008-11-10,1398.222,1469.623
2008-11-11,1460.635,1443.209
2008-11-12,1424.959,1457.431
2008-11-13,1434.854,1509.893
2008-11-14,1524.927,1550.465
2008-11-17,1541.339,1572.904
2008-11-18,1564.702,1459.109
2008-11-19,1455.288,1543.77
2008-11-20,1512.185,1511.797
2008-11-21,1461.431,1501.093
2008-11-24,1493.431,1435.641
2008-11-25,1462.973,1435.356
2008-11-26,1434.146,1440.636
2008-11-27,1527.793,1455.736
2008-11-28,1441.344,1411.165
2008-12-01,1407.442,1424.864
2008-12-02,1391.852,1419.485
2008-12-03,1434.796,1486.89
2008-12-04,1510.4,1521.595
2008-12-05,1510.07,1538.468
2008-12-08,1561.28,1602.749
2008-12-09,1609.413,1554.506
2008-12-10,1546.993,1607.489
2008-12-11,1594.662,1567.021
2008-12-12,1551.034,1499.292
2008-12-15,1524.136,1508.715
2008-12-16,1492.238,1512.084
2008-12-17,1518.166,1510.349
2008-12-18,1508.47,1552.748
2008-12-19,1542.793,1554.114
2008-12-22,1552.713,1522.438
2008-12-23,1521.6,1451.759
2008-12-24,1434.588,1428.895
2008-12-25,1431.182,1415.829
2008-12-26,1414.918,1416.833
2008-12-29,1409.727,1407.626
2008-12-30,1407.058,1390.401
2008-12-31,1393.415,1384.914
2009-01-05,1411.083,1436.885
2009-01-06,1436.482,1482.284
2009-01-07,1482.015,1468.456
2009-01-08,1439.321,1430.087
2009-01-09,1428.237,1447.143
2009-01-12,1441.632,1441.731
2009-01-13,1420.132,1414.08
2009-01-14,1413.442,1476.709
2009-01-15,1460.608,1469.204
2009-01-16,1478.073,1502.004
2009-01-19,1522.137,1529.576
2009-01-20,1524.822,1539.373
2009-01-21,1513.19,1536.759
2009-01-22,1547.891,1547.589
2009-01-23,1542.932,1538.273
2009-02-02,1553.339,1541.678
2009-02-03,1542.425,1580.293
2009-02-04,1588.613,1631.742
2009-02-05,1630.261,1629.466
2009-02-06,1634.602,1689.002
2009-02-09,1715.15,1716.505
2009-02-10,1710.12,1723.548
2009-02-11,1694.046,1728.942
2009-02-12,1729.663,1699.346
2009-02-13,1700.577,1755.569
2009-02-16,1771.624,1817.061
2009-02-17,1815.57,1763.945
2009-02-18,1723.86,1675.858
2009-02-19,1688.817,1675.769
2009-02-20,1673.975,1695.255
2009-02-23,1680.824,1733.424
2009-02-24,1703.48,1640.568
2009-02-25,1661.746,1662.263
2009-02-26,1651.765,1605.611
2009-02-27,1592.386,1592.01
2009-03-02,1586.56,1592.612
2009-03-03,1552.856,1563.97
2009-03-04,1568.716,1671.569
2009-03-05,1691.246,1694.648
2009-03-06,1659.574,1676.79
2009-03-09,1689.123,1620.129
2009-03-10,1601.654,1648.151
2009-03-11,1685.144,1634.077
2009-03-12,1623.61,1628.336
2009-03-13,1640.526,1626.018
2009-03-16,1619.764,1656.184
2009-03-17,1656.007,1705.512
2009-03-18,1714.993,1702.296
2009-03-19,1706.308,1733.8
2009-03-20,1737.534,1726.211
2009-03-23,1728.656,1767.049
2009-03-24,1802.162,1776.117
2009-03-25,1764.031,1747.419
2009-03-26,1755.869,1811.873
2009-03-27,1827.985,1825.631
2009-03-30,1829.106,1817.407
2009-03-31,1783.724,1830.28
2009-04-01,1839.408,1852.019
2009-04-02,1859.877,1878.396
2009-04-03,1898.695,1892.727
2009-04-07,1892.668,1894.124
2009-04-08,1883.139,1816.333
2009-04-09,1817.203,1847.165
2009-04-10,1867.498,1895.159
2009-04-13,1915.431,1939.558
2009-04-14,1935.995,1949.022
2009-04-15,1938.773,1943.35
2009-04-16,1945.124,1943.214
2009-04-17,1933.504,1920.309
2009-04-20,1915.995,1956.777
2009-04-21,1926.472,1930.572
2009-04-22,1941.168,1874.751
2009-04-23,1859.123,1876.424
2009-04-24,1886.154,1860.748
2009-04-27,1858.864,1827.471
2009-04-28,1810.239,1826.136
2009-04-29,1827.002,1901.068
2009-04-30,1903.233,1895.7
2009-05-04,1903.083,1957.94
2009-05-05,1971.743,1960.98
2009-05-06,1960.885,1980.2
2009-05-07,1992.349,1991.167
2009-05-08,1982.553,2022.953
2009-05-11,2040.184,2000.775
2009-05-12,1985.389,2035.976
2009-05-13,2037.798,2053.802
2009-05-14,2025.542,2021.56
2009-05-15,2028.727,2022.301
2009-05-18,2011.231,2029.06
2009-05-19,2051.573,2050.046
2009-05-20,2051.669,2019.41
2009-05-21,2004.769,1972.468
2009-05-22,1959.309,1967.661
2009-05-25,1930.843,1970.98
2009-05-26,1976.612,1945.496
2009-05-27,1954.669,1991.285
2009-06-01,2021.728,2076.877
2009-06-02,2091.72,2074.757
2009-06-03,2075.932,2149.577
2009-06-04,2138.627,2174.015
2009-06-05,2183.039,2160.416
2009-06-08,2161.102,2186.474
2009-06-09,2186.126,2197.145
2009-06-10,2201.835,2212.191
2009-06-11,2207.197,2196.726
2009-06-12,2192.104,2156.534
2009-06-15,2164.453,2217.38
2009-06-16,2193.352,2207.622
2009-06-17,2203.542,2236.076
2009-06-18,2238.963,2283.532
2009-06-19,2287.038,2309.224
2009-06-22,2334.951,2320.75
2009-06-23,2283.805,2331.505
2009-06-24,2325.068,2336.08
2009-06-25,2337.168,2335.923
2009-06-26,2341.701,2344.398
2009-06-29,2347.893,2391.07
2009-06-30,2400.2,2380.9
2009-07-01,2369.513,2440.897
2009-07-02,2448.043,2481.071
2009-07-03,2459.887,2508.282
2009-07-06,2511.17,2549.49
2009-07-07,2546.053,2516.989
2009-07-08,2487.674,2502.154
2009-07-09,2495.701,2531.981
2009-07-10,2533.425,2519.075
2009-07-13,2500.645,2467.485
2009-07-14,2478.115,2548.769
2009-07-15,2559.073,2576.776
2009-07-16,2598.646,2598.074
2009-07-17,2598.961,2604.354
2009-07-20,2615.297,2652.026
2009-07-21,2664.962,2622.712
2009-07-22,2622.284,2677.151
2009-07-23,2681.396,2717.23
2009-07-24,2733.286,2743.025
2009-07-27,2753.683,2805.039
2009-07-28,2803.643,2799.312
2009-07-29,2788.67,2671.593
2009-07-30,2702.463,2754.189
2009-07-31,2782.867,2816.886
2009-08-03,2832.816,2837.737
2009-08-04,2849.411,2810.259
2009-08-05,2805.423,2761.957
2009-08-06,2737.523,2698.255
2009-08-07,2694.952,2634.488
2009-08-10,2658.581,2611.993
2009-08-11,2622.943,2614.85
2009-08-12,2608.048,2493.481
2009-08-13,2493.233,2528.644
2009-08-14,2520.863,2463.523
2009-08-17,2418.317,2331.718
2009-08-18,2313.159,2342.809
2009-08-19,2348.973,2230.719
2009-08-20,2240.096,2333.486
2009-08-21,2326.669,2367.567
2009-08-24,2384.338,2368.052
2009-08-25,2355.197,2259.55
2009-08-26,2239.663,2292.488
2009-08-27,2277.377,2276.012
2009-08-28,2273.654,2193.518
2009-08-31,2163.013,2046.589
2009-09-01,2033.44,2076.684
2009-09-02,2062.884,2123.505
2009-09-03,2127.212,2230.517
2009-09-04,2232.023,2237.492
2009-09-07,2254.752,2253.805
2009-09-08,2240.824,2294.886
2009-09-09,2307.686,2305.0
2009-09-10,2295.798,2284.071
2009-09-11,2279.317,2356.98
2009-09-14,2361.991,2384.622
2009-09-15,2387.403,2385.33
2009-09-16,2373.772,2336.615
2009-09-17,2354.919,2383.033
2009-09-18,2386.077,2296.319
2009-09-21,2271.084,2290.256
2009-09-22,2280.21,2233.08
2009-09-23,2236.302,2199.085
2009-09-24,2187.612,2234.705
2009-09-25,2217.045,2226.003
2009-09-28,2230.924,2162.153
2009-09-29,2165.952,2177.434
2009-09-30,2192.917,2198.407
2009-10-09,2251.817,2308.682
2009-10-12,2322.769,2293.822
2009-10-13,2288.139,2331.643
2009-10-14,2339.566,2352.241
2009-10-15,2379.331,2363.598
2009-10-16,2371.234,2358.968
2009-10-19,2354.296,2413.013
2009-10-20,2435.527,2455.184
2009-10-21,2454.211,2450.456
2009-10-22,2446.164,2428.972
2009-10-23,2435.18,2481.542
2009-10-26,2488.605,2484.524
2009-10-27,2463.245,2413.216
2009-10-28,2406.405,2409.318
2009-10-29,2359.878,2349.015
2009-10-30,2394.059,2376.032
2009-11-02,2319.701,2461.621
2009-11-03,2467.017,2487.726
2009-11-04,2491.56,2502.454
2009-11-05,2504.657,2505.14
2009-11-06,2528.463,2512.416
2009-11-09,2515.837,2518.985
2009-11-10,2537.051,2520.571
2009-11-11,2518.73,2511.676
2009-11-12,2521.354,2508.503
2009-11-13,2504.144,2523.989
2009-11-16,2540.489,2601.507
2009-11-17,2614.119,2605.813
2009-11-18,2610.423,2605.836
2009-11-19,2612.299,2602.845
2009-11-20,2592.86,2583.012
2009-11-23,2586.834,2594.039
2009-11-24,2605.572,2523.284
2009-11-25,2522.629,2566.214
2009-11-26,2567.812,2459.202
2009-11-27,2433.839,2388.942
2009-11-30,2411.91,2467.478
2009-12-01,2461.711,2491.901
2009-12-02,2505.336,2513.318
2009-12-03,2511.757,2497.273
2009-12-04,2489.789,2587.146
2009-12-07,2587.07,2594.967
2009-12-08,2594.615,2552.67
2009-12-09,2517.441,2495.03
2009-12-10,2515.804,2509.747
2009-12-11,2516.835,2507.196
2009-12-14,2502.42,2553.811
2009-12-15,2536.847,2524.856
2009-12-16,2511.35,2512.577
2009-12-17,2521.081,2464.802
2009-12-18,2444.822,2424.685
2009-12-21,2417.992,2413.074
2009-12-22,2416.899,2357.269
2009-12-23,2356.928,2370.08
2009-12-24,2376.296,2430.363
2009-12-25,2423.482,2406.597
2009-12-28,2412.668,2446.218
2009-12-29,2448.317,2471.357
2009-12-30,2476.369,2541.806
2009-12-31,2545.864,2553.8
2010-01-04,2565.108,2514.646
2010-01-05,2526.291,2543.991
2010-01-06,2538.285,2514.014
2010-01-07,2516.057,2463.758
2010-01-08,2453.061,2466.165
2010-01-11,2584.528,2478.81
2010-01-12,2472.623,2508.039
2010-01-13,2444.237,2399.642
2010-01-14,2412.634,2422.771
2010-01-15,2423.13,2427.807
2010-01-18,2414.893,2421.188
2010-01-19,2424.469,2432.713
2010-01-20,2436.647,2359.485
2010-01-21,2362.597,2377.753
2010-01-22,2344.973,2380.055
2010-01-25,2355.357,2353.471
2010-01-26,2354.905,2311.447
2010-01-27,2313.007,2264.605
2010-01-28,2263.061,2252.61
2010-01-29,2241.117,2243.994
2010-02-01,2238.617,2208.936
2010-02-02,2223.598,2214.033
2010-02-03,2226.797,2277.798
2010-02-04,2258.084,2261.358
2010-02-05,2212.308,2219.6
2010-02-08,2220.842,2211.135
2010-02-09,2210.328,2229.038
2010-02-10,2246.77,2259.99
2010-02-11,2261.823,2265.138
2010-02-12,2275.592,2284.386
2010-02-22,2282.09,2269.045
2010-02-23,2261.993,2227.952
2010-02-24,2211.393,2251.7
2010-02-25,2254.801,2282.64
2010-02-26,2278.432,2274.325
2010-03-01,2282.338,2311.075
2010-03-02,2312.492,2302.185
2010-03-03,2304.056,2311.841
2010-03-04,2312.299,2261.926
2010-03-05,2264.678,2267.939
2010-03-08,2272.607,2284.682
2010-03-09,2284.024,2302.393
2010-03-10,2301.705,2292.503
2010-03-11,2296.931,2300.043
2010-03-12,2300.613,2274.532
2010-03-15,2274.714,2240.731
2010-03-16,2239.427,2261.515
2010-03-17,2266.958,2307.083
2010-03-18,2307.257,2294.947
2010-03-19,2296.776,2310.546
2010-03-22,2314.442,2316.631
2010-03-23,2319.198,2292.004
2010-03-24,2298.883,2291.833
2010-03-25,2286.613,2259.141
2010-03-26,2257.402,2292.673
2010-03-29,2309.916,2363.976
2010-03-30,2364.79,2368.51
2010-03-31,2370.827,2350.818
2010-04-01,2352.997,2376.597
2010-04-02,2382.545,2379.194
2010-04-06,2391.253,2378.575
2010-04-07,2376.778,2362.281
2010-04-08,2358.179,2325.672
2010-04-09,2327.264,2345.754
2010-04-12,2350.116,2317.383
2010-04-13,2316.994,2364.837
2010-04-14,2367.002,2366.611
2010-04-15,2370.197,2366.572
2010-04-16,2361.339,2329.12
2010-04-19,2296.882,2210.82
2010-04-20,2214.309,2204.812
2010-04-21,2207.499,2238.501
2010-04-22,2224.325,2196.224
2010-04-23,2195.405,2185.155
2010-04-26,2190.095,2170.319
2010-04-27,2165.936,2131.841
2010-04-28,2115.675,2126.529
2010-04-29,2139.995,2124.392
2010-04-30,2133.069,2149.453
2010-05-04,2103.673,2109.812
2010-05-05,2078.193,2110.045
2010-05-06,2089.653,2007.012
2010-05-07,1969.623,1980.168
2010-05-10,1987.1,2007.522
2010-05-11,2048.249,1967.66
2010-05-12,1956.506,2001.131
2010-05-13,1999.107,2041.556
2010-05-14,2024.617,2019.73
2010-05-17,1994.469,1927.692
2010-05-18,1928.987,1968.37
2010-05-19,1952.915,1956.22
2010-05-20,1939.496,1925.244
2010-05-21,1879.261,1943.429
2010-05-24,1955.069,2007.763
2010-05-25,1992.166,1958.458
2010-05-26,1962.926,1957.943
2010-05-27,1952.966,1982.952
2010-05-28,2001.195,1973.622
2010-05-31,1961.699,1926.109
2010-06-01,1916.623,1911.432
2010-06-02,1897.577,1907.902
2010-06-03,1915.154,1895.147
2010-06-04,1884.428,1894.45
2010-06-07,1863.674,1853.363
2010-06-08,1853.582,1845.13
2010-06-09,1854.097,1906.896
2010-06-10,1882.6,1873.824
2010-06-11,1884.505,1883.196
2010-06-17,1897.62,1882.133
2010-06-18,1881.852,1870.871
2010-06-21,1880.127,1933.616
2010-06-22,1926.629,1930.002
2010-06-23,1921.401,1913.626
2010-06-24,1907.911,1914.646
2010-06-25,1905.805,1915.91
2010-06-28,1915.296,1910.469
2010-06-29,1911.171,1833.037
2010-06-30,1821.814,1819.109
2010-07-01,1814.567,1799.881
2010-07-02,1798.355,1812.58
2010-07-05,1795.477,1797.66
2010-07-06,1793.245,1826.395
2010-07-07,1822.331,1829.557
2010-07-08,1837.237,1828.131
2010-07-09,1830.285,1870.303
2010-07-12,1868.421,1887.671
2010-07-13,1867.309,1859.152
2010-07-14,1863.747,1873.038
2010-07-15,1870.365,1840.668
2010-07-16,1833.996,1839.219
2010-07-19,1822.443,1878.528
2010-07-20,1880.249,1909.965
2010-07-21,1912.203,1914.33
2010-07-22,1906.929,1933.877
2010-07-23,1937.373,1945.451
2010-07-26,1948.629,1951.87
2010-07-27,1945.04,1936.074
2010-07-28,1937.858,1983.628
2010-07-29,1984.464,1993.87
2010-07-30,1990.454,1986.76
2010-08-02,1984.124,2015.655
2010-08-03,2019.66,1978.414
2010-08-04,1975.738,1981.525
2010-08-05,1980.775,1954.336
2010-08-06,1953.063,1979.228
2010-08-09,1974.968,1988.017
2010-08-10,1989.549,1934.587
2010-08-11,1930.361,1939.844
2010-08-12,1924.716,1914.451
2010-08-13,1915.811,1930.671
2010-08-16,1926.391,1971.295
2010-08-17,1974.685,1979.789
2010-08-18,1982.294,1974.664
2010-08-19,1979.219,1994.162
2010-08-20,1985.583,1967.061
2010-08-23,1963.312,1962.778
2010-08-24,1959.61,1960.055
2010-08-25,1948.457,1914.997
2010-08-26,1922.9,1914.636
2010-08-27,1914.215,1917.581
2010-08-30,1926.115,1942.559
2010-08-31,1935.406,1923.907
2010-09-01,1927.719,1917.33
2010-09-02,1941.086,1935.922
2010-09-03,1937.847,1929.186
2010-09-06,1938.539,1975.677
2010-09-07,1979.285,1973.14
2010-09-08,1963.633,1956.33
2010-09-09,1957.957,1918.286
2010-09-10,1920.091,1915.645
2010-09-13,1914.379,1922.142
2010-09-14,1928.086,1925.014
2010-09-15,1926.504,1893.027
2010-09-16,1890.258,1858.449
2010-09-17,1864.718,1857.31
2010-09-20,1859.424,1860.854
2010-09-21,1868.255,1864.414
2010-09-27,1869.983,1881.545
2010-09-28,1876.492,1863.881
2010-09-29,1859.762,1868.749
2010-09-30,1858.454,1913.109
2010-10-08,1933.419,1990.014
2010-10-11,2005.696,2066.948
2010-10-12,2058.092,2091.781
2010-10-13,2093.461,2125.614
2010-10-14,2152.865,2160.837
2010-10-15,2148.922,2254.392
2010-10-18,2270.413,2241.722
2010-10-19,2236.986,2278.353
2010-10-20,2240.735,2285.214
2010-10-21,2287.371,2245.248
2010-10-22,2234.37,2231.057
2010-10-25,2232.015,2294.451
2010-10-26,2300.699,2272.208
2010-10-27,2259.696,2225.371
2010-10-28,2216.275,2224.238
2010-10-29,2226.718,2189.479
2010-11-01,2198.465,2238.471
2010-11-02,2248.009,2231.704
2010-11-03,2232.319,2226.468
2010-11-04,2230.844,2254.763
2010-11-05,2298.528,2279.004
2010-11-08,2287.5,2289.964
2010-11-09,2290.753,2257.348
2010-11-10,2242.613,2226.16
2010-11-11,2227.064,2252.283
2010-11-12,2234.784,2130.581
2010-11-15,2135.514,2126.697
2010-11-16,2120.954,2032.498
2010-11-17,2004.737,2013.607
2010-11-18,2032.624,2037.462
2010-11-19,2048.428,2039.445
2010-11-22,2015.833,2019.668
2010-11-23,2009.804,1981.261
2010-11-24,1972.325,2014.155
2010-11-25,2024.247,2041.337
2010-11-26,2034.146,2018.397
2010-11-29,2008.981,2011.898
2010-11-30,2010.072,1979.891
2010-12-01,1975.821,1984.305
2010-12-02,2016.156,1998.149
2010-12-03,2003.912,2008.12
2010-12-06,2016.108,2032.03
2010-12-07,2023.52,2046.723
2010-12-08,2040.024,2018.461
2010-12-09,2007.766,1996.384
2010-12-10,1988.07,2021.651
2010-12-13,2027.448,2074.334
2010-12-14,2078.195,2069.921
2010-12-15,2070.055,2054.017
2010-12-16,2053.031,2036.554
2010-12-17,2036.507,2032.138
2010-12-20,2039.286,1999.525
2010-12-21,2004.178,2049.223
2010-12-22,2051.802,2021.976
2010-12-23,2018.401,2017.665
2010-12-24,2003.82,2013.25
2010-12-27,2028.554,1977.692
2010-12-28,1969.454,1950.329
2010-12-29,1954.472,1953.334
2010-12-30,1954.089,1946.515
2010-12-31,1949.261,1977.366
2011-01-04,1994.362,2015.112
2011-01-05,1999.184,1999.219
2011-01-06,1999.749,1984.278
2011-01-07,1983.235,2006.374
2011-01-10,2001.395,1975.744
2011-01-11,1969.487,1999.764
2011-01-12,2006.05,2017.149
2011-01-13,2024.705,2014.167
2011-01-14,2005.309,1982.623
2011-01-17,1968.953,1918.422
2011-01-18,1915.761,1923.695
2011-01-19,1923.54,1953.352
2011-01-20,1947.806,1895.004
2011-01-21,1890.756,1925.838
2011-01-24,1926.39,1911.754
2011-01-25,1910.225,1911.306
2011-01-26,1912.345,1926.036
2011-01-27,1911.103,1949.372
2011-01-28,1944.396,1945.141
2011-01-31,1944.739,1964.106
2011-02-01,1968.713,1968.687
2011-02-09,1958.247,1943.001
2011-02-10,1939.716,1975.98
2011-02-11,1972.445,1976.473
2011-02-14,1976.279,2047.694
2011-02-15,2050.021,2042.644
2011-02-16,2038.4,2051.488
2011-02-17,2054.884,2046.975
2011-02-18,2043.68,2030.318
2011-02-21,2019.559,2046.085
2011-02-22,2051.813,1991.013
2011-02-23,1984.118,1995.679
2011-02-24,1993.884,2002.832
2011-02-25,2003.398,2006.66
2011-02-28,2009.085,2021.849
2011-03-01,2022.72,2035.365
2011-03-02,2024.225,2040.892
2011-03-03,2046.296,2051.649
2011-03-04,2053.008,2080.143
2011-03-07,2092.317,2123.28
2011-03-08,2123.75,2123.781
2011-03-09,2129.698,2120.211
2011-03-10,2114.485,2071.724
2011-03-11,2061.773,2049.113
2011-03-14,2045.669,2053.52
2011-03-15,2045.417,2018.389
2011-03-16,2021.204,2048.93
2011-03-17,2030.703,2023.047
2011-03-18,2043.246,2034.485
2011-03-21,2040.1,2036.231
2011-03-22,2044.488,2054.753
2011-03-23,2052.497,2074.808
2011-03-24,2077.841,2064.165
2011-03-25,2067.456,2096.286
2011-03-28,2105.093,2103.043
2011-03-29,2105.207,2097.564
2011-03-30,2097.945,2101.44
2011-03-31,2102.696,2083.748
2011-04-01,2086.98,2126.451
2011-04-06,2130.077,2175.778
2011-04-07,2178.563,2174.401
2011-04-08,2172.262,2185.316
2011-04-11,2191.931,2175.964
2011-04-12,2167.72,2165.833
2011-04-13,2153.927,2199.229
2011-04-14,2200.397,2190.147
2011-04-15,2183.453,2201.086
2011-04-18,2192.29,2201.371
2011-04-19,2186.18,2151.957
2011-04-20,2156.083,2144.274
2011-04-21,2158.218,2160.699
2011-04-22,2161.22,2151.669
2011-04-25,2147.588,2127.462
2011-04-26,2123.059,2118.326
2011-04-27,2127.472,2113.012
2011-04-28,2128.134,2111.489
2011-04-29,2110.782,2113.871
2011-05-03,2111.228,2114.417
2011-05-04,2101.63,2056.699
2011-05-05,2045.498,2050.069
2011-05-06,2026.885,2037.748
2011-05-09,2041.352,2036.764
2011-05-10,2040.692,2057.666
2011-05-11,2056.735,2048.342
2011-05-12,2035.241,2021.283
2011-05-13,2024.376,2043.259
2011-05-16,2036.317,2019.536
2011-05-17,2018.302,2033.78
2011-05-18,2029.257,2053.637
2011-05-19,2059.656,2046.113
2011-05-20,2046.068,2052.544
2011-05-23,2047.774,1993.067
2011-05-24,1989.834,1995.273
2011-05-25,1993.101,1971.097
2011-05-26,1985.567,1974.328
2011-05-27,1976.646,1976.693
2011-05-30,1974.535,1980.74
2011-05-31,1983.159,2010.564
2011-06-01,2004.997,2002.659
2011-06-02,1982.851,1963.052
2011-06-03,1959.036,1974.951
2011-06-07,1968.172,1984.446
2011-06-08,1985.06,1980.672
2011-06-09,1974.112,1947.875
2011-06-10,1945.105,1951.031
2011-06-13,1936.055,1945.72
2011-06-14,1944.232,1970.099
2011-06-15,1963.978,1952.076
2011-06-16,1938.992,1927.047
2011-06-17,1926.445,1912.379
2011-06-20,1910.285,1904.8
2011-06-21,1910.501,1923.816
2011-06-22,1927.106,1923.562
2011-06-23,1916.967,1950.874
2011-06-24,1940.088,1997.298
2011-06-27,1994.991,1994.583
2011-06-28,1996.226,1993.723
2011-06-29,1991.473,1960.771
2011-06-30,1965.056,1989.433
2011-07-01,1994.088,1986.03
2011-07-04,1996.255,2033.855
2011-07-05,2034.812,2029.623
2011-07-06,2025.397,2017.172
2011-07-07,2030.038,2006.141
2011-07-08,2010.516,2014.733
2011-07-11,2006.067,2010.689
2011-07-12,1994.937,1968.076
2011-07-13,1973.076,1998.413
2011-07-14,2002.463,2005.752
2011-07-15,1998.585,2012.032
2011-07-18,2013.463,2002.826
2011-07-19,1994.376,1988.297
2011-07-20,1999.838,1983.668
2011-07-21,1984.752,1961.302
2011-07-22,1966.118,1964.828
2011-07-25,1954.315,1909.813
2011-07-26,1909.334,1914.154
2011-07-27,1905.038,1918.787
2011-07-28,1902.932,1900.219
2011-07-29,1901.947,1908.213
2011-08-01,1905.904,1909.952
2011-08-02,1897.201,1894.323
2011-08-03,1879.822,1893.003
2011-08-04,1898.45,1895.43
2011-08-05,1849.905,1850.143
2011-08-08,1832.662,1794.431
2011-08-09,1752.738,1801.822
2011-08-10,1832.091,1814.667
2011-08-11,1789.962,1840.289
2011-08-12,1848.127,1838.159
2011-08-15,1842.125,1872.389
2011-08-16,1872.997,1862.892
2011-08-17,1863.168,1858.303
2011-08-18,1861.287,1824.857
2011-08-19,1798.806,1806.283
2011-08-22,1808.061,1790.136
2011-08-23,1797.195,1821.192
2011-08-24,1828.042,1806.79
2011-08-25,1813.092,1878.479
2011-08-26,1867.319,1876.334
2011-08-29,1856.744,1836.877
2011-08-30,1850.99,1835.072
2011-08-31,1836.976,1841.539
2011-09-01,1845.465,1840.371
2011-09-02,1836.205,1820.676
2011-09-05,1805.885,1786.465
2011-09-06,1776.81,1779.518
2011-09-07,1787.093,1813.864
2011-09-08,1820.113,1799.784
2011-09-09,1809.512,1800.934
2011-09-13,1775.216,1783.181
2011-09-14,1789.873,1787.115
2011-09-15,1787.093,1779.684
2011-09-16,1790.308,1784.934
2011-09-19,1772.293,1749.705
2011-09-20,1748.198,1757.641
2011-09-21,1758.735,1808.37
2011-09-22,1790.698,1750.611
2011-09-23,1726.315,1740.322
2011-09-26,1724.034,1689.931
2011-09-27,1707.996,1710.987
2011-09-28,1722.611,1695.837
2011-09-29,1684.822,1689.538
2011-09-30,1693.463,1684.497
2011-10-10,1688.411,1669.348
2011-10-11,1720.147,1675.42
2011-10-12,1666.804,1737.358
2011-10-13,1732.072,1746.935
2011-10-14,1741.886,1745.214
2011-10-17,1748.079,1757.056
2011-10-18,1742.094,1709.283
2011-10-19,1715.15,1708.946
2011-10-20,1698.779,1674.027
2011-10-21,1675.782,1676.097
2011-10-24,1683.71,1729.033
2011-10-25,1726.155,1751.677
2011-10-26,1744.345,1765.628
2011-10-27,1770.376,1774.506
2011-10-28,1800.865,1807.056
2011-10-31,1802.841,1792.051
2011-11-01,1777.463,1795.392
2011-11-02,1769.672,1825.453
2011-11-03,1831.137,1819.042
2011-11-04,1837.834,1831.755
2011-11-07,1822.938,1809.798
2011-11-08,1815.865,1808.609
2011-11-09,1816.962,1821.756
2011-11-10,1801.063,1781.911
2011-11-11,1785.552,1779.514
2011-11-14,1795.812,1816.057
2011-11-15,1812.984,1808.176
2011-11-16,1807.197,1755.415
2011-11-17,1757.486,1748.447
2011-11-18,1735.994,1720.764
2011-11-21,1722.906,1721.386
2011-11-22,1710.985,1722.234
2011-11-23,1724.363,1701.065
2011-11-24,1688.783,1704.691
2011-11-25,1701.686,1691.671
2011-11-28,1698.297,1693.668
2011-11-29,1708.183,1716.095
2011-11-30,1709.35,1662.748
2011-12-01,1717.715,1713.048
2011-12-02,1705.305,1704.457
2011-12-05,1708.957,1694.496
2011-12-06,1690.464,1689.01
2011-12-07,1691.436,1702.454
2011-12-08,1701.285,1701.68
2011-12-09,1690.053,1692.061
2011-12-12,1689.722,1678.698
2011-12-13,1671.84,1645.815
2011-12-14,1643.017,1637.009
2011-12-15,1626.69,1599.012
2011-12-16,1598.07,1628.999
2011-12-19,1615.953,1625.257
2011-12-20,1619.802,1624.445
2011-12-21,1637.365,1604.251
2011-12-22,1597.305,1608.238
2011-12-23,1606.294,1617.944
2011-12-26,1608.525,1601.467
2011-12-27,1599.408,1590.995
2011-12-28,1586.224,1594.835
2011-12-29,1588.037,1596.587
2011-12-30,1602.316,1617.613
2012-01-04,1628.168,1595.12
2012-01-05,1591.237,1596.593
2012-01-06,1595.731,1608.358
2012-01-09,1608.491,1659.054
2012-01-10,1658.198,1704.744
2012-01-11,1703.654,1694.264
2012-01-12,1690.392,1701.452
2012-01-13,1703.386,1685.913
2012-01-16,1676.143,1661.994
2012-01-17,1664.485,1736.606
2012-01-18,1736.289,1714.699
2012-01-19,1717.14,1750.521
2012-01-20,1756.779,1775.091
2012-01-30,1778.135,1742.818
2012-01-31,1744.216,1744.708
2012-02-01,1739.638,1713.684
2012-02-02,1719.999,1761.941
2012-02-03,1756.147,1772.192
2012-02-06,1775.436,1764.818
2012-02-07,1753.384,1732.024
2012-02-08,1731.99,1782.059
2012-02-09,1781.154,1778.097
2012-02-10,1772.188,1778.317
2012-02-13,1757.02,1768.539
2012-02-14,1765.87,1758.984
2012-02-15,1753.784,1773.169
2012-02-16,1770.399,1761.877
2012-02-17,1774.189,1765.652
2012-02-20,1790.39,1769.412
2012-02-21,1772.247,1779.94
2012-02-22,1781.982,1795.26
2012-02-23,1794.348,1799.644
2012-02-24,1801.39,1826.716
2012-02-27,1833.444,1828.408
2012-02-28,1826.898,1839.055
2012-02-29,1835.773,1822.769
2012-03-01,1814.317,1818.279
2012-03-02,1821.039,1843.848
2012-03-05,1847.454,1827.938
2012-03-06,1822.521,1794.264
2012-03-07,1777.843,1776.363
2012-03-08,1782.695,1798.1
2012-03-09,1803.912,1811.486
2012-03-12,1810.095,1796.937
2012-03-13,1795.679,1813.201
2012-03-14,1823.115,1776.407
2012-03-15,1774.556,1760.476
2012-03-16,1764.762,1780.076
2012-03-19,1775.961,1778.981
2012-03-20,1774.986,1755.725
2012-03-21,1765.73,1758.624
2012-03-22,1759.319,1760.335
2012-03-23,1756.194,1747.916
2012-03-26,1747.851,1749.888
2012-03-27,1756.995,1749.185
2012-03-28,1743.41,1708.853
2012-03-29,1702.058,1688.09
2012-03-30,1693.648,1705.633
2012-04-05,1698.744,1735.283
2012-04-06,1732.512,1737.512
2012-04-09,1730.45,1721.426
2012-04-10,1719.577,1736.24
2012-04-11,1721.187,1734.594
2012-04-12,1736.675,1770.947
2012-04-13,1771.304,1777.068
2012-04-16,1767.667,1770.679
2012-04-17,1769.463,1749.4
2012-04-18,1754.76,1789.627
2012-04-19,1788.746,1791.382
2012-04-20,1788.016,1815.882
2012-04-23,1812.933,1799.907
2012-04-24,1795.802,1808.859
2012-04-25,1805.498,1819.217
2012-04-26,1825.041,1822.206
2012-04-27,1823.366,1822.542
2012-05-02,1846.864,1862.755
2012-05-03,1860.536,1864.295
2012-05-04,1862.311,1876.658
2012-05-07,1864.382,1866.619
2012-05-08,1865.858,1862.401
2012-05-09,1846.72,1830.132
2012-05-10,1829.752,1829.607
2012-05-11,1826.036,1815.732
2012-05-14,1827.51,1800.503
2012-05-15,1790.717,1801.064
2012-05-16,1796.127,1774.243
2012-05-17,1776.72,1801.11
2012-05-18,1788.264,1775.572
2012-05-21,1775.287,1784.943
2012-05-22,1792.752,1810.411
2012-05-23,1806.791,1801.466
2012-05-24,1800.275,1789.434
2012-05-25,1790.45,1776.376
2012-05-28,1771.693,1800.913
2012-05-29,1800.683,1824.429
2012-05-30,1821.654,1818.385
2012-05-31,1803.241,1804.593
2012-06-01,1806.479,1808.527
2012-06-04,1790.693,1760.955
2012-06-05,1765.672,1763.7
2012-06-06,1768.017,1768.575
2012-06-07,1780.198,1757.766
2012-06-08,1766.052,1738.587
2012-06-11,1741.185,1756.031
2012-06-12,1746.588,1745.454
2012-06-13,1750.515,1771.422
2012-06-14,1764.888,1756.301
2012-06-15,1760.998,1769.492
2012-06-18,1778.092,1776.244
2012-06-19,1774.267,1764.881
2012-06-20,1767.054,1763.631
2012-06-21,1760.411,1735.336
2012-06-25,1729.099,1704.567
2012-06-26,1692.485,1700.499
2012-06-27,1698.859,1695.031
2012-06-28,1697.4,1681.384
2012-06-29,1677.381,1708.856
2012-07-02,1715.957,1706.168
2012-07-03,1705.822,1710.412
2012-07-04,1715.338,1712.937
2012-07-05,1702.626,1695.356
2012-07-06,1692.289,1711.579
2012-07-09,1699.414,1668.022
2012-07-10,1666.223,1664.424
2012-07-11,1661.143,1672.252
2012-07-12,1668.908,1680.05
2012-07-13,1674.051,1685.019
2012-07-16,1688.775,1657.623
2012-07-17,1653.74,1669.706
2012-07-18,1669.778,1665.865
2012-07-19,1660.557,1674.268
2012-07-20,1669.587,1658.3
2012-07-23,1646.758,1629.065
2012-07-24,1621.3,1632.952
2012-07-25,1628.635,1627.959
2012-07-26,1628.718,1624.464
2012-07-27,1630.281,1630.31
2012-07-30,1633.479,1625.636
2012-07-31,1628.017,1631.885
2012-08-01,1633.384,1645.616
2012-08-02,1641.832,1634.553
2012-08-03,1637.808,1641.599
2012-08-06,1639.757,1658.371
2012-08-07,1657.163,1657.911
2012-08-08,1659.47,1662.768
2012-08-09,1662.063,1671.954
2012-08-10,1670.576,1665.175
2012-08-13,1661.599,1632.001
2012-08-14,1633.077,1633.143
2012-08-15,1628.572,1610.413
2012-08-16,1608.94,1605.276
2012-08-17,1604.711,1606.003
2012-08-20,1594.055,1596.195
2012-08-21,1596.521,1598.5
2012-08-22,1600.108,1591.334
2012-08-23,1593.217,1596.574
2012-08-24,1594.819,1588.111
2012-08-27,1583.914,1557.165
2012-08-28,1558.169,1570.44
2012-08-29,1565.278,1554.403
2012-08-30,1542.238,1560.286
2012-08-31,1556.008,1551.199
2012-09-03,1547.767,1560.08
2012-09-04,1566.23,1548.042
2012-09-05,1544.47,1537.531
2012-09-06,1540.347,1550.971
2012-09-07,1561.359,1619.213
2012-09-10,1620.36,1620.027
2012-09-11,1613.245,1605.073
2012-09-12,1615.133,1607.989
2012-09-13,1605.773,1597.16
2012-09-14,1616.007,1614.7
2012-09-17,1612.55,1582.095
2012-09-18,1574.295,1564.982
2012-09-19,1565.236,1569.069
2012-09-20,1562.769,1540.956
2012-09-21,1537.116,1545.964
2012-09-24,1534.649,1553.973
2012-09-25,1550.178,1553.701
2012-09-26,1551.426,1541.14
2012-09-27,1541.55,1587.956
2012-09-28,1576.274,1613.092
2012-10-08,1611.638,1596.144
2012-10-09,1605.172,1627.657
2012-10-10,1623.283,1625.328
2012-10-11,1619.834,1615.747
2012-10-12,1621.826,1618.659
2012-10-15,1620.048,1612.955
2012-10-16,1611.264,1614.138
2012-10-17,1619.622,1617.664
2012-10-18,1621.054,1639.667
2012-10-19,1637.915,1637.765
2012-10-22,1628.185,1643.342
2012-10-23,1642.835,1625.81
2012-10-24,1619.95,1623.641
2012-10-25,1622.793,1612.947
2012-10-26,1614.417,1584.697
2012-10-29,1581.232,1571.525
2012-10-30,1572.547,1576.321
2012-10-31,1578.468,1587.052
2012-11-01,1589.298,1617.732
2012-11-02,1617.323,1626.607
2012-11-05,1623.757,1624.709
2012-11-06,1625.41,1619.739
2012-11-07,1617.211,1617.834
2012-11-08,1604.95,1591.615
2012-11-09,1589.523,1591.852
2012-11-12,1592.856,1600.878
2012-11-13,1600.3,1575.259
2012-11-14,1575.834,1581.946
2012-11-15,1573.59,1563.698
2012-11-16,1560.815,1551.558
2012-11-19,1550.248,1550.891
2012-11-20,1554.808,1540.488
2012-11-21,1539.892,1562.974
2012-11-22,1553.972,1554.754
2012-11-23,1559.713,1568.753
2012-11-26,1565.644,1563.198
2012-11-27,1559.461,1552.92
2012-11-28,1547.246,1542.074
2012-11-29,1541.841,1532.921
2012-11-30,1531.598,1547.759
2012-12-03,1544.589,1532.176
2012-12-04,1529.333,1545.954
2012-12-05,1544.57,1601.736
2012-12-06,1599.528,1600.415
2012-12-07,1602.297,1634.919
2012-12-10,1642.078,1653.284
2012-12-11,1648.063,1645.009
2012-12-12,1645.627,1657.128
2012-12-13,1651.668,1635.626
2012-12-14,1637.611,1728.061
2012-12-17,1732.902,1738.852
2012-12-18,1734.95,1744.854
2012-12-19,1740.277,1744.018
2012-12-20,1735.798,1751.936
2012-12-21,1753.248,1737.989
2012-12-24,1733.406,1746.438
2012-12-25,1739.741,1798.882
2012-12-26,1796.605,1800.564
2012-12-27,1805.828,1786.779
2012-12-28,1789.689,1817.852
2012-12-31,1821.98,1857.68
2013-01-04,1885.964,1870.5
2013-01-07,1865.058,1880.262
2013-01-08,1879.848,1857.688
2013-01-09,1851.607,1855.342
2013-01-10,1854.987,1855.487
2013-01-11,1857.765,1818.984
2013-01-14,1811.315,1893.1
2013-01-15,1892.506,1900.051
2013-01-16,1895.231,1877.0
2013-01-17,1871.639,1854.936
2013-01-18,1867.763,1886.794
2013-01-21,1890.85,1898.438
2013-01-22,1895.004,1898.502
2013-01-23,1890.693,1910.135
2013-01-24,1909.92,1900.176
2013-01-25,1898.281,1886.454
2013-01-28,1890.885,1957.395
2013-01-29,1959.798,1982.623
2013-01-30,1984.916,1989.315
2013-01-31,1992.479,1993.252
2013-02-01,1984.965,2055.724
2013-02-04,2068.022,2065.394
2013-02-05,2044.162,2068.952
2013-02-06,2069.341,2078.494
2013-02-07,2074.48,2048.575
2013-02-08,2044.141,2042.422
2013-02-18,2051.922,2014.577
2013-02-19,2011.386,1981.074
2013-02-20,1982.434,1978.303
2013-02-21,1955.167,1897.896
2013-02-22,1895.429,1883.475
2013-02-25,1893.442,1890.765
2013-02-26,1874.047,1865.129
2013-02-27,1871.435,1889.476
2013-02-28,1906.125,1956.606
2013-03-01,1955.728,1944.423
2013-03-04,1904.43,1841.624
2013-03-05,1844.287,1916.709
2013-03-06,1925.519,1933.699
2013-03-07,1922.929,1902.374
2013-03-08,1906.355,1901.481
2013-03-11,1895.046,1879.818
2013-03-12,1878.536,1854.618
2013-03-13,1853.016,1835.612
2013-03-14,1830.713,1838.358
2013-03-15,1835.61,1841.32
2013-03-18,1829.393,1811.239
2013-03-19,1813.322,1830.959
2013-03-20,1833.358,1905.765
2013-03-21,1906.848,1902.295
2013-03-22,1900.149,1904.462
2013-03-25,1913.791,1901.932
2013-03-26,1891.314,1861.259
2013-03-27,1863.515,1868.44
2013-03-28,1816.85,1791.643
2013-03-29,1791.572,1793.194
2013-04-01,1781.793,1784.071
2013-04-02,1785.568,1783.217
2013-04-03,1787.981,1789.666
2013-04-08,1755.763,1773.103
2013-04-09,1776.828,1788.633
2013-04-10,1787.74,1787.928
2013-04-11,1802.507,1784.128
2013-04-12,1783.091,1774.505
2013-04-15,1768.206,1759.802
2013-04-16,1746.314,1772.643
2013-04-17,1769.811,1761.617
2013-04-18,1745.942,1768.15
2013-04-19,1772.641,1827.983
2013-04-22,1820.027,1823.947
2013-04-23,1828.09,1760.677
2013-04-24,1764.029,1793.885
2013-04-25,1786.862,1778.294
2013-04-26,1786.638,1766.037
2013-05-02,1758.379,1763.05
2013-05-03,1770.686,1795.489
2013-05-06,1804.889,1816.598
2013-05-07,1812.033,1817.925
2013-05-08,1826.432,1824.377
2013-05-09,1825.384,1807.862
2013-05-10,1804.175,1819.117
2013-05-13,1819.556,1810.724
2013-05-14,1806.175,1785.575
2013-05-15,1787.836,1789.431
2013-05-16,1785.709,1821.453
2013-05-17,1819.516,1843.809
2013-05-20,1848.324,1861.252
2013-05-21,1858.141,1851.084
2013-05-22,1850.747,1858.198
2013-05-23,1849.256,1823.737
2013-05-24,1831.716,1829.141
2013-05-27,1825.225,1827.263
2013-05-28,1827.604,1870.094
2013-05-29,1873.085,1861.702
2013-05-30,1855.758,1855.456
2013-05-31,1859.238,1841.366
2013-06-03,1840.4,1838.64
2013-06-04,1837.637,1819.503
2013-06-05,1818.811,1806.821
2013-06-06,1801.491,1784.702
2013-06-07,1783.856,1760.224
2013-06-13,1733.142,1700.802
2013-06-14,1703.08,1704.147
2013-06-17,1709.478,1692.476
2013-06-18,1701.23,1704.222
2013-06-19,1697.599,1687.613
2013-06-20,1677.931,1631.554
2013-06-21,1606.971,1633.164
2013-06-24,1625.445,1525.166
2013-06-25,1508.515,1526.803
2013-06-26,1529.052,1509.682
2013-06-27,1511.491,1512.204
2013-06-28,1504.426,1552.383
2013-07-01,1539.778,1549.374
2013-07-02,1546.854,1541.341
2013-07-03,1530.659,1522.911
2013-07-04,1511.516,1535.321
2013-07-05,1538.389,1542.049
2013-07-08,1518.876,1506.727
2013-07-09,1505.91,1505.299
2013-07-10,1505.706,1546.743
2013-07-11,1555.283,1635.66
2013-07-12,1626.549,1587.589
2013-07-15,1599.035,1604.662
2013-07-16,1597.331,1606.341
2013-07-17,1602.484,1582.141
2013-07-18,1575.667,1549.348
2013-07-19,1551.295,1511.4
2013-07-22,1493.987,1514.052
2013-07-23,1520.582,1555.837
2013-07-24,1541.928,1532.353
2013-07-25,1537.73,1529.299
2013-07-26,1521.594,1521.612
2013-07-29,1505.679,1484.21
2013-07-30,1490.823,1500.938
2013-07-31,1518.827,1504.167
2013-08-01,1513.802,1537.81
2013-08-02,1550.887,1536.505
2013-08-05,1540.488,1554.188
2013-08-06,1547.61,1556.297
2013-08-07,1554.882,1551.155
2013-08-08,1548.412,1544.624
2013-08-09,1554.755,1553.044
2013-08-12,1560.163,1610.265
2013-08-13,1610.791,1619.743
2013-08-14,1622.209,1610.218
2013-08-15,1608.621,1595.152
2013-08-16,1590.915,1592.794
2013-08-19,1576.57,1608.865
2013-08-20,1603.394,1594.54
2013-08-21,1601.3,1588.081
2013-08-22,1582.332,1582.618
2013-08-23,1591.747,1566.293
2013-08-26,1573.224,1601.379
2013-08-27,1598.742,1602.002
2013-08-28,1591.348,1592.869
2013-08-29,1604.276,1588.153
2013-08-30,1586.522,1589.777
2013-09-02,1594.986,1591.934
2013-09-03,1596.467,1614.537
2013-09-04,1612.503,1613.537
2013-09-05,1615.527,1609.604
2013-09-06,1604.766,1625.854
2013-09-09,1643.176,1713.385
2013-09-10,1720.386,1737.581
2013-09-11,1745.501,1741.318
2013-09-12,1741.495,1772.664
2013-09-13,1764.032,1749.244
2013-09-16,1763.919,1738.248
2013-09-17,1744.385,1698.629
2013-09-18,1698.608,1700.587
2013-09-23,1707.898,1713.084
2013-09-24,1709.986,1673.558
2013-09-25,1671.538,1661.607
2013-09-26,1658.183,1632.695
2013-09-27,1630.686,1639.152
2013-09-30,1648.149,1643.055
2013-10-08,1637.975,1659.713
2013-10-09,1653.087,1668.476
2013-10-10,1670.786,1637.933
2013-10-11,1649.85,1669.268
2013-10-14,1670.728,1662.168
2013-10-15,1665.634,1656.259
2013-10-16,1652.585,1634.223
2013-10-17,1642.333,1627.177
2013-10-18,1630.552,1636.8
2013-10-21,1640.284,1657.583
2013-10-22,1656.638,1640.066
2013-10-23,1646.934,1638.499
2013-10-24,1633.931,1621.605
2013-10-25,1622.007,1611.519
2013-10-28,1614.678,1610.686
2013-10-29,1615.428,1633.721
2013-10-30,1634.279,1653.417
2013-10-31,1645.122,1631.047
2013-11-01,1633.029,1644.752
2013-11-04,1654.106,1638.512
2013-11-05,1629.793,1633.662
2013-11-06,1623.85,1614.214
2013-11-07,1615.505,1610.584
2013-11-08,1603.221,1587.44
2013-11-11,1587.587,1591.139
2013-11-12,1595.649,1610.777
2013-11-13,1598.998,1569.245
2013-11-14,1571.598,1572.729
2013-11-15,1573.912,1604.823
2013-11-18,1618.164,1675.159
2013-11-19,1674.716,1659.53
2013-11-20,1671.548,1663.759
2013-11-21,1654.446,1648.086
2013-11-22,1651.942,1642.496
2013-11-25,1633.841,1633.782
2013-11-26,1633.844,1630.94
2013-11-27,1630.481,1648.789
2013-11-28,1651.627,1664.625
2013-11-29,1668.947,1661.409
2013-12-02,1662.389,1678.867
2013-12-03,1672.197,1681.509
2013-12-04,1678.958,1699.176
2013-12-05,1700.528,1692.38
2013-12-06,1688.019,1675.255
2013-12-09,1681.206,1669.872
2013-12-10,1673.516,1670.553
2013-12-11,1662.091,1639.182
2013-12-12,1634.472,1631.914
2013-12-13,1617.307,1626.41
2013-12-16,1627.099,1602.455
2013-12-17,1604.711,1597.265
2013-12-18,1596.636,1598.678
2013-12-19,1605.645,1580.113
2013-12-20,1580.906,1537.413
2013-12-23,1541.366,1541.265
2013-12-24,1547.199,1539.599
2013-12-25,1542.043,1547.359
2013-12-26,1543.871,1524.883
2013-12-27,1528.346,1550.221
2013-12-30,1557.509,1547.919
2013-12-31,1541.582,1574.781
2014-01-02,1570.049,1561.099
2014-01-03,1553.446,1536.067
2014-01-06,1534.496,1512.93
2014-01-07,1500.978,1510.654
2014-01-08,1512.09,1515.333
2014-01-09,1511.976,1503.881
2014-01-10,1500.005,1498.268
2014-01-13,1500.858,1494.613
2014-01-14,1493.889,1499.285
2014-01-15,1496.828,1488.509
2014-01-16,1489.047,1493.094
2014-01-17,1487.802,1475.671
2014-01-20,1472.394,1464.842
2014-01-21,1467.15,1478.884
2014-01-22,1480.842,1514.121
2014-01-23,1511.793,1499.031
2014-01-24,1493.689,1502.065
2014-01-27,1491.825,1478.865
2014-01-28,1483.409,1487.803
2014-01-29,1493.213,1494.49
2014-01-30,1489.506,1477.345
2014-02-07,1467.362,1475.343
2014-02-10,1480.595,1505.834
2014-02-11,1505.66,1528.322
2014-02-12,1528.884,1527.001
2014-02-13,1525.525,1528.015
2014-02-14,1527.212,1534.239
2014-02-17,1545.182,1538.105
2014-02-18,1535.887,1508.541
2014-02-19,1507.494,1533.396
2014-02-20,1537.938,1520.138
2014-02-21,1517.916,1505.331
2014-02-24,1492.285,1468.06
2014-02-25,1469.257,1440.892
2014-02-26,1434.861,1444.198
2014-02-27,1449.141,1452.461
2014-02-28,1447.772,1464.321
2014-03-03,1459.857,1462.686
2014-03-04,1458.675,1464.284
2014-03-05,1466.011,1448.331
2014-03-06,1446.569,1459.508
2014-03-07,1456.086,1455.585
2014-03-10,1442.976,1408.873
2014-03-11,1406.066,1412.733
2014-03-12,1408.051,1418.698
2014-03-13,1425.844,1437.392
2014-03-14,1429.784,1426.395
2014-03-17,1435.267,1434.157
2014-03-18,1437.54,1427.63
2014-03-19,1422.342,1418.707
2014-03-20,1415.669,1406.915
2014-03-21,1402.813,1464.08
2014-03-24,1468.81,1477.532
2014-03-25,1473.182,1470.121
2014-03-26,1476.248,1467.08
2014-03-27,1464.172,1464.53
2014-03-28,1465.031,1472.047
2014-03-31,1473.151,1465.783
2014-04-01,1463.707,1473.142
2014-04-02,1475.938,1491.303
2014-04-03,1498.111,1477.488
2014-04-04,1471.487,1490.334
2014-04-08,1488.647,1534.747
2014-04-09,1535.214,1530.875
2014-04-10,1532.222,1570.397
2014-04-11,1568.242,1565.308
2014-04-14,1562.191,1557.7
2014-04-15,1550.426,1523.22
2014-04-16,1519.241,1527.054
2014-04-17,1533.067,1520.562
2014-04-18,1513.681,1521.278
2014-04-21,1510.182,1493.756
2014-04-22,1492.077,1509.547
2014-04-23,1504.536,1507.041
2014-04-24,1506.593,1510.285
2014-04-25,1516.685,1501.046
2014-04-28,1499.685,1483.776
2014-04-29,1484.005,1496.009
2014-04-30,1499.12,1494.808
2014-05-05,1490.102,1487.532
2014-05-06,1484.007,1485.25
2014-05-07,1481.944,1476.176
2014-05-08,1474.726,1478.717
2014-05-09,1482.323,1480.737
2014-05-12,1492.628,1508.387
2014-05-13,1507.004,1503.517
2014-05-14,1504.424,1500.825
2014-05-15,1499.217,1488.771
2014-05-16,1489.503,1487.735
2014-05-19,1482.043,1459.212
2014-05-20,1466.053,1460.82
2014-05-21,1454.488,1474.139
2014-05-22,1472.341,1471.552
2014-05-23,1472.409,1484.375
2014-05-26,1493.343,1486.049
2014-05-27,1484.818,1479.733
2014-05-28,1479.495,1491.756
2014-05-29,1492.659,1484.307
2014-05-30,1485.102,1482.096
2014-06-03,1482.439,1477.522
2014-06-04,1478.2,1466.387
2014-06-05,1465.536,1484.241
2014-06-06,1484.521,1472.268
2014-06-09,1466.639,1475.347
2014-06-10,1479.865,1493.533
2014-06-11,1489.367,1488.764
2014-06-12,1486.893,1483.861
2014-06-13,1483.58,1502.961
2014-06-16,1503.662,1518.705
2014-06-17,1512.461,1501.939
2014-06-18,1501.194,1495.431
2014-06-19,1496.659,1478.038
2014-06-20,1475.937,1484.479
2014-06-23,1483.656,1475.76
2014-06-24,1471.734,1480.128
2014-06-25,1477.093,1469.954
2014-06-26,1471.646,1478.006
2014-06-27,1475.72,1473.756
2014-06-30,1475.719,1482.405
2014-07-01,1486.792,1481.663
2014-07-02,1481.331,1484.841
2014-07-03,1481.849,1489.545
2014-07-04,1489.816,1492.463
2014-07-07,1493.068,1492.836
2014-07-08,1491.721,1491.964
2014-07-09,1490.945,1475.137
2014-07-10,1475.177,1471.168
2014-07-11,1462.349,1468.541
2014-07-14,1468.692,1482.777
2014-07-15,1481.109,1484.662
2014-07-16,1482.327,1483.176
2014-07-17,1479.121,1473.668
2014-07-18,1466.577,1478.755
2014-07-21,1478.725,1479.837
2014-07-22,1476.225,1495.927
2014-07-23,1495.247,1506.755
2014-07-24,1508.981,1541.899
2014-07-25,1546.521,1557.015
2014-07-28,1566.329,1609.477
2014-07-29,1610.913,1611.852
2014-07-30,1606.717,1601.377
2014-07-31,1602.67,1621.847
2014-08-01,1616.794,1607.974
2014-08-04,1614.901,1644.634
2014-08-05,1644.234,1632.408
2014-08-06,1624.028,1619.012
2014-08-07,1619.201,1593.419
2014-08-08,1595.191,1595.662
2014-08-11,1601.305,1619.253
2014-08-12,1615.137,1607.91
2014-08-13,1609.456,1610.139
2014-08-14,1610.39,1596.839
2014-08-15,1598.522,1612.004
2014-08-18,1614.225,1613.127
2014-08-19,1614.392,1609.093
2014-08-20,1605.504,1600.338
2014-08-21,1599.551,1587.025
2014-08-22,1585.11,1594.183
2014-08-25,1594.706,1577.425
2014-08-26,1575.779,1573.391
2014-08-27,1573.523,1572.791
2014-08-28,1573.529,1563.889
2014-08-29,1570.395,1581.284
2014-09-01,1582.023,1586.022
2014-09-02,1588.619,1607.499
2014-09-03,1609.301,1624.032
2014-09-04,1626.913,1637.287
2014-09-05,1643.277,1656.237
2014-09-09,1657.61,1645.112
2014-09-10,1637.485,1629.985
2014-09-11,1627.959,1622.815
2014-09-12,1619.05,1630.204
2014-09-15,1625.868,1624.068
2014-09-16,1626.389,1600.916
2014-09-17,1607.158,1604.916
2014-09-18,1601.496,1609.869
2014-09-19,1609.856,1619.581
2014-09-22,1613.814,1583.886
2014-09-23,1584.289,1595.642
2014-09-24,1589.345,1625.731
2014-09-25,1633.445,1618.524
2014-09-26,1613.912,1616.088
2014-09-29,1621.088,1621.816
2014-09-30,1623.041,1619.697
2014-10-08,1625.258,1633.571
2014-10-09,1633.541,1634.042
2014-10-10,1626.578,1621.713
2014-10-13,1614.197,1605.986
2014-10-14,1603.347,1600.299
2014-10-15,1599.895,1612.772
2014-10-16,1602.383,1608.735
2014-10-17,1608.983,1608.516
2014-10-20,1613.801,1612.402
2014-10-21,1612.095,1600.844
2014-10-22,1602.451,1597.125
2014-10-23,1595.819,1586.557
2014-10-24,1587.907,1583.419
2014-10-27,1572.886,1559.906
2014-10-28,1562.748,1585.744
2014-10-29,1591.278,1608.402
2014-10-30,1607.482,1619.096
2014-10-31,1623.649,1657.286
2014-11-03,1662.748,1651.052
2014-11-04,1648.112,1645.624
2014-11-05,1645.291,1637.625
2014-11-06,1639.926,1635.964
2014-11-07,1637.139,1640.323
2014-11-10,1671.225,1689.024
2014-11-11,1701.224,1710.882
2014-11-12,1699.202,1731.021
2014-11-13,1734.169,1726.337
2014-11-14,1719.583,1728.805
2014-11-17,1758.991,1708.096
2014-11-18,1709.136,1679.423
2014-11-19,1675.843,1671.654
2014-11-20,1667.138,1676.598
2014-11-21,1676.395,1714.711
2014-11-24,1729.27,1758.096
2014-11-25,1757.676,1777.673
2014-11-26,1786.933,1820.489
2014-11-27,1834.245,1853.004
2014-11-28,1853.548,1914.44
2014-12-01,1936.811,1920.38
2014-12-02,1910.374,2021.54
2014-12-03,2031.132,2037.585
2014-12-04,2043.466,2160.66
2014-12-05,2201.819,2200.253
2014-12-08,2187.504,2298.849
2014-12-09,2283.161,2182.693
2014-12-10,2198.843,2254.823
2014-12-11,2211.544,2193.542
2014-12-12,2186.738,2193.287
2014-12-15,2170.28,2201.536
2014-12-16,2205.882,2299.278
2014-12-17,2326.846,2383.948
2014-12-18,2389.843,2364.041
2014-12-19,2366.451,2390.28
2014-12-22,2393.044,2426.684
2014-12-23,2392.614,2374.954
2014-12-24,2381.409,2270.883
2014-12-25,2295.218,2359.655
2014-12-26,2365.032,2464.819
2014-12-29,2533.987,2481.663
2014-12-30,2481.084,2523.627
2014-12-31,2529.575,2581.567
2015-01-05,2612.85,2649.639
2015-01-06,2616.291,2629.402
2015-01-07,2608.877,2635.231
2015-01-08,2647.817,2558.107
2015-01-09,2554.286,2569.019
2015-01-12,2565.737,2543.852
2015-01-13,2537.975,2527.828
2015-01-14,2539.249,2534.23
2015-01-15,2534.766,2632.89
2015-01-16,2642.744,2653.034
2015-01-19,2448.927,2410.201
2015-01-20,2381.143,2403.724
2015-01-21,2425.261,2542.318
2015-01-22,2546.701,2544.308
2015-01-23,2556.915,2564.514
2015-01-26,2563.91,2562.363
2015-01-27,2570.432,2522.103
2015-01-28,2497.05,2486.285
2015-01-29,2444.395,2442.038
2015-01-30,2456.054,2405.38
2015-02-02,2337.196,2332.533
2015-02-03,2362.413,2405.76
2015-02-04,2412.754,2372.455
2015-02-05,2456.384,2348.921
2015-02-06,2335.362,2325.241
2015-02-09,2319.241,2366.766
2015-02-10,2363.159,2403.548
2015-02-11,2408.079,2415.128
2015-02-12,2415.139,2416.449
2015-02-13,2426.953,2427.474
2015-02-16,2427.168,2431.21
2015-02-17,2437.689,2445.26
2015-02-25,2448.199,2407.457
2015-02-26,2401.138,2478.061
2015-02-27,2476.486,2474.595
2015-03-02,2495.571,2479.237
2015-03-03,2462.003,2396.805
2015-03-04,2403.862,2397.993
2015-03-05,2379.732,2366.899
2015-03-06,2370.885,2371.623
2015-03-09,2352.223,2429.867
2015-03-10,2413.837,2395.428
2015-03-11,2401.261,2408.503
2015-03-12,2444.415,2485.114
2015-03-13,2494.345,2495.277
2015-03-16,2512.353,2550.861
2015-03-17,2576.413,2583.198
2015-03-18,2595.739,2649.642
2015-03-19,2649.002,2630.243
2015-03-20,2642.798,2680.679
2015-03-23,2700.157,2720.671
2015-03-24,2719.506,2683.647
2015-03-25,2674.352,2649.161
2015-03-26,2637.527,2687.762
2015-03-27,2693.189,2689.24
2015-03-30,2716.431,2784.456
2015-03-31,2826.634,2754.658
2015-04-01,2758.962,2799.451
2015-04-02,2821.214,2781.641
2015-04-03,2771.03,2817.181
2015-04-07,2854.407,2889.452
2015-04-08,2907.584,2952.079
2015-04-09,2973.811,2931.772
2015-04-10,2925.926,2986.605
2015-04-13,3040.007,3041.125
2015-04-14,3057.407,3052.407
2015-04-15,3054.017,3053.304
2015-04-16,3045.851,3183.302
2015-04-17,3251.977,3235.332
2015-04-20,3267.851,3164.461
2015-04-21,3163.288,3214.364
2015-04-22,3219.696,3299.221
2015-04-23,3311.071,3273.398
2015-04-24,3226.384,3223.958
2015-04-27,3257.97,3308.454
2015-04-28,3309.529,3282.33
2015-04-29,3268.518,3283.282
2015-04-30,3290.581,3250.49
2015-05-04,3250.125,3272.005
2015-05-05,3266.809,3148.813
2015-05-06,3175.886,3139.02
2015-05-07,3116.788,3094.883
2015-05-08,3126.002,3110.455
2015-05-11,3112.241,3169.134
2015-05-12,3162.671,3188.313
2015-05-13,3188.061,3141.296
2015-05-14,3136.128,3128.572
2015-05-15,3122.894,3060.411
2015-05-18,3032.708,2998.389
2015-05-19,2996.841,3116.086
2015-05-20,3127.566,3122.85
2015-05-21,3132.335,3150.901
2015-05-22,3180.39,3248.855
2015-05-25,3263.96,3349.945
2015-05-26,3382.76,3386.593
2015-05-27,3390.981,3344.738
2015-05-28,3336.7,3124.621
2015-05-29,3127.636,3111.334
2015-06-01,3114.793,3244.319
2015-06-02,3240.796,3258.31
2015-06-03,3251.909,3238.428
2015-06-04,3244.459,3299.03
2015-06-05,3349.573,3303.988
2015-06-08,3333.833,3458.707
2015-06-09,3494.823,3413.996
2015-06-10,3362.807,3370.383
2015-06-11,3368.999,3347.116
2015-06-12,3364.443,3350.248
2015-06-15,3359.707,3262.479
2015-06-16,3233.147,3179.652
2015-06-17,3198.143,3211.707
2015-06-18,3183.229,3068.488
2015-06-19,3030.224,2903.057
2015-06-23,2907.075,3003.163
2015-06-24,3009.769,3045.244
2015-06-25,3069.4,2943.99
2015-06-26,2875.122,2736.695
2015-06-29,2802.772,2678.368
2015-06-30,2678.634,2870.025
2015-07-01,2823.944,2736.847
2015-07-02,2767.986,2714.247
2015-07-03,2674.557,2582.266
2015-07-06,2807.754,2749.998
2015-07-07,2682.501,2812.446
2015-07-08,2596.712,2608.977
2015-07-09,2575.343,2781.077
2015-07-10,2749.12,2898.41
2015-07-13,2855.7,2869.051
2015-07-14,2821.971,2763.073
2015-07-15,2725.924,2757.951
2015-07-16,2754.829,2742.847
2015-07-17,2756.866,2807.065
2015-07-20,2798.56,2783.761
2015-07-21,2757.66,2772.774
2015-07-22,2757.284,2739.786
2015-07-23,2741.424,2790.764
2015-07-24,2794.054,2741.044
2015-07-27,2698.798,2493.29
2015-07-28,2427.028,2485.674
2015-07-29,2496.895,2531.445
2015-07-30,2525.084,2467.367
2015-07-31,2452.047,2461.24
2015-08-03,2433.242,2479.724
2015-08-04,2476.158,2534.711
2015-08-05,2529.133,2487.062
2015-08-06,2452.528,2467.525
2015-08-07,2489.805,2503.796
2015-08-10,2527.616,2617.659
2015-08-11,2612.948,2590.71
2015-08-12,2562.681,2561.127
2015-08-13,2562.874,2580.778
2015-08-14,2588.432,2577.038
2015-08-17,2560.371,2550.467
2015-08-18,2554.076,2407.967
2015-08-19,2379.209,2430.281
2015-08-20,2406.57,2356.917
2015-08-21,2336.45,2271.359
2015-08-24,2195.457,2058.252
2015-08-25,1947.145,1914.052
2015-08-26,1930.201,1942.45
2015-08-27,1989.586,2094.722
2015-08-28,2120.358,2159.958
2015-08-31,2135.603,2210.447
2015-09-01,2155.956,2230.321
2015-09-02,2143.244,2243.631
2015-09-07,2215.176,2133.978
2015-09-08,2115.896,2180.131
2015-09-09,2186.371,2211.2
2015-09-10,2183.606,2208.481
2015-09-11,2199.585,2195.391
2015-09-14,2205.705,2228.154
2015-09-15,2179.239,2175.173
2015-09-16,2161.01,2241.949
2015-09-17,2223.403,2194.823
2015-09-18,2204.578,2198.99
2015-09-21,2185.077,2214.448
2015-09-22,2217.779,2237.314
2015-09-23,2208.252,2178.546
2015-09-24,2190.31,2188.088
2015-09-25,2180.287,2183.404
2015-09-28,2169.152,2169.941
2015-09-29,2139.797,2127.203
2015-09-30,2138.148,2146.118
2015-10-08,2231.025,2191.343
2015-10-09,2202.134,2219.294
2015-10-12,2223.325,2283.429
2015-10-13,2268.759,2270.948
2015-10-14,2263.592,2253.908
2015-10-15,2254.403,2297.901
2015-10-16,2310.354,2323.775
2015-10-19,2329.396,2318.472
2015-10-20,2312.531,2337.08
2015-10-21,2338.714,2340.36
2015-10-22,2306.067,2331.791
2015-10-23,2334.542,2343.965
2015-10-26,2366.838,2350.02
2015-10-27,2343.872,2349.904
2015-10-28,2338.386,2310.703
2015-10-29,2317.48,2307.345
2015-10-30,2307.759,2312.974
2015-11-02,2291.252,2280.092
2015-11-03,2283.802,2271.653
2015-11-04,2277.2,2370.503
2015-11-05,2368.608,2440.651
2015-11-06,2430.65,2493.484
2015-11-09,2501.725,2534.084
2015-11-10,2504.253,2522.683
2015-11-11,2516.346,2505.83
2015-11-12,2513.107,2476.429
2015-11-13,2454.178,2447.773
2015-11-16,2410.039,2447.293
2015-11-17,2462.217,2453.257
2015-11-18,2455.576,2439.447
2015-11-19,2444.878,2468.488
2015-11-20,2469.699,2466.757
2015-11-23,2465.811,2456.84
2015-11-24,2449.973,2447.904
2015-11-25,2441.728,2459.563
2015-11-26,2468.519,2450.962
2015-11-27,2438.179,2334.44
2015-11-30,2325.071,2336.29
2015-12-01,2334.143,2344.833
2015-12-02,2341.425,2458.411
2015-12-03,2441.906,2461.449
2015-12-04,2438.386,2397.562
2015-12-07,2398.088,2395.584
2015-12-08,2381.675,2364.344
2015-12-09,2357.876,2369.738
2015-12-10,2369.588,2357.209
2015-12-11,2346.863,2342.453
2015-12-14,2319.198,2414.917
2015-12-15,2408.153,2383.832
2015-12-16,2389.252,2376.535
2015-12-17,2391.402,2408.321
2015-12-18,2405.857,2422.835
2015-12-21,2415.63,2500.064
2015-12-22,2499.658,2496.054
2015-12-23,2497.366,2503.059
2015-12-24,2498.768,2481.754
2015-12-25,2483.657,2492.336
2015-12-28,2498.781,2411.408
2015-12-29,2408.925,2432.88
2015-12-30,2432.183,2432.773
2015-12-31,2426.811,2420.801
2016-01-04,2417.025,2270.461
2016-01-05,2230.08,2288.113
2016-01-06,2284.923,2317.647
2016-01-07,2281.881,2180.589
2016-01-08,2225.475,2219.612
2016-01-11,2182.846,2120.234
2016-01-12,2135.939,2131.368
2016-01-13,2152.717,2105.507
2016-01-14,2056.408,2132.076
2016-01-15,2119.562,2070.928
2016-01-18,2040.406,2069.275
2016-01-19,2075.186,2128.574
2016-01-20,2115.126,2088.723
2016-01-21,2069.386,2040.978
2016-01-22,2062.626,2061.962
2016-01-25,2067.563,2065.444
2016-01-26,2046.04,1951.614
2016-01-27,1961.399,1953.465
2016-01-28,1943.826,1912.721
2016-01-29,1915.127,1973.005
2016-02-01,1970.214,1937.073
2016-02-02,1935.216,1969.616
2016-02-03,1947.833,1952.367
2016-02-04,1962.866,1974.236
2016-02-05,1970.688,1967.26
2016-02-15,1916.424,1948.275
2016-02-16,1957.915,2000.903
2016-02-17,1997.679,2014.443
2016-02-18,2022.55,2009.273
2016-02-19,2005.413,2004.107
2016-02-22,2025.18,2053.863
2016-02-23,2051.567,2029.522
2016-02-24,2020.592,2041.388
2016-02-25,2038.16,1932.602
2016-02-26,1946.961,1955.395
2016-02-29,1951.676,1944.611
2016-03-01,1944.562,1973.194
2016-03-02,1980.462,2043.407
2016-03-03,2043.374,2053.273
2016-03-04,2045.115,2122.269
2016-03-07,2122.552,2107.673
2016-03-08,2102.248,2115.158
2016-03-09,2073.272,2111.919
2016-03-10,2089.861,2061.451
2016-03-11,2043.25,2070.724
2016-03-14,2079.907,2078.41
2016-03-15,2077.508,2101.117
2016-03-16,2087.279,2136.128
2016-03-17,2135.059,2131.481
2016-03-18,2140.267,2141.177
2016-03-21,2156.951,2193.385
2016-03-22,2181.985,2173.256
2016-03-23,2170.163,2175.283
2016-03-24,2161.171,2137.59
2016-03-25,2137.154,2149.204
2016-03-28,2152.807,2123.035
2016-03-29,2127.804,2106.862
2016-03-30,2124.531,2157.53
2016-03-31,2166.421,2156.541
2016-04-01,2156.776,2167.782
2016-04-05,2151.369,2180.262
2016-04-06,2167.449,2168.037
2016-04-07,2174.883,2139.404
2016-04-08,2125.449,2123.804
2016-04-11,2140.564,2148.439
2016-04-12,2147.811,2143.896
2016-04-13,2157.212,2171.315
2016-04-14,2183.121,2178.868
2016-04-15,2182.114,2182.067
2016-04-18,2166.003,2158.23
2016-04-19,2169.894,2163.607
2016-04-20,2166.284,2154.886
2016-04-21,2138.287,2147.718
2016-04-22,2135.919,2157.724
2016-04-25,2149.25,2148.28
2016-04-26,2146.413,2155.791
2016-04-27,2157.859,2145.38
2016-04-28,2149.065,2142.057
2016-04-29,2136.844,2135.509
2016-05-03,2136.198,2158.272
2016-05-04,2152.434,2152.934
2016-05-05,2149.466,2152.882
2016-05-06,2152.502,2107.009
2016-05-09,2100.643,2072.467
2016-05-10,2061.989,2072.382
2016-05-11,2078.287,2078.413
2016-05-12,2067.747,2084.838
2016-05-13,2079.645,2076.188
2016-05-16,2068.924,2082.616
2016-05-17,2081.569,2075.465
2016-05-18,2067.716,2078.759
2016-05-19,2072.367,2073.804
2016-05-20,2067.464,2083.117
2016-05-23,2082.972,2082.412
2016-05-24,2080.014,2066.643
2016-05-25,2079.482,2071.907
2016-05-26,2070.237,2076.137
2016-05-27,2075.207,2074.92
2016-05-30,2076.933,2092.161
2016-05-31,2092.216,2155.656
2016-06-01,2155.504,2138.963
2016-06-02,2138.208,2137.652
2016-06-03,2146.557,2152.637
2016-06-06,2148.963,2136.323
2016-06-07,2141.652,2139.069
2016-06-08,2137.181,2132.963
2016-06-13,2113.912,2084.3
2016-06-14,2080.903,2095.023
2016-06-15,2073.469,2106.631
2016-06-16,2095.362,2094.815
2016-06-17,2093.692,2102.201
2016-06-20,2109.567,2104.22
2016-06-21,2108.866,2104.558
2016-06-22,2101.054,2115.769
2016-06-23,2114.774,2105.532
2016-06-24,2099.998,2076.3
2016-06-27,2070.941,2095.893
2016-06-28,2089.348,2102.053
2016-06-29,2105.763,2122.97
2016-06-30,2123.867,2122.633
2016-07-01,2124.4,2127.094
2016-07-04,2121.897,2163.292
2016-07-05,2162.094,2168.855
2016-07-06,2161.577,2167.101
2016-07-07,2161.359,2166.884
2016-07-08,2156.385,2148.761
2016-07-11,2152.739,2155.716
2016-07-12,2156.631,2200.348
2016-07-13,2195.981,2197.788
2016-07-14,2195.338,2195.227
2016-07-15,2196.954,2192.394
2016-07-18,2190.469,2187.983
2016-07-19,2188.8,2175.397
2016-07-20,2173.546,2167.121
2016-07-21,2168.476,2177.778
2016-07-22,2175.975,2157.232
2016-07-25,2155.324,2159.554
2016-07-26,2156.813,2182.505
2016-07-27,2182.72,2173.973
2016-07-28,2160.163,2163.809
2016-07-29,2163.641,2155.239
2016-08-01,2151.542,2147.558
2016-08-02,2145.821,2148.455
2016-08-03,2140.153,2145.788
2016-08-04,2145.658,2143.844
2016-08-05,2142.335,2148.682
2016-08-08,2147.696,2159.673
2016-08-09,2159.31,2175.345
2016-08-10,2175.134,2170.103
2016-08-11,2168.133,2177.064
2016-08-12,2177.802,2222.488
2016-08-15,2227.079,2287.656
2016-08-16,2293.811,2257.699
2016-08-17,2260.926,2253.736
2016-08-18,2253.117,2244.72
2016-08-19,2241.673,2249.342
2016-08-22,2249.08,2237.128
2016-08-23,2235.391,2241.952
2016-08-24,2242.909,2232.213
2016-08-25,2224.513,2222.152
2016-08-26,2223.307,2219.308
2016-08-29,2219.02,2214.259
2016-08-30,2215.84,2224.062
2016-08-31,2222.02,2232.712
2016-09-01,2230.363,2220.403
2016-09-02,2216.288,2229.893
2016-09-05,2230.412,2228.718
2016-09-06,2227.439,2232.451
2016-09-07,2233.034,2236.546
2016-09-08,2234.946,2236.626
2016-09-09,2236.39,2229.31
2016-09-12,2201.676,2199.976
2016-09-13,2197.379,2193.193
2016-09-14,2184.111,2176.523
2016-09-19,2178.76,2189.461
2016-09-20,2190.097,2184.207
2016-09-21,2184.424,2187.154
2016-09-22,2195.246,2200.698
2016-09-23,2202.698,2196.29
2016-09-26,2190.39,2167.264
2016-09-27,2163.378,2176.448
2016-09-28,2177.415,2166.723
2016-09-29,2170.987,2175.37
2016-09-30,2171.939,2177.352
2016-10-10,2187.652,2202.873
2016-10-11,2205.354,2209.228
2016-10-12,2205.444,2200.997
2016-10-13,2201.34,2202.117
2016-10-14,2199.556,2209.815
2016-10-17,2207.353,2192.885
2016-10-18,2189.932,2222.783
2016-10-19,2222.781,2221.534
2016-10-20,2222.631,2223.424
2016-10-21,2221.383,2240.75
2016-10-24,2245.458,2270.95
2016-10-25,2270.017,2266.172
2016-10-26,2263.692,2257.116
2016-10-27,2254.322,2250.259
2016-10-28,2252.384,2253.802
2016-10-31,2247.99,2250.469
2016-11-01,2250.495,2263.479
2016-11-02,2256.118,2244.744
2016-11-03,2241.437,2273.633
2016-11-04,2271.845,2271.926
2016-11-07,2271.964,2276.954
2016-11-08,2284.008,2282.418
2016-11-09,2281.124,2263.924
2016-11-10,2279.943,2289.449
2016-11-11,2285.61,2308.429
2016-11-14,2304.607,2317.773
2016-11-15,2315.798,2310.901
2016-11-16,2312.498,2309.943
2016-11-17,2306.409,2316.721
2016-11-18,2318.896,2307.274
2016-11-21,2304.768,2334.678
2016-11-22,2334.685,2353.002
2016-11-23,2355.316,2360.336
2016-11-24,2356.847,2368.734
2016-11-25,2371.699,2393.946
2016-11-28,2406.703,2403.135
2016-11-29,2398.668,2441.579
2016-11-30,2435.805,2419.414
2016-12-01,2421.928,2431.306
2016-12-02,2427.167,2416.508
2016-12-05,2378.21,2375.258
2016-12-06,2371.112,2368.682
2016-12-07,2367.421,2376.919
2016-12-08,2380.658,2379.001
2016-12-09,2374.296,2411.314
2016-12-12,2408.086,2387.159
2016-12-13,2373.792,2372.931
2016-12-14,2369.496,2360.379
2016-12-15,2346.765,2309.816
2016-12-16,2302.874,2302.315
2016-12-19,2299.714,2291.384
2016-12-20,2293.4,2279.683
2016-12-21,2282.124,2297.371
2016-12-22,2293.348,2292.041
2016-12-23,2290.251,2278.478
2016-12-26,2266.384,2294.709
2016-12-27,2291.232,2286.962
2016-12-28,2286.407,2277.176
2016-12-29,2273.221,2275.106
2016-12-30,2276.81,2286.898
2017-01-03,2285.273,2307.892
2017-01-04,2305.912,2322.206
2017-01-05,2322.424,2322.684
2017-01-06,2323.006,2308.936
2017-01-09,2308.442,2318.337
2017-01-10,2316.157,2312.599
2017-01-11,2311.92,2300.475
2017-01-12,2299.49,2295.403
2017-01-13,2293.465,2308.055
2017-01-16,2303.318,2337.394
2017-01-17,2326.009,2329.595
2017-01-18,2330.142,2342.775
2017-01-19,2335.657,2334.957
2017-01-20,2334.487,2347.183
2017-01-23,2350.547,2347.105
2017-01-24,2347.502,2352.424
2017-01-25,2349.518,2358.697
2017-01-26,2359.428,2364.024
2017-02-03,2367.53,2339.989
2017-02-06,2346.444,2343.967
2017-02-07,2343.658,2337.535
2017-02-08,2334.682,2346.426
2017-02-09,2345.841,2354.901
2017-02-10,2357.589,2368.183
2017-02-13,2369.698,2379.306
2017-02-14,2381.101,2373.514
2017-02-15,2375.624,2372.192
2017-02-16,2373.313,2376.763
2017-02-17,2378.657,2362.709
2017-02-20,2361.761,2394.12
2017-02-21,2396.224,2396.884
2017-02-22,2397.487,2398.192
2017-02-23,2397.559,2387.417
2017-02-24,2385.051,2389.877
2017-02-27,2384.918,2370.559
2017-02-28,2369.471,2370.707
2017-03-01,2371.653,2371.925
2017-03-02,2376.971,2354.913
2017-03-03,2347.906,2347.146
2017-03-06,2346.037,2349.889
2017-03-07,2349.621,2356.293
2017-03-08,2353.617,2358.074
2017-03-09,2352.749,2346.553
2017-03-10,2343.308,2339.234
2017-03-13,2337.355,2354.89
2017-03-14,2353.719,2354.9
2017-03-15,2352.385,2357.307
2017-03-16,2362.358,2369.194
2017-03-17,2371.605,2346.96
2017-03-20,2352.115,2350.067
2017-03-21,2352.212,2357.136
2017-03-22,2347.858,2338.547
2017-03-23,2340.061,2347.434
2017-03-24,2350.692,2365.604
2017-03-27,2364.745,2364.428
2017-03-28,2368.155,2356.314
2017-03-29,2357.998,2352.694
2017-03-30,2350.92,2346.667
2017-03-31,2344.96,2359.752
2017-04-05,2369.489,2384.264
2017-04-06,2384.432,2390.389
2017-04-07,2390.914,2388.271
2017-04-10,2388.563,2379.157
2017-04-11,2374.923,2382.109
2017-04-12,2378.928,2378.863
2017-04-13,2369.607,2368.106
2017-04-14,2367.784,2355.52
2017-04-17,2348.751,2357.523
2017-04-18,2352.513,2337.351
2017-04-19,2331.66,2325.042
2017-04-20,2324.366,2335.647
2017-04-21,2336.445,2347.675
2017-04-24,2344.192,2341.93
2017-04-25,2337.521,2344.741
2017-04-26,2345.628,2344.505
2017-04-27,2337.456,2351.64
2017-04-28,2348.288,2347.039
2017-05-02,2341.748,2336.792
2017-05-03,2335.821,2329.766
2017-05-04,2325.008,2325.433
2017-05-05,2318.922,2320.602
2017-05-08,2309.244,2326.097
2017-05-09,2312.85,2316.294
2017-05-10,2315.561,2324.922
2017-05-11,2318.049,2339.29
2017-05-12,2336.607,2375.45
2017-05-15,2380.274,2381.752
2017-05-16,2376.905,2381.317
2017-05-17,2377.121,2363.559
2017-05-18,2348.872,2354.753
2017-05-19,2351.52,2361.662
2017-05-22,2359.969,2381.553
2017-05-23,2378.744,2411.8
2017-05-24,2402.518,2407.571
2017-05-25,2399.36,2473.495
2017-05-26,2467.902,2471.214
2017-05-31,2470.935,2479.078
2017-06-01,2476.205,2496.448
2017-06-02,2494.369,2475.464
2017-06-05,2468.937,2450.346
2017-06-06,2447.04,2466.006
2017-06-07,2468.551,2484.033
2017-06-08,2481.165,2507.034
2017-06-09,2506.758,2519.273
2017-06-12,2515.576,2521.168
2017-06-13,2517.333,2515.143
2017-06-14,2505.064,2477.317
2017-06-15,2474.262,2461.974
2017-06-16,2454.841,2452.79
2017-06-19,2455.031,2484.116
2017-06-20,2489.2,2474.425
2017-06-21,2487.852,2497.254
2017-06-22,2491.924,2516.673
2017-06-23,2510.711,2529.098
2017-06-26,2531.281,2543.321
2017-06-27,2541.686,2554.7
2017-06-28,2548.157,2537.636
2017-06-29,2541.348,2552.975
2017-06-30,2543.787,2549.968
2017-07-03,2550.497,2534.368
2017-07-04,2531.526,2511.151
2017-07-05,2508.813,2548.099
2017-07-06,2543.909,2553.879
2017-07-07,2542.909,2543.658
2017-07-10,2538.158,2550.115
2017-07-11,2543.72,2570.592
2017-07-12,2570.913,2565.143
2017-07-13,2565.594,2600.954
2017-07-14,2600.764,2622.984
2017-07-17,2627.375,2631.414
2017-07-18,2619.23,2624.308
2017-07-19,2621.112,2657.888
2017-07-20,2653.379,2665.448
2017-07-21,2655.228,2639.213
2017-07-24,2636.551,2654.379
2017-07-25,2656.477,2643.073
2017-07-26,2642.259,2636.201
2017-07-27,2631.998,2636.626
2017-07-28,2627.159,2636.394
2017-07-31,2633.882,2638.124
2017-08-01,2640.867,2681.805
2017-08-02,2679.336,2680.631
2017-08-03,2676.348,2646.216
2017-08-04,2644.446,2627.803
2017-08-07,2621.546,2634.176
2017-08-08,2632.044,2635.184
2017-08-09,2630.67,2620.381
2017-08-10,2617.989,2611.341
2017-08-11,2592.038,2570.257
2017-08-14,2572.301,2591.454
2017-08-15,2593.072,2605.242
2017-08-16,2601.471,2595.002
2017-08-17,2599.042,2604.084
2017-08-18,2601.885,2613.265
2017-08-21,2619.038,2616.825
2017-08-22,2624.411,2643.503
2017-08-23,2641.792,2659.78
2017-08-24,2659.652,2646.402
2017-08-25,2645.449,2706.242
2017-08-28,2715.47,2736.462
2017-08-29,2734.446,2739.129
2017-08-30,2739.995,2728.231
2017-08-31,2729.469,2714.631
2017-09-01,2716.054,2710.119
2017-09-04,2703.33,2711.348
2017-09-05,2712.761,2729.848
2017-09-06,2721.948,2714.331
2017-09-07,2716.125,2691.829
2017-09-08,2692.798,2686.69
2017-09-11,2691.336,2674.75
2017-09-12,2682.249,2692.54
2017-09-13,2690.56,2687.671
2017-09-14,2688.4,2672.836
2017-09-15,2669.653,2668.376
2017-09-18,2670.198,2674.176
2017-09-19,2680.716,2670.691
2017-09-20,2667.24,2662.627
2017-09-21,2664.053,2675.551
2017-09-22,2666.666,2679.053
2017-09-25,2672.945,2680.652
2017-09-26,2673.545,2678.991
2017-09-27,2674.41,2661.553
2017-09-28,2661.541,2661.283
2017-09-29,2661.523,2672.327
2017-10-09,2736.835,2692.077
2017-10-10,2693.251,2695.537
2017-10-11,2694.498,2707.522
2017-10-12,2706.42,2718.351
2017-10-13,2716.004,2713.377
2017-10-16,2719.31,2726.642
2017-10-17,2725.2,2723.535
2017-10-18,2725.667,2753.011
2017-10-19,2750.636,2756.035
2017-10-20,2744.495,2737.641
2017-10-23,2744.325,2734.368
2017-10-24,2732.944,2753.649
2017-10-25,2753.93,2752.139
2017-10-26,2760.065,2771.044
2017-10-27,2770.529,2814.272
2017-10-30,2812.238,2809.107
2017-10-31,2795.538,2793.712
2017-11-01,2795.192,2789.402
2017-11-02,2788.114,2794.102
2017-11-03,2789.54,2800.469
2017-11-06,2798.472,2792.224
2017-11-07,2794.193,2821.956
2017-11-08,2818.67,2819.957
2017-11-09,2814.568,2832.961
2017-11-10,2828.122,2862.343
2017-11-13,2865.783,2873.515
2017-11-14,2876.748,2861.423
2017-11-15,2848.767,2850.05
2017-11-16,2840.362,2879.398
2017-11-17,2868.519,2938.798
2017-11-20,2916.738,2941.153
2017-11-21,2928.924,2987.173
2017-11-22,3001.951,3012.355
2017-11-23,3003.777,2940.726
2017-11-24,2934.447,2936.834
2017-11-27,2928.358,2917.306
2017-11-28,2900.078,2897.107
2017-11-29,2905.331,2893.283
2017-11-30,2878.525,2863.447
2017-12-01,2861.897,2842.184
2017-12-04,2829.811,2861.361
2017-12-05,2852.82,2910.476
2017-12-06,2897.225,2875.732
2017-12-07,2868.204,2848.888
2017-12-08,2843.202,2865.341
2017-12-11,2862.606,2899.104
2017-12-12,2897.665,2850.197
2017-12-13,2850.468,2872.94
2017-12-14,2874.946,2850.046
2017-12-15,2844.102,2820.167
2017-12-18,2821.419,2829.059
2017-12-19,2829.549,2873.03
2017-12-20,2874.055,2879.643
2017-12-21,2871.683,2895.366
2017-12-22,2891.721,2880.773
2017-12-25,2882.278,2880.097
2017-12-26,2878.754,2894.336
2017-12-27,2886.7,2839.635
2017-12-28,2842.731,2859.054
2017-12-29,2861.919,2860.436
2018-01-02,2867.528,2908.732
2018-01-03,2914.279,2913.26
2018-01-04,2918.256,2919.479
2018-01-05,2926.778,2932.356
2018-01-08,2933.825,2947.761
2018-01-09,2947.55,2969.318
2018-01-10,2968.344,2995.564
2018-01-11,2986.792,2997.045
2018-01-12,2997.901,3018.596
2018-01-15,3027.203,3048.808
2018-01-16,3041.364,3063.861
2018-01-17,3071.499,3076.182
2018-01-18,3096.201,3106.552
2018-01-19,3122.672,3117.821
2018-01-22,3104.959,3130.33
2018-01-23,3145.108,3176.504
2018-01-24,3189.768,3180.332
2018-01-25,3171.35,3157.459
2018-01-26,3147.478,3172.778
2018-01-29,3184.298,3120.695
2018-01-30,3109.185,3079.118
2018-01-31,3063.234,3116.833
2018-02-01,3120.133,3141.23
2018-02-02,3113.299,3149.641
2018-02-05,3098.672,3181.339
2018-02-06,3114.347,3117.491
2018-02-07,3147.323,3029.601
2018-02-08,2998.603,2945.844
2018-02-09,2857.433,2810.027
2018-02-12,2803.859,2805.211
2018-02-13,2834.39,2852.717
2018-02-14,2859.866,2871.787
2018-02-22,2915.969,2931.882
2018-02-23,2941.421,2957.171
2018-02-26,2973.814,2973.786
2018-02-27,2979.768,2927.097
2018-02-28,2899.002,2878.667
2018-03-01,2859.09,2891.298
2018-03-02,2864.175,2864.183
2018-03-05,2865.202,2863.991
2018-03-06,2878.918,2892.475
2018-03-07,2892.442,2878.151
2018-03-08,2878.82,2898.254
2018-03-09,2907.042,2908.197
2018-03-12,2922.618,2909.579
2018-03-13,2909.248,2883.377
2018-03-14,2871.723,2871.334
2018-03-15,2860.414,2894.983
2018-03-16,2895.506,2870.732
2018-03-19,2870.365,2897.256
2018-03-20,2878.953,2904.397
2018-03-21,2929.0,2894.184
2018-03-22,2894.129,2866.67
2018-03-23,2786.531,2791.467
2018-03-26,2767.364,2738.868
2018-03-27,2775.635,2747.587
2018-03-28,2714.874,2694.826
2018-03-29,2699.136,2738.791
2018-03-30,2735.624,2722.153
2018-04-02,2717.118,2711.374
2018-04-03,2690.633,2697.272
2018-04-04,2706.421,2702.369
2018-04-09,2706.329,2715.732
2018-04-10,2719.517,2780.804
2018-04-11,2782.671,2785.339
2018-04-12,2785.121,2749.699
2018-04-13,2765.67,2726.396
2018-04-16,2716.579,2664.705
2018-04-17,2669.265,2635.703
2018-04-18,2666.617,2653.769
2018-04-19,2661.301,2682.552
2018-04-20,2672.358,2647.376
2018-04-23,2637.071,2664.918
2018-04-24,2669.61,2722.847
2018-04-25,2707.71,2702.98
2018-04-26,2712.517,2666.024
2018-04-27,2672.636,2653.544
2018-05-02,2662.079,2652.731
2018-05-03,2643.966,2663.975
2018-05-04,2659.272,2646.355
2018-05-07,2649.1,2683.849
2018-05-08,2683.841,2722.88
2018-05-09,2723.086,2717.239
2018-05-10,2727.516,2729.4
2018-05-11,2737.228,2724.716
2018-05-14,2736.975,2753.535
2018-05-15,2760.198,2750.831
2018-05-16,2739.895,2716.782
2018-05-17,2720.772,2700.877
2018-05-18,2697.717,2740.535
2018-05-21,2753.879,2745.804
2018-05-22,2744.324,2728.0
2018-05-23,2721.021,2683.693
2018-05-24,2684.132,2665.676
2018-05-25,2663.321,2661.291
2018-05-28,2661.208,2673.199
2018-05-29,2666.83,2663.403
2018-05-30,2632.713,2605.901
2018-05-31,2626.938,2658.292
2018-06-01,2652.251,2647.187
2018-06-04,2664.845,2694.577
2018-06-05,2697.693,2707.017
2018-06-06,2702.712,2692.181
2018-06-07,2697.512,2695.237
2018-06-08,2686.093,2652.082
2018-06-11,2644.427,2660.408
2018-06-12,2662.387,2687.702
2018-06-13,2681.313,2671.627
2018-06-14,2662.234,2671.298
2018-06-15,2657.59,2667.975
2018-06-19,2638.395,2599.78
2018-06-20,2588.119,2598.328
2018-06-21,2597.303,2579.052
2018-06-22,2564.868,2583.708
2018-06-25,2593.625,2536.46
2018-06-26,2516.083,2506.717
2018-06-27,2500.066,2452.639
2018-06-28,2431.86,2425.176
2018-06-29,2431.809,2479.912
2018-07-02,2473.312,2386.377
2018-07-03,2389.36,2388.976
2018-07-04,2381.253,2368.425
2018-07-05,2370.863,2374.355
2018-07-06,2378.869,2402.617
2018-07-09,2410.517,2471.285
2018-07-10,2475.978,2471.23
2018-07-11,2420.179,2432.279
2018-07-12,2425.666,2474.625
2018-07-13,2480.821,2476.864
2018-07-16,2471.152,2448.765
2018-07-17,2443.548,2430.445
2018-07-18,2437.376,2420.759
2018-07-19,2432.892,2426.163
2018-07-20,2426.097,2493.765
2018-07-23,2482.048,2526.813
2018-07-24,2534.072,2563.584
2018-07-25,2573.929,2563.687
2018-07-26,2570.484,2530.991
2018-07-27,2529.66,2525.092
2018-07-30,2525.381,2541.308
2018-07-31,2537.029,2545.124
2018-08-01,2557.605,2490.245
2018-08-02,2483.757,2440.313
2018-08-03,2438.844,2413.503
2018-08-06,2417.302,2406.537
2018-08-07,2416.012,2479.78
2018-08-08,2476.401,2446.998
2018-08-09,2437.449,2504.617
2018-08-10,2505.31,2503.206
2018-08-13,2480.101,2478.509
2018-08-14,2475.467,2469.2
2018-08-15,2467.247,2408.722
2018-08-16,2381.009,2405.164
2018-08-17,2427.471,2374.173
2018-08-20,2386.143,2409.129
2018-08-21,2411.983,2452.383
2018-08-22,2461.401,2450.154
2018-08-23,2453.655,2461.067
2018-08-24,2449.372,2471.999
2018-08-27,2484.409,2522.34
2018-08-28,2524.922,2511.145
2018-08-29,2506.149,2503.48
2018-08-30,2506.53,2479.21
2018-08-31,2462.796,2474.477
2018-09-03,2461.86,2465.88
2018-09-04,2467.253,2500.438
2018-09-05,2488.904,2441.23
2018-09-06,2432.395,2416.033
2018-09-07,2424.417,2437.677
2018-09-10,2431.178,2413.426
2018-09-11,2412.181,2398.768
2018-09-12,2389.285,2381.388
2018-09-13,2413.41,2415.312
2018-09-14,2421.66,2425.421
2018-09-17,2411.377,2399.881
2018-09-18,2391.946,2458.768
2018-09-19,2455.442,2487.077
2018-09-20,2492.395,2487.422
2018-09-21,2495.738,2573.603
2018-09-25,2545.214,2547.791
2018-09-26,2555.921,2582.767
2018-09-27,2582.116,2575.449
2018-09-28,2580.656,2606.668
2018-10-08,2544.491,2486.822
2018-10-09,2481.589,2491.663
2018-10-10,2495.86,2494.056
2018-10-11,2412.221,2390.503
2018-10-12,2398.18,2444.131
2018-10-15,2443.731,2412.479
2018-10-16,2414.317,2415.492
2018-10-17,2446.478,2429.215
2018-10-18,2416.372,2369.068
2018-10-19,2353.836,2446.32
2018-10-22,2463.493,2540.152
2018-10-23,2539.651,2464.812
2018-10-24,2459.32,2477.488
2018-10-25,2419.113,2485.099
2018-10-26,2486.997,2468.91
2018-10-29,2461.924,2389.577
2018-10-30,2380.467,2415.649
2018-10-31,2424.161,2451.121
2018-11-01,2474.267,2460.162
2018-11-02,2522.39,2542.768
2018-11-05,2520.877,2511.59
2018-11-06,2507.359,2499.679
2018-11-07,2503.681,2482.334
2018-11-08,2507.593,2485.998
2018-11-09,2469.89,2434.212
2018-11-12,2426.827,2444.967
2018-11-13,2415.299,2462.973
2018-11-14,2462.178,2429.986
2018-11-15,2430.187,2459.141
2018-11-16,2458.477,2461.445
2018-11-19,2466.43,2492.084
2018-11-20,2475.228,2446.791
2018-11-21,2425.716,2451.272
2018-11-22,2455.771,2437.639
2018-11-23,2433.535,2399.203
2018-11-26,2409.468,2401.898
2018-11-27,2407.227,2394.294
2018-11-28,2396.295,2421.134
2018-11-29,2437.92,2401.852
2018-11-30,2403.231,2428.045
2018-12-03,2492.433,2488.057
2018-12-04,2488.575,2496.143
2018-12-05,2467.555,2481.792
2018-12-06,2453.563,2434.491
2018-12-07,2441.375,2430.722
2018-12-10,2410.167,2408.606
2018-12-11,2408.916,2415.578
2018-12-12,2437.606,2423.318
2018-12-13,2429.388,2457.905
2018-12-14,2446.81,2423.381
2018-12-17,2420.576,2425.945
2018-12-18,2409.576,2397.868
2018-12-19,2401.908,2369.548
2018-12-20,2363.004,2334.922
2018-12-21,2325.978,2306.145
2018-12-24,2293.748,2309.233
2018-12-25,2285.66,2297.333
2018-12-26,2293.288,2281.558
2018-12-27,2310.81,2276.057
2018-12-28,2279.699,2293.099
2019-01-02,2298.181,2262.791
2019-01-03,2259.483,2269.243
2019-01-04,2252.745,2314.647
2019-01-07,2329.032,2314.319
2019-01-08,2312.171,2305.171
2019-01-09,2320.912,2332.719
2019-01-10,2333.216,2331.851
2019-01-11,2342.024,2354.499
2019-01-14,2350.256,2331.136
2019-01-15,2337.702,2378.37
2019-01-16,2375.171,2381.218
2019-01-17,2388.593,2371.348
2019-01-18,2385.622,2417.363
2019-01-21,2418.005,2432.487
2019-01-22,2430.435,2401.233
2019-01-23,2397.409,2397.049
2019-01-24,2401.376,2411.562
2019-01-25,2419.256,2441.64
2019-01-28,2455.276,2437.026
2019-01-29,2433.306,2455.897
2019-01-30,2445.865,2440.015
2019-01-31,2454.644,2483.471
2019-02-01,2502.104,2499.644
2019-02-11,2485.503,2527.474
2019-02-12,2528.103,2533.182
2019-02-13,2538.416,2580.612
2019-02-14,2572.642,2576.306
2019-02-15,2566.337,2517.462
2019-02-18,2540.532,2582.851
2019-02-19,2586.858,2579.046
2019-02-20,2593.789,2588.166
2019-02-21,2586.739,2577.226
2019-02-22,2575.998,2623.074
2019-02-25,2652.906,2787.699
2019-02-26,2781.309,2733.901
2019-02-27,2739.111,2750.339
2019-02-28,2749.87,2743.972
2019-03-01,2764.946,2819.468
2019-03-04,2839.405,2832.588
2019-03-05,2829.5,2828.869
2019-03-06,2827.857,2840.272
2019-03-07,2831.361,2789.7
2019-03-08,2731.53,2685.592
2019-03-11,2683.765,2708.598
2019-03-12,2730.529,2719.773
2019-03-13,2731.501,2723.962
2019-03-14,2720.188,2729.132
2019-03-15,2735.999,2755.805
2019-03-18,2763.225,2825.184
2019-03-19,2830.242,2806.896
2019-03-20,2799.325,2812.918
2019-03-21,2816.452,2802.965
2019-03-22,2804.718,2795.391
2019-03-25,2757.81,2718.181
2019-03-26,2737.372,2706.154
2019-03-27,2721.138,2741.591
2019-03-28,2728.045,2733.974
2019-03-29,2747.542,2838.505
2019-04-01,2860.144,2892.619
2019-04-02,2900.631,2888.53
2019-04-03,2869.846,2920.001
2019-04-04,2927.101,2951.985
2019-04-08,2978.503,2962.275
2019-04-09,2968.078,2967.514
2019-04-10,2957.271,2979.099
2019-04-11,2982.393,2928.427
2019-04-12,2920.553,2920.515
2019-04-15,2973.022,2924.926
2019-04-16,2914.99,3023.025
2019-04-17,3017.395,3017.416
2019-04-18,3014.915,3004.925
2019-04-19,3013.672,3042.432
2019-04-22,3047.426,2970.488
2019-04-23,2967.996,2978.845
2019-04-24,2989.959,2974.847
2019-04-25,2962.741,2927.995
2019-04-26,2913.775,2892.857
2019-04-29,2906.469,2939.405
2019-04-30,2935.241,2945.244
2019-05-06,2853.885,2805.035
2019-05-07,2814.469,2806.258
2019-05-08,2753.611,2758.244
2019-05-09,2740.349,2698.78
2019-05-10,2731.577,2793.759
2019-05-13,2751.756,2741.112
2019-05-14,2716.726,2724.734
2019-05-15,2743.781,2783.544
2019-05-16,2777.85,2791.415
2019-05-17,2792.077,2735.212
2019-05-20,2726.068,2715.432
2019-05-21,2717.874,2739.785
2019-05-22,2739.112,2725.734
2019-05-23,2710.573,2685.934
2019-05-24,2693.879,2702.025
2019-05-27,2696.258,2722.335
2019-05-28,2719.061,2748.799
2019-05-29,2728.435,2755.808
2019-05-30,2748.429,2742.964
2019-05-31,2740.303,2728.946
2019-06-03,2737.806,2743.064
2019-06-04,2744.696,2721.314
2019-06-05,2741.938,2719.595
2019-06-06,2727.697,2706.762
2019-06-10,2717.914,2743.375
2019-06-11,2750.541,2812.899
2019-06-12,2802.527,2796.732
2019-06-13,2798.022,2794.536
2019-06-14,2798.396,2785.606
2019-06-17,2785.473,2793.704
2019-06-18,2800.83,2806.454
2019-06-19,2872.073,2842.736
2019-06-20,2847.317,2942.629
2019-06-21,2939.648,2938.773
2019-06-24,2942.506,2949.518
2019-06-25,2946.02,2910.121
2019-06-26,2896.765,2903.487
2019-06-27,2917.204,2937.128
2019-06-28,2932.693,2930.598
2019-07-01,2984.649,3002.94
2019-07-02,3000.78,2999.076
2019-07-03,2990.055,2964.731
2019-07-04,2966.332,2953.272
2019-07-05,2952.714,2961.922
2019-07-08,2944.973,2897.512
2019-07-09,2894.332,2881.552
2019-07-10,2896.701,2878.781
2019-07-11,2897.472,2887.831
2019-07-12,2883.088,2902.13
2019-07-15,2885.977,2902.61
2019-07-16,2900.046,2884.561
2019-07-17,2877.489,2875.03
2019-07-18,2869.73,2859.165
2019-07-19,2875.964,2895.625
2019-07-22,2897.786,2881.904
2019-07-23,2885.701,2881.098
2019-07-24,2894.936,2906.55
2019-07-25,2911.008,2931.176
2019-07-26,2918.107,2939.355
2019-07-29,2936.643,2930.489
2019-07-30,2939.143,2944.025
2019-07-31,2931.853,2912.661
2019-08-01,2901.154,2887.867
2019-08-02,2837.369,2843.77
2019-08-05,2823.346,2786.72
2019-08-06,2736.681,2760.68
2019-08-07,2771.238,2747.249
2019-08-08,2771.448,2786.872
2019-08-09,2800.437,2772.149
2019-08-12,2787.44,2824.804
2019-08-13,2807.959,2792.914
2019-08-14,2827.038,2804.355
2019-08-15,2758.735,2814.388
2019-08-16,2817.266,2824.226
2019-08-19,2839.246,2877.231
2019-08-20,2869.159,2875.653
2019-08-21,2868.631,2869.22
2019-08-22,2878.73,2878.005
2019-08-23,2880.572,2917.377
2019-08-26,2869.462,2863.479
2019-08-27,2883.416,2887.239
2019-08-28,2883.347,2867.027
2019-08-29,2867.768,2855.45
2019-08-30,2878.212,2872.401
2019-09-02,2871.287,2894.958
2019-09-03,2897.286,2892.182
2019-09-04,2888.972,2919.678
2019-09-05,2938.138,2955.84
2019-09-06,2974.802,2981.073
2019-09-09,3004.803,2981.586
2019-09-10,2987.513,2969.805
2019-09-11,2978.974,2957.144
2019-09-12,2970.012,2999.562
2019-09-16,3003.648,2982.448
2019-09-17,2974.009,2937.008
2019-09-18,2947.972,2954.358
2019-09-19,2965.033,2956.829
2019-09-20,2964.916,2963.435
2019-09-23,2955.265,2930.913
2019-09-24,2936.952,2940.081
2019-09-25,2930.14,2928.835
2019-09-26,2939.675,2927.877
2019-09-27,2929.317,2929.466
2019-09-30,2917.075,2897.703
2019-10-08,2898.534,2922.348
2019-10-09,2908.173,2922.98
2019-10-10,2917.821,2940.8
2019-10-11,2952.472,2983.12
2019-10-14,3007.362,3013.533
2019-10-15,3018.86,3015.42
2019-10-16,3015.166,3004.723
2019-10-17,3009.686,3011.754
2019-10-18,3020.009,2963.175
2019-10-21,2957.97,2968.905
2019-10-22,2983.837,2973.217
2019-10-23,2969.985,2954.305
2019-10-24,2963.339,2959.032
2019-10-25,2955.51,2967.052
2019-10-28,2967.628,2981.362
2019-10-29,2982.452,2968.283
2019-10-30,2966.758,2952.118
2019-10-31,2964.905,2954.734
2019-11-01,2953.736,3002.649
2019-11-04,3012.938,3022.275
2019-11-05,3024.87,3039.977
2019-11-06,3041.42,3032.792
2019-11-07,3034.156,3033.299
2019-11-08,3052.691,3012.459
2019-11-11,2995.142,2965.708
2019-11-12,2972.998,2971.361
2019-11-13,2967.622,2967.67
2019-11-14,2975.479,2968.569
2019-11-15,2972.482,2954.701
2019-11-18,2954.776,2980.946
2019-11-19,2973.574,3000.745
2019-11-20,2991.421,2968.124
2019-11-21,2957.07,2949.337
2019-11-22,2952.774,2922.267
2019-11-25,2926.15,2951.247
2019-11-26,2962.369,2946.567
2019-11-27,2948.342,2944.322
2019-11-28,2945.34,2930.482
2019-11-29,2923.452,2894.715
2019-12-02,2896.51,2899.439
2019-12-03,2892.419,2909.623
2019-12-04,2902.134,2901.066
2019-12-05,2912.942,2921.947
2019-12-06,2928.361,2939.818
2019-12-09,2944.163,2933.042
2019-12-10,2925.948,2936.993
2019-12-11,2947.545,2949.647
2019-12-12,2954.405,2938.044
2019-12-13,2968.863,3006.313
2019-12-16,2999.5,2999.202
2019-12-17,3000.784,3033.142
2019-12-18,3031.887,3025.785
2019-12-19,3027.675,3017.713
2019-12-20,3022.12,3012.626
2019-12-23,3015.294,2984.243
2019-12-24,2985.616,2996.765
2019-12-25,2993.364,2986.004
2019-12-26,2986.307,3011.636
2019-12-27,3012.035,3017.779
2019-12-30,3016.197,3062.75
2019-12-31,3057.299,3063.219
2020-01-02,3073.931,3090.833
2020-01-03,3097.252,3078.279
2020-01-06,3062.28,3056.836
2020-01-07,3063.746,3074.015
2020-01-08,3058.359,3037.853
2020-01-09,3060.774,3067.546
2020-01-10,3079.077,3067.881
2020-01-13,3069.678,3090.128
2020-01-14,3097.725,3080.602
2020-01-15,3078.253,3058.008
2020-01-16,3067.95,3043.093
2020-01-17,3054.036,3053.173
2020-01-20,3070.67,3065.991
2020-01-21,3048.946,3012.112
2020-01-22,2996.81,3017.879
2020-01-23,2993.773,2932.493
2020-02-03,2676.007,2727.093
2020-02-04,2724.131,2794.661
2020-02-05,2803.737,2812.899
2020-02-06,2829.511,2854.888
2020-02-07,2836.799,2851.711
2020-02-10,2826.797,2850.064
2020-02-11,2858.925,2879.858
2020-02-12,2876.671,2895.586
2020-02-13,2898.399,2875.479
2020-02-14,2870.713,2895.064
2020-02-17,2901.686,2950.07
2020-02-18,2940.646,2924.398
2020-02-19,2917.125,2923.763
2020-02-20,2931.372,2978.183
2020-02-21,2965.602,2968.138
2020-02-24,2949.978,2930.033
2020-02-25,2891.979,2909.324
2020-02-26,2877.463,2901.673
2020-02-27,2904.865,2912.036
2020-02-28,2860.282,2821.042
2020-03-02,2837.774,2907.886
2020-03-03,2941.68,2921.444
2020-03-04,2921.068,2947.567
2020-03-05,2966.686,3018.07
2020-03-06,2989.765,2964.835
2020-03-09,2908.627,2868.83
2020-03-10,2859.869,2924.217
2020-03-11,2927.828,2888.361
2020-03-12,2858.511,2841.982
2020-03-13,2720.613,2798.77
2020-03-16,2799.995,2694.023
2020-03-17,2696.697,2685.591
2020-03-18,2695.424,2625.747
2020-03-19,2611.75,2569.789
2020-03-20,2597.979,2628.416
2020-03-23,2548.846,2559.619
2020-03-24,2608.245,2639.383
2020-03-25,2700.096,2700.187
2020-03-26,2676.616,2689.28
2020-03-27,2722.468,2701.445
2020-03-30,2667.12,2690.042
2020-03-31,2713.499,2689.379
2020-04-01,2684.5,2682.08
2020-04-02,2667.941,2719.886
2020-04-03,2707.819,2708.825
2020-04-07,2756.27,2757.406
2020-04-08,2742.357,2743.887
2020-04-09,2754.717,2752.588
2020-04-10,2755.197,2749.847
2020-04-13,2740.093,2739.167
2020-04-14,2756.5,2785.72
2020-04-15,2783.276,2764.488
2020-04-16,2751.694,2768.262
2020-04-17,2790.835,2809.076
2020-04-20,2812.801,2819.794
2020-04-21,2808.913,2784.533
2020-04-22,2774.439,2804.237
2020-04-23,2813.732,2797.661
2020-04-24,2789.051,2776.025
2020-04-27,2786.467,2805.22
2020-04-28,2814.23,2825.139
2020-04-29,2814.596,2844.814
2020-04-30,2851.145,2861.908
2020-05-06,2823.292,2863.845
2020-05-07,2860.959,2854.423
2020-05-08,2864.856,2873.013
2020-05-11,2876.772,2871.848
2020-05-12,2871.314,2869.597
2020-05-13,2860.82,2867.712
2020-05-14,2854.778,2834.533
2020-05-15,2845.91,2819.691
2020-05-18,2821.726,2837.172
2020-05-19,2869.232,2860.668
2020-05-20,2861.593,2856.14
2020-05-21,2866.745,2846.824
2020-05-22,2840.879,2775.81
2020-05-25,2784.435,2789.71
2020-05-26,2806.248,2808.842
2020-05-27,2810.475,2795.481
2020-05-28,2797.368,2809.665
2020-05-29,2791.623,2806.664
2020-06-01,2832.217,2870.356
2020-06-02,2864.529,2885.921
2020-06-03,2900.87,2889.109
2020-06-04,2900.964,2883.363
2020-06-05,2886.233,2896.35
2020-06-08,2907.675,2909.587
2020-06-09,2911.948,2928.304
2020-06-10,2925.166,2908.475
2020-06-11,2899.487,2876.513
2020-06-12,2840.802,2884.116
2020-06-15,2862.49,2838.607
2020-06-16,2867.713,2878.992
2020-06-17,2879.848,2881.132
2020-06-18,2872.168,2888.958
2020-06-19,2891.309,2925.936
2020-06-22,2921.297,2921.892
2020-06-23,2913.011,2925.416
2020-06-24,2928.522,2943.473
2020-06-29,2935.542,2925.483
2020-06-30,2933.928,2942.074
2020-07-01,2950.492,3009.861
2020-07-02,3005.357,3084.238
2020-07-03,3101.386,3159.158
2020-07-06,3198.738,3374.136
2020-07-07,3438.856,3381.761
2020-07-08,3378.109,3429.945
2020-07-09,3426.596,3442.021
2020-07-10,3403.996,3351.78
2020-07-13,3338.708,3390.115
2020-07-14,3374.07,3348.031
2020-07-15,3363.924,3313.765
2020-07-16,3313.562,3162.025
2020-07-17,3181.698,3185.891
2020-07-20,3219.918,3287.915
2020-07-21,3302.722,3286.815
2020-07-22,3278.738,3291.361
2020-07-23,3263.074,3284.11
2020-07-24,3265.519,3158.285
2020-07-27,3178.047,3163.231
2020-07-28,3188.957,3185.89
2020-07-29,3184.717,3243.385
2020-07-30,3252.204,3231.519
2020-07-31,3226.423,3249.338
2020-08-03,3271.177,3281.101
2020-08-04,3293.918,3312.134
2020-08-05,3298.138,3292.309
2020-08-06,3295.433,3292.2
2020-08-07,3277.444,3263.746
2020-08-10,3250.544,3285.76
2020-08-11,3291.34,3262.824
2020-08-12,3255.538,3249.738
2020-08-13,3261.128,3241.845
2020-08-14,3236.948,3288.514
2020-08-17,3300.903,3368.849
2020-08-18,3369.867,3367.331
2020-08-19,3361.719,3307.659
2020-08-20,3285.202,3264.533
2020-08-21,3287.434,3284.727
2020-08-24,3306.561,3298.721
2020-08-25,3312.033,3310.839
2020-08-26,3308.93,3277.89
2020-08-27,3286.784,3290.786
2020-08-28,3296.524,3368.438
2020-08-31,3386.62,3343.888
2020-09-01,3333.207,3355.096
2020-09-02,3371.573,3347.304
2020-09-03,3349.262,3334.412
2020-09-04,3293.492,3309.21
2020-09-07,3303.642,3253.426
2020-09-08,3267.312,3289.914
2020-09-09,3253.497,3235.703
2020-09-10,3264.321,3245.502
2020-09-11,3238.467,3265.497
2020-09-14,3283.932,3294.151
2020-09-15,3291.196,3317.64
2020-09-16,3314.207,3295.584
2020-09-17,3286.149,3264.686
2020-09-18,3267.63,3347.778
2020-09-21,3359.232,3311.594
2020-09-22,3285.769,3270.519
2020-09-23,3271.474,3275.739
2020-09-24,3259.121,3218.716
2020-09-25,3232.693,3229.777
2020-09-28,3237.3,3250.502
2020-09-29,3266.007,3241.323
2020-09-30,3252.595,3232.418
2020-10-09,3281.465,3286.857
2020-10-12,3302.982,3387.885
2020-10-13,3381.641,3386.893
2020-10-14,3380.558,3369.498
2020-10-15,3369.723,3371.401
2020-10-16,3374.17,3380.169
2020-10-19,3398.752,3354.308
2020-10-20,3352.028,3363.503
2020-10-21,3372.687,3377.425
2020-10-22,3370.084,3369.53
2020-10-23,3364.598,3346.608
2020-10-26,3320.027,3304.704
2020-10-27,3298.064,3294.088
2020-10-28,3295.445,3313.231
2020-10-29,3278.978,3324.44
2020-10-30,3321.939,3280.384
2020-11-02,3280.617,3265.896
2020-11-03,3284.04,3307.485
2020-11-04,3311.54,3332.19
2020-11-05,3366.401,3369.503
2020-11-06,3380.198,3359.119
2020-11-09,3382.8,3418.275
2020-11-10,3439.36,3416.141
2020-11-11,3415.884,3411.23
2020-11-12,3413.207,3397.354
2020-11-13,3376.911,3338.31
2020-11-16,3352.689,3377.11
2020-11-17,3376.874,3379.274
2020-11-18,3377.843,3387.045
2020-11-19,3377.228,3410.094
2020-11-20,3407.728,3411.932
2020-11-23,3427.778,3469.805
2020-11-24,3461.432,3442.723
2020-11-25,3461.479,3420.292
2020-11-26,3418.559,3445.739
2020-11-27,3453.309,3498.659
2020-11-30,3509.659,3469.418
2020-12-01,3480.564,3554.014
2020-12-02,3555.595,3545.34
2020-12-03,3545.279,3536.814
2020-12-04,3535.938,3541.521
2020-12-07,3547.931,3509.942
2020-12-08,3512.857,3499.057
2020-12-09,3511.758,3468.527
2020-12-10,3464.942,3459.035
2020-12-11,3473.874,3427.857
2020-12-14,3443.028,3467.767
2020-12-15,3466.492,3468.829
2020-12-16,3480.927,3485.405
2020-12-17,3497.391,3539.54
2020-12-18,3529.023,3507.974
2020-12-21,3505.906,3522.262
2020-12-22,3519.05,3470.902
2020-12-23,3483.188,3494.587
2020-12-24,3495.849,3489.274
2020-12-25,3476.553,3512.486
2020-12-28,3514.712,3523.837
2020-12-29,3533.126,3517.35
2020-12-30,3513.786,3574.131
2020-12-31,3581.449,3640.639
2021-01-04,3632.691,3643.359
2021-01-05,3627.645,3683.363
2021-01-06,3688.953,3736.648
2021-01-07,3750.877,3808.07
2021-01-08,3815.568,3788.319
2021-01-11,3794.83,3776.529
2021-01-12,3764.649,3906.123
2021-01-13,3913.999,3873.229
2021-01-14,3863.097,3811.224
2021-01-15,3825.541,3817.935
2021-01-18,3807.992,3849.398
2021-01-19,3855.747,3808.694
2021-01-20,3813.906,3814.654
2021-01-21,3833.784,3850.056
2021-01-22,3851.134,3846.395
2021-01-25,3843.492,3898.147
2021-01-26,3878.254,3813.29
2021-01-27,3818.422,3818.268
2021-01-28,3771.786,3735.034
2021-01-29,3758.888,3713.247
2021-02-01,3712.783,3746.372
2021-02-02,3751.741,3771.47
2021-02-03,3768.715,3775.722
2021-02-04,3764.425,3801.618
2021-02-05,3819.801,3840.766
2021-02-08,3856.943,3890.465
2021-02-09,3900.856,3952.828
2021-02-10,3967.677,4028.529
2021-02-18,4097.866,4014.324
2021-02-19,3994.826,4014.456
2021-02-22,4020.009,3881.868
2021-02-23,3854.164,3897.716
2021-02-24,3902.363,3805.472
2021-02-25,3844.616,3851.029
2021-02-26,3768.897,3756.86
2021-03-01,3793.365,3787.87
2021-03-02,3812.35,3718.774
2021-03-03,3710.263,3817.413
2021-03-04,3769.973,3708.661
2021-03-05,3655.907,3688.682
2021-03-08,3713.459,3573.431
2021-03-09,3570.256,3509.614
2021-03-10,3563.564,3532.052
2021-03-11,3554.683,3625.305
2021-03-12,3647.51,3632.578
2021-03-15,3620.042,3566.877
2021-03-16,3579.011,3599.165
2021-03-17,3588.233,3590.834
2021-03-18,3598.85,3605.605
2021-03-19,3565.093,3512.02
2021-03-22,3516.657,3538.427
2021-03-23,3541.329,3516.363
2021-03-24,3507.548,3466.042
2021-03-25,3454.461,3463.873
2021-03-26,3483.695,3529.728
2021-03-29,3543.245,3537.711
2021-03-30,3541.377,3577.243
2021-03-31,3573.857,3539.37
2021-04-01,3547.461,3582.65
2021-04-02,3592.884,3616.764
2021-04-06,3624.804,3594.709
2021-04-07,3593.173,3558.469
2021-04-08,3541.055,3573.037
2021-04-09,3564.657,3514.111
2021-04-12,3505.714,3477.065
2021-04-13,3483.013,3461.459
2021-04-14,3469.396,3469.173
2021-04-15,3456.548,3431.493
2021-04-16,3445.094,3448.104
2021-04-19,3449.049,3513.395
2021-04-20,3496.807,3510.124
2021-04-21,3493.793,3516.098
2021-04-22,3521.977,3487.427
2021-04-23,3487.122,3524.022
2021-04-26,3540.534,3467.661
2021-04-27,3469.979,3476.302
2021-04-28,3457.174,3473.039
2021-04-29,3483.103,3517.21
2021-04-30,3518.864,3491.188
2021-05-06,3475.051,3449.939
2021-05-07,3457.908,3406.31
2021-05-10,3410.009,3399.985
2021-05-11,3380.628,3437.714
2021-05-12,3423.42,3447.862
2021-05-13,3418.581,3413.889
2021-05-14,3426.425,3503.037
2021-05-17,3502.74,3539.913
2021-05-18,3543.11,3537.696
2021-05-19,3531.788,3511.467
2021-05-20,3514.428,3522.451
2021-05-21,3532.872,3481.862
2021-05-24,3482.993,3497.747
2021-05-25,3505.814,3641.292
2021-05-26,3656.34,3657.19
2021-05-27,3645.482,3664.942
2021-05-28,3663.875,3659.296
2021-05-31,3652.888,3650.225
2021-06-01,3641.969,3650.903
2021-06-02,3661.942,3622.398
2021-06-03,3620.791,3591.156
2021-06-04,3574.301,3612.701
2021-06-07,3610.891,3601.109
2021-06-08,3597.943,3580.284
2021-06-09,3575.487,3587.532
2021-06-10,3588.143,3607.679
2021-06-11,3610.137,3576.777
2021-06-15,3570.405,3528.668
2021-06-16,3525.75,3486.288
2021-06-17,3477.472,3481.6
2021-06-18,3475.546,3454.589
2021-06-21,3440.744,3431.252
2021-06-22,3444.75,3464.706
2021-06-23,3469.279,3471.341
2021-06-24,3476.683,3483.909
2021-06-25,3483.161,3535.019
2021-06-28,3541.105,3520.743
2021-06-29,3514.323,3482.733
2021-06-30,3477.382,3498.649
2021-07-01,3510.558,3535.249
2021-07-02,3495.598,3408.237
2021-07-05,3402.109,3404.791
2021-07-06,3405.47,3405.279
2021-07-07,3384.567,3424.39
2021-07-08,3432.889,3373.256
2021-07-09,3359.204,3361.595
2021-07-12,3385.121,3384.507
2021-07-13,3384.748,3391.742
2021-07-14,3385.389,3339.381
2021-07-15,3335.051,3411.289
2021-07-16,3405.399,3369.899
2021-07-19,3362.579,3385.366
2021-07-20,3364.314,3378.629
2021-07-21,3385.135,3388.52
2021-07-22,3386.911,3392.717
2021-07-23,3389.398,3357.447
2021-07-26,3339.865,3228.37
2021-07-27,3228.438,3126.376
2021-07-28,3107.12,3154.635
2021-07-29,3206.436,3182.796
2021-07-30,3160.467,3132.821
2021-08-02,3112.297,3211.144
2021-08-03,3197.891,3223.826
2021-08-04,3219.399,3233.103
2021-08-05,3214.469,3227.359
2021-08-06,3211.64,3195.696
2021-08-09,3171.095,3235.206
2021-08-10,3231.146,3288.651
2021-08-11,3280.811,3262.575
2021-08-12,3247.8,3226.114
2021-08-13,3212.333,3217.837
2021-08-16,3212.663,3222.622
2021-08-17,3219.825,3149.878
2021-08-18,3148.382,3190.552
2021-08-19,3179.925,3144.375
2021-08-20,3105.157,3072.755
2021-08-23,3079.289,3099.887
2021-08-24,3106.23,3147.769
2021-08-25,3160.744,3159.803
2021-08-26,3156.914,3088.831
2021-08-27,3086.047,3123.049
2021-08-30,3141.12,3112.702
2021-08-31,3099.471,3097.058
2021-09-01,3087.256,3165.037
2021-09-02,3166.273,3167.097
2021-09-03,3172.498,3175.879
2021-09-06,3175.882,3211.198
2021-09-07,3210.269,3248.052
2021-09-08,3240.997,3213.257
2021-09-09,3195.988,3204.278
2021-09-10,3203.059,3252.325
2021-09-13,3246.858,3242.036
2021-09-14,3243.677,3188.261
2021-09-15,3180.549,3146.634
2021-09-16,3145.439,3128.589
2021-09-17,3117.929,3161.922
2021-09-22,3100.39,3122.337
2021-09-23,3135.748,3127.821
2021-09-24,3120.427,3145.112
2021-09-27,3162.428,3199.975
2021-09-28,3197.038,3211.154
2021-09-29,3186.121,3199.226
2021-09-30,3202.017,3196.991
2021-10-08,3229.069,3256.261
2021-10-11,3264.722,3276.407
2021-10-12,3266.021,3259.38
2021-10-13,3257.397,3292.762
2021-10-14,3289.981,3270.692
2021-10-15,3258.568,3294.833
2021-10-18,3289.321,3229.631
2021-10-19,3227.007,3256.668
2021-10-20,3264.473,3254.998
2021-10-21,3256.605,3278.542
2021-10-22,3287.932,3318.128
2021-10-25,3295.247,3312.303
2021-10-26,3312.304,3290.036
2021-10-27,3282.265,3247.097
2021-10-28,3240.539,3239.61
2021-10-29,3241.912,3267.249
2021-11-01,3239.889,3250.915
2021-11-02,3245.037,3212.026
2021-11-03,3207.737,3181.451
2021-11-04,3194.474,3207.264
2021-11-05,3197.612,3201.546
2021-11-08,3198.69,3196.27
2021-11-09,3206.291,3186.958
2021-11-10,3177.611,3170.405
2021-11-11,3169.013,3233.37
2021-11-12,3239.349,3220.548
2021-11-15,3228.021,3221.687
2021-11-16,3222.507,3222.173
2021-11-17,3217.105,3208.776
2021-11-18,3199.21,3173.376
2021-11-19,3170.789,3212.908
2021-11-22,3217.332,3212.151
2021-11-23,3206.94,3224.155
2021-11-24,3226.02,3231.835
2021-11-25,3233.26,3218.051
2021-11-26,3213.631,3187.358
2021-11-29,3170.695,3187.049
2021-11-30,3186.254,3165.35
2021-12-01,3166.613,3180.418
2021-12-02,3179.989,3190.872
2021-12-03,3191.174,3221.422
2021-12-06,3234.431,3228.142
2021-12-07,3255.555,3254.499
2021-12-08,3263.258,3304.708
2021-12-09,3312.333,3360.184
2021-12-10,3339.239,3353.63
2021-12-13,3391.622,3366.068
2021-12-14,3353.03,3350.497
2021-12-15,3340.749,3318.98
2021-12-16,3312.701,3330.856
2021-12-17,3321.669,3278.899
2021-12-20,3264.098,3255.352
2021-12-21,3253.287,3273.031
2021-12-22,3280.694,3260.571
2021-12-23,3265.707,3287.188
2021-12-24,3293.301,3290.236
2021-12-27,3286.111,3278.437
2021-12-28,3282.6,3303.4
2021-12-29,3308.213,3240.845
2021-12-30,3240.263,3261.794
2021-12-31,3269.611,3274.321
2022-01-04,3277.665,3264.066
2022-01-05,3259.206,3254.279
2022-01-06,3242.533,3210.385
2022-01-07,3213.264,3223.267
2022-01-10,3217.345,3236.116
2022-01-11,3229.459,3214.529
2022-01-12,3220.194,3236.308
2022-01-13,3243.047,3184.107
2022-01-14,3173.849,3139.045
2022-01-17,3139.411,3147.699
2022-01-18,3147.846,3187.524
2022-01-19,3194.919,3187.192
2022-01-20,3188.138,3233.701
2022-01-21,3227.202,3218.735
2022-01-24,3204.179,3209.745
2022-01-25,3192.121,3144.949
2022-01-26,3156.65,3163.674
2022-01-27,3168.135,3119.239
2022-01-28,3127.176,3054.021
2022-02-07,3102.62,3114.26
2022-02-08,3107.886,3116.505
2022-02-09,3118.969,3139.564
2022-02-10,3145.328,3145.113
2022-02-11,3133.796,3142.912
2022-02-14,3131.394,3103.997
2022-02-15,3101.364,3119.928
2022-02-16,3134.883,3136.082
2022-02-17,3138.77,3139.177
2022-02-18,3126.278,3162.822
2022-02-21,3155.318,3144.865
2022-02-22,3122.04,3102.325
2022-02-23,3108.903,3118.038
2022-02-24,3098.141,3059.641
2022-02-25,3076.805,3075.587
2022-02-28,3069.1,3080.777
2022-03-01,3093.93,3125.691
2022-03-02,3108.62,3107.241
2022-03-03,3117.648,3097.089
2022-03-04,3068.398,3062.382
2022-03-07,3042.016,2974.676
2022-03-08,2983.048,2933.164
2022-03-09,2949.333,2907.178
2022-03-10,2969.485,2933.461
2022-03-11,2897.343,2935.684
2022-03-14,2889.835,2851.877
2022-03-15,2808.725,2702.853
2022-03-16,2746.15,2827.75
2022-03-17,2888.237,2877.219
2022-03-18,2869.701,2913.185
2022-03-21,2919.262,2892.107
2022-03-22,2893.569,2900.768
2022-03-23,2908.965,2916.508
2022-03-24,2898.144,2903.617
2022-03-25,2898.491,2856.428
2022-03-28,2817.26,2853.182
2022-03-29,2854.802,2842.153
2022-03-30,2864.241,2915.491
2022-03-31,2901.074,2898.826
2022-04-01,2886.361,2943.244
2022-04-06,2918.503,2931.198
2022-04-07,2916.803,2902.482
2022-04-08,2903.24,2925.491
2022-04-11,2908.542,2846.38
2022-04-12,2854.287,2894.258
2022-04-13,2881.735,2882.279
2022-04-14,2905.773,2928.596
2022-04-15,2911.139,2930.578
2022-04-18,2902.444,2887.721
2022-04-19,2881.901,2861.567
2022-04-20,2859.604,2835.352
2022-04-21,2821.359,2797.529
2022-04-22,2773.368,2814.127
2022-04-25,2750.555,2683.413
2022-04-26,2685.274,2681.028
2022-04-27,2674.455,2734.54
2022-04-28,2725.632,2769.712
2022-04-29,2772.946,2805.336
2022-05-05,2806.044,2800.929
2022-05-06,2754.971,2719.761
2022-05-09,2706.417,2695.133
2022-05-10,2653.992,2718.371
2022-05-11,2714.682,2741.232
2022-05-12,2723.409,2721.77
2022-05-13,2741.771,2748.237
2022-05-16,2764.386,2720.406
2022-05-17,2730.423,2756.74
2022-05-18,2765.276,2745.528
2022-05-19,2711.454,2744.545
2022-05-20,2759.835,2807.942
2022-05-23,2813.933,2782.548
2022-05-24,2784.654,2734.192
2022-05-25,2737.645,2743.417
2022-05-26,2749.985,2744.898
2022-05-27,2766.32,2763.072
2022-05-30,2777.849,2778.451
2022-05-31,2780.56,2813.219
2022-06-01,2811.153,2798.068
2022-06-02,2786.08,2790.316
2022-06-06,2792.44,2825.651
2022-06-07,2828.163,2846.81
2022-06-08,2857.694,2879.311
2022-06-09,2877.882,2868.424
2022-06-10,2843.581,2899.579
2022-06-13,2862.904,2844.724
2022-06-14,2814.817,2882.703
2022-06-15,2882.151,2923.989
2022-06-16,2927.161,2891.335
2022-06-17,2876.511,2936.2
2022-06-20,2935.223,2924.915
2022-06-21,2924.146,2926.475
2022-06-22,2932.056,2892.286
2022-06-23,2896.723,2935.883
2022-06-24,2945.289,2974.754
2022-06-27,2991.102,3013.948
2022-06-28,3012.622,3039.413
2022-06-29,3029.384,3009.236
2022-06-30,3001.813,3058.398
2022-07-01,3066.585,3045.269
2022-07-04,3031.06,3050.152
2022-07-05,3058.43,3052.111
2022-07-06,3041.49,2996.728
2022-07-07,2994.362,2989.208
2022-07-08,3012.882,2993.306
2022-07-11,2974.359,2942.296
2022-07-12,2942.519,2922.005
2022-07-13,2918.347,2914.295
2022-07-14,2906.481,2895.299
2022-07-15,2873.815,2839.394
2022-07-18,2849.988,2878.639
2022-07-19,2876.317,2865.603
2022-07-20,2883.515,2874.078
2022-07-21,2862.867,2836.662
2022-07-22,2845.925,2848.436
2022-07-25,2846.832,2837.26
2022-07-26,2845.14,2854.639
2022-07-27,2847.009,2829.922
2022-07-28,2839.254,2827.107
2022-07-29,2827.474,2792.329
2022-08-01,2785.693,2781.682
2022-08-02,2757.193,2730.755
2022-08-03,2735.159,2710.724
2022-08-04,2724.804,2741.087
2022-08-05,2748.649,2774.335
2022-08-08,2762.316,2761.157
2022-08-09,2760.236,2764.068
2022-08-10,2762.364,2730.961
2022-08-11,2744.681,2787.063
2022-08-12,2780.048,2796.889
2022-08-15,2787.508,2782.666
2022-08-16,2785.941,2769.261
2022-08-17,2773.387,2785.853
2022-08-18,2778.126,2759.294
2022-08-19,2755.087,2750.631
2022-08-22,2737.399,2756.369
2022-08-23,2754.634,2735.666
2022-08-24,2738.384,2708.09
2022-08-25,2715.638,2752.556
2022-08-26,2758.507,2751.589
2022-08-29,2721.859,2732.206
2022-08-30,2731.981,2726.66
2022-08-31,2713.294,2761.783
2022-09-01,2750.033,2732.399
2022-09-02,2737.197,2711.264
2022-09-05,2700.108,2697.767
2022-09-06,2706.097,2724.498
2022-09-07,2709.767,2710.686
2022-09-08,2714.028,2708.278
2022-09-09,2719.014,2757.566
2022-09-13,2769.41,2769.235
2022-09-14,2734.91,2745.428
2022-09-15,2753.129,2743.789
2022-09-16,2731.965,2678.033
2022-09-19,2677.333,2679.586
2022-09-20,2688.168,2673.88
2022-09-21,2667.168,2652.214
2022-09-22,2631.997,2629.37
2022-09-23,2625.249,2629.809
2022-09-26,2612.667,2614.9
2022-09-27,2616.05,2642.921
2022-09-28,2635.256,2611.982
2022-09-29,2633.068,2608.977
2022-09-30,2618.079,2610.117
2022-10-10,2610.757,2545.049
2022-10-11,2552.166,2539.946
2022-10-12,2537.807,2555.024
2022-10-13,2534.513,2523.632
2022-10-14,2544.241,2584.685
2022-10-17,2572.609,2585.497
2022-10-18,2594.7,2569.968
2022-10-19,2562.545,2519.903
2022-10-20,2495.022,2501.496
2022-10-21,2503.109,2487.221
2022-10-24,2468.698,2392.598
2022-10-25,2386.849,2394.92
2022-10-26,2395.871,2400.516
2022-10-27,2413.021,2381.263
2022-10-28,2364.752,2326.942
2022-10-31,2300.884,2295.924
2022-11-01,2306.435,2396.629
2022-11-02,2385.708,2418.322
2022-11-03,2396.47,2387.452
2022-11-04,2383.962,2468.276
2022-11-07,2452.005,2477.767
2022-11-08,2476.653,2459.091
2022-11-09,2460.24,2440.352
2022-11-10,2422.011,2440.317
2022-11-11,2511.779,2518.049
2022-11-14,2550.974,2538.297
2022-11-15,2535.278,2583.723
2022-11-16,2581.933,2572.887
2022-11-17,2566.282,2560.017
2022-11-18,2563.271,2546.715
2022-11-21,2523.053,2514.854
2022-11-22,2516.695,2531.344
2022-11-23,2524.185,2535.523
2022-11-24,2550.297,2520.563
2022-11-25,2518.876,2544.615
2022-11-28,2489.468,2503.623
2022-11-29,2538.609,2607.75
2022-11-30,2595.233,2606.543
2022-12-01,2661.177,2631.205
2022-12-02,2628.108,2614.614
2022-12-05,2647.458,2676.143
2022-12-06,2663.112,2684.846
2022-12-07,2678.637,2670.647
2022-12-08,2667.359,2672.896
2022-12-09,2676.714,2706.739
2022-12-12,2689.572,2673.939
2022-12-13,2673.537,2676.9
2022-12-14,2678.468,2686.368
2022-12-15,2689.572,2675.188
2022-12-16,2662.481,2688.29
2022-12-19,2688.12,2646.179
2022-12-20,2636.079,2599.488
2022-12-21,2608.869,2607.424
2022-12-22,2632.202,2619.757
2022-12-23,2602.412,2615.879
2022-12-26,2617.182,2607.523
2022-12-27,2623.175,2632.453
2022-12-28,2629.985,2638.306
2022-12-29,2622.193,2622.072
2022-12-30,2633.164,2635.248
2023-01-03,2628.672,2641.422
2023-01-04,2644.291,2651.005
2023-01-05,2670.458,2700.308
2023-01-06,2704.238,2713.631
2023-01-09,2730.995,2742.201
2023-01-10,2742.697,2733.619
2023-01-11,2739.937,2740.193
2023-01-12,2749.694,2741.945
2023-01-13,2751.582,2787.356
2023-01-16,2789.871,2834.291
2023-01-17,2833.74,2827.027
2023-01-18,2829.786,2810.086
2023-01-19,2807.562,2820.807
2023-01-20,2831.682,2836.807
2023-01-30,2895.355,2839.122
2023-01-31,2842.518,2807.952
2023-02-01,2819.18,2820.874
2023-02-02,2828.531,2811.847
2023-02-03,2795.109,2774.801
2023-02-06,2744.7,2735.005
2023-02-07,2744.696,2740.445
2023-02-08,2744.49,2731.252
2023-02-09,2725.202,2761.872
2023-02-10,2757.53,2746.723
2023-02-13,2739.717,2767.793
2023-02-14,2770.244,2776.982
2023-02-15,2776.014,2752.339
2023-02-16,2754.951,2742.804
2023-02-17,2737.011,2714.289
2023-02-20,2720.047,2788.396
2023-02-21,2785.994,2802.136
2023-02-22,2786.719,2769.344
2023-02-23,2770.715,2767.535
2023-02-24,2762.79,2727.59
2023-02-27,2713.425,2723.584
2023-02-28,2730.519,2737.155
2023-03-01,2736.05,2773.649
2023-03-02,2766.078,2769.108
2023-03-03,2778.893,2774.508
2023-03-06,2773.272,2744.141
2023-03-07,2741.791,2713.168
2023-03-08,2698.59,2691.933
2023-03-09,2694.153,2671.843
2023-03-10,2648.807,2636.389
2023-03-13,2637.821,2664.038
2023-03-14,2658.281,2645.114
2023-03-15,2666.944,2648.385
2023-03-16,2627.038,2622.823
2023-03-17,2644.953,2628.591
2023-03-20,2632.248,2616.751
2023-03-21,2623.578,2643.358
2023-03-22,2652.712,2651.534
2023-03-23,2641.818,2668.669
2023-03-24,2664.532,2653.285
2023-03-27,2652.793,2639.623
2023-03-28,2646.981,2638.738
2023-03-29,2655.406,2636.223
2023-03-30,2639.361,2664.212
2023-03-31,2670.948,2661.92
2023-04-03,2667.184,2665.723
2023-04-04,2668.402,2675.917
2023-04-06,2668.131,2666.448
2023-04-07,2667.144,2684.862
2023-04-10,2690.43,2684.909
2023-04-11,2690.626,2680.044
2023-04-12,2684.054,2665.77
2023-04-13,2659.941,2670.014
2023-04-14,2679.131,2679.007
2023-04-17,2680.626,2732.974
2023-04-18,2724.493,2744.454
2023-04-19,2746.063,2720.718
2023-04-20,2718.238,2704.858
2023-04-21,2703.4,2654.211
2023-04-24,2655.085,2618.478
2023-04-25,2621.022,2619.233
2023-04-26,2614.959,2617.978
2023-04-27,2618.457,2650.57
2023-04-28,2653.138,2677.757
2023-05-04,2663.452,2692.691
2023-05-05,2698.59,2685.173
2023-05-08,2694.568,2720.323
2023-05-09,2723.188,2703.937
2023-05-10,2698.766,2673.906
2023-05-11,2682.378,2666.062
2023-05-12,2662.803,2630.948
2023-05-15,2628.462,2677.037
2023-05-16,2681.395,2670.451
2023-05-17,2666.039,2649.356
2023-05-18,2653.009,2644.218
2023-05-19,2632.588,2633.386
2023-05-22,2630.107,2658.789
2023-05-23,2657.921,2617.54
2023-05-24,2615.565,2577.342
2023-05-25,2567.448,2564.505
2023-05-26,2562.548,2559.614
2023-05-29,2565.592,2548.286
2023-05-30,2546.167,2535.144
2023-05-31,2524.785,2493.35
2023-06-01,2487.761,2500.34
2023-06-02,2511.689,2543.576
2023-06-05,2540.019,2528.399
2023-06-06,2528.171,2519.189
2023-06-07,2528.851,2511.393
2023-06-08,2512.449,2540.065
2023-06-09,2541.026,2543.932
2023-06-12,2536.376,2542.196
2023-06-13,2535.989,2544.95
2023-06-14,2549.666,2541.813
2023-06-15,2547.493,2576.742
2023-06-16,2581.967,2600.919
2023-06-19,2591.334,2560.529
2023-06-20,2558.098,2547.254
2023-06-21,2536.951,2519.079
2023-06-26,2500.855,2488.738
2023-06-27,2490.978,2506.599
2023-06-28,2501.163,2510.715
2023-06-29,2510.889,2490.897
2023-06-30,2484.647,2492.102
2023-07-03,2496.922,2534.474
2023-07-04,2532.593,2537.596
2023-07-05,2533.194,2520.175
2023-07-06,2513.435,2501.317
2023-07-07,2493.488,2489.535
2023-07-10,2501.528,2503.277
2023-07-11,2513.713,2518.528
2023-07-12,2516.681,2513.417
2023-07-13,2519.382,2546.381
2023-07-14,2554.642,2547.939
2023-07-17,2535.639,2520.786
2023-07-18,2520.622,2511.635
2023-07-19,2506.415,2517.106
2023-07-20,2523.268,2506.863
2023-07-21,2501.4,2509.293
2023-07-24,2492.216,2500.0
2023-07-25,2539.485,2578.351
2023-07-26,2574.807,2576.39
2023-07-27,2580.243,2575.365
2023-07-28,2564.874,2647.032
2023-07-31,2666.486,2653.369
2023-08-01,2652.237,2645.893
2023-08-02,2635.545,2620.684
2023-08-03,2617.791,2645.153
2023-08-04,2664.587,2648.845
2023-08-07,2635.778,2634.581
2023-08-08,2625.667,2631.377
2023-08-09,2623.151,2628.704
2023-08-10,2623.799,2629.443
2023-08-11,2630.987,2568.898
2023-08-14,2538.848,2549.284
2023-08-15,2550.937,2546.442
2023-08-16,2533.901,2530.81
2023-08-17,2516.745,2536.489
2023-08-18,2537.136,2507.58
2023-08-21,2498.128,2475.09
2023-08-22,2485.558,2493.764
2023-08-23,2491.368,2461.187
2023-08-24,2468.325,2480.752
2023-08-25,2468.736,2485.334
2023-08-28,2612.311,2518.186
2023-08-29,2512.317,2529.223
2023-08-30,2540.841,2522.542
2023-08-31,2526.686,2510.458
2023-09-01,2520.699,2532.254
2023-09-04,2550.172,2577.465
2023-09-05,2569.758,2561.79
2023-09-06,2553.594,2559.357
2023-09-07,2552.363,2534.156
2023-09-08,2527.458,2519.969
2023-09-11,2519.296,2536.171
2023-09-12,2533.596,2531.826
2023-09-13,2536.387,2524.541
2023-09-14,2529.193,2530.979
2023-09-15,2538.258,2514.979
2023-09-18,2509.146,2531.897
2023-09-19,2529.483,2532.279
2023-09-20,2527.75,2521.562
2023-09-21,2515.468,2495.739
2023-09-22,2498.243,2550.983
2023-09-25,2548.888,2529.15
2023-09-26,2526.352,2513.407
2023-09-27,2515.82,2520.14
2023-09-28,2530.228,2507.086
2023-10-09,2497.475,2499.567
2023-10-10,2510.506,2482.535
2023-10-11,2497.561,2490.855
2023-10-12,2518.832,2514.39
2023-10-13,2495.147,2489.125
2023-10-16,2490.916,2468.436
2023-10-17,2474.124,2478.905
2023-10-18,2471.588,2467.192
2023-10-19,2450.17,2401.93
2023-10-20,2394.619,2389.22
2023-10-23,2380.303,2369.935
2023-10-24,2374.873,2378.439
2023-10-25,2402.749,2386.303
2023-10-26,2375.039,2393.734
2023-10-27,2383.989,2414.913
2023-10-30,2406.946,2414.156
2023-10-31,2409.895,2411.479
2023-11-01,2456.381,2420.735
2023-11-02,2429.719,2417.459
2023-11-03,2419.687,2436.941
2023-11-06,2452.84,2456.775
2023-11-07,2450.267,2443.966
2023-11-08,2436.874,2436.698
2023-11-09,2428.508,2436.235
2023-11-10,2424.492,2414.017
2023-11-13,2415.957,2407.589
2023-11-14,2410.477,2406.397
2023-11-15,2428.82,2427.124
2023-11-16,2422.849,2404.319
2023-11-17,2396.593,2398.204
2023-11-20,2399.764,2404.767
2023-11-21,2415.133,2416.241
2023-11-22,2408.977,2396.904
2023-11-23,2393.495,2405.165
2023-11-24,2403.922,2391.021
2023-11-27,2387.982,2370.719
2023-11-28,2368.92,2371.212
2023-11-29,2374.033,2358.116
2023-11-30,2358.206,2365.996
2023-12-01,2362.626,2352.0
2023-12-04,2351.311,2333.879
2023-12-05,2327.336,2286.581
2023-12-06,2281.732,2284.064
2023-12-07,2280.092,2274.828
2023-12-08,2274.184,2281.649
2023-12-11,2264.994,2292.679
2023-12-12,2285.207,2305.138
2023-12-13,2298.273,2261.018
2023-12-14,2274.248,2249.939
2023-12-15,2262.037,2245.288
2023-12-18,2237.006,2251.23
2023-12-19,2248.453,2257.21
2023-12-20,2253.677,2237.581
2023-12-21,2228.77,2261.382
2023-12-22,2262.161,2270.502
2023-12-25,2266.392,2272.958
2023-12-26,2273.045,2262.21
2023-12-27,2263.487,2266.544
2023-12-28,2267.056,2317.703
2023-12-29,2314.068,2326.173
2024-01-02,2316.435,2292.229
2024-01-03,2287.755,2294.836
2024-01-04,2293.458,2279.036
2024-01-05,2272.936,2268.538
2024-01-08,2265.242,2243.842
2024-01-09,2243.41,2245.622
2024-01-10,2239.03,2235.209
2024-01-11,2234.818,2240.106
2024-01-12,2231.286,2237.207
2024-01-15,2227.362,2238.503
2024-01-16,2231.824,2248.975
2024-01-17,2241.016,2199.259
2024-01-18,2191.889,2238.459
2024-01-19,2227.733,2243.54
2024-01-22,2237.773,2230.609
2024-01-23,2220.499,2226.371
2024-01-24,2238.332,2260.558
2024-01-25,2264.022,2312.854
2024-01-26,2303.322,2314.374
2024-01-29,2312.697,2304.436
2024-01-30,2292.221,2270.979
2024-01-31,2261.118,2254.299
2024-02-01,2245.475,2248.268
2024-02-02,2252.654,2229.014
2024-02-05,2221.945,2255.281
2024-02-06,2250.111,2318.842
2024-02-07,2323.125,2344.151
2024-02-08,2345.078,2352.578
2024-02-19,2368.448,2371.548
2024-02-20,2367.919,2369.083
2024-02-21,2359.182,2410.228
2024-02-22,2403.875,2433.082
2024-02-23,2431.866,2433.407
2024-02-26,2427.23,2393.549
2024-02-27,2383.135,2405.061
2024-02-28,2405.878,2385.61
2024-02-29,2378.138,2413.136
2024-03-01,2408.302,2414.844
2024-03-04,2412.08,2418.584
2024-03-05,2410.462,2446.417
2024-03-06,2443.851,2434.116
2024-03-07,2430.424,2426.973
2024-03-08,2423.135,2426.168
2024-03-11,2426.727,2443.106
2024-03-12,2443.232,2450.469
2024-03-13,2445.796,2427.597
2024-03-14,2431.771,2423.856
2024-03-15,2417.572,2427.197
2024-03-18,2424.922,2438.191
2024-03-19,2430.304,2416.835
2024-03-20,2412.607,2426.459
2024-03-21,2432.931,2427.101
2024-03-22,2417.937,2403.202
2024-03-25,2398.321,2401.211
2024-03-26,2404.205,2413.742
2024-03-27,2408.914,2398.937
2024-03-28,2395.217,2401.987
2024-03-29,2399.456,2414.92
2024-04-01,2422.735,2441.567
2024-04-02,2441.489,2435.757
2024-04-03,2439.432,2430.169
2024-04-08,2419.029,2414.091
2024-04-09,2411.781,2404.609
2024-04-10,2403.731,2396.743
2024-04-11,2383.703,2394.867
2024-04-12,2397.284,2374.047
2024-04-15,2367.86,2424.017
2024-04-16,2414.756,2412.322
2024-04-17,2407.964,2439.856
2024-04-18,2430.703,2445.205
2024-04-19,2433.978,2430.582
2024-04-22,2433.181,2424.747
2024-04-23,2420.623,2413.739
2024-04-24,2422.627,2424.119
2024-04-25,2419.5,2431.622
2024-04-26,2432.758,2461.856
2024-04-29,2458.178,2474.34
2024-04-30,2473.514,2464.244
2024-05-06,2495.467,2495.762
2024-05-07,2496.015,2499.771
2024-05-08,2495.624,2486.019
2024-05-09,2483.66,2501.731
2024-05-10,2508.061,2508.575
2024-05-13,2499.69,2506.459
2024-05-14,2507.198,2496.736
2024-05-15,2494.764,2477.39
2024-05-16,2484.272,2489.414
2024-05-17,2492.571,2524.171
2024-05-20,2529.916,2532.824
2024-05-21,2526.937,2525.233
2024-05-22,2524.694,2529.04
2024-05-23,2518.144,2500.821
2024-05-24,2494.368,2474.425
2024-05-27,2478.259,2497.601
2024-05-28,2498.026,2490.161
2024-05-29,2489.519,2493.169
2024-05-30,2488.319,2473.758
2024-05-31,2480.213,2462.183
2024-06-03,2461.35,2469.017
2024-06-04,2465.61,2483.319
2024-06-05,2477.307,2468.192
2024-06-06,2474.232,2467.887
2024-06-07,2473.174,2457.257
2024-06-11,2444.548,2423.618
2024-06-12,2420.899,2423.607
2024-06-13,2425.923,2412.074
2024-06-14,2405.79,2426.509
2024-06-17,2412.092,2416.341
2024-06-18,2412.547,2415.428
2024-06-19,2410.472,2413.972
2024-06-20,2413.393,2408.338
2024-06-21,2406.217,2398.957
2024-06-24,2383.866,2404.085
2024-06-25,2403.729,2394.215
2024-06-26,2388.499,2398.256
2024-06-27,2391.687,2388.561
2024-06-28,2382.117,2394.875
2024-07-01,2395.2,2405.467
2024-07-02,2400.167,2416.679
2024-07-03,2417.176,2414.866
2024-07-04,2417.276,2407.903
2024-07-05,2405.611,2386.004
2024-07-08,2375.684,2371.689
2024-07-09,2365.931,2389.384
2024-07-10,2378.804,2381.831
2024-07-11,2387.665,2396.407
2024-07-12,2397.729,2412.618
2024-07-15,2405.918,2420.521
2024-07-16,2412.255,2424.755
2024-07-17,2422.883,2432.833
2024-07-18,2426.34,2444.509
2024-07-19,2429.805,2456.79
2024-07-22,2454.244,2432.55
2024-07-23,2429.086,2396.673
2024-07-24,2393.232,2390.954
2024-07-25,2384.635,2369.715
2024-07-26,2364.911,2355.316
2024-07-29,2352.506,2348.478
2024-07-30,2341.909,2335.312
2024-07-31,2332.652,2375.394
2024-08-01,2373.471,2360.422
2024-08-02,2344.418,2343.715
2024-08-05,2334.592,2328.922
2024-08-06,2342.842,2313.336
2024-08-07,2311.911,2314.426
2024-08-08,2310.962,2320.425
2024-08-09,2332.671,2317.992
2024-08-12,2314.261,2316.911
2024-08-13,2318.973,2317.653
2024-08-14,2317.888,2306.115
2024-08-15,2300.479,2335.938
2024-08-16,2335.042,2345.048
2024-08-19,2345.645,2357.031
2024-08-20,2361.181,2346.638
2024-08-21,2341.812,2339.072
2024-08-22,2340.154,2341.151
2024-08-23,2338.664,2355.379
2024-08-26,2356.793,2352.273
2024-08-27,2348.544,2350.414
2024-08-28,2349.52,2336.148
2024-08-29,2329.662,2317.664
2024-08-30,2313.61,2335.215
2024-09-02,2321.153,2299.933
2024-09-03,2299.34,2291.178
2024-09-04,2279.477,2271.807
2024-09-05,2272.982,2275.118
2024-09-06,2276.54,2263.563
2024-09-09,2252.304,2232.959
2024-09-10,2232.83,2235.687
2024-09-11,2228.825,2220.798
2024-09-12,2220.901,2209.56
2024-09-13,2211.154,2205.812
2024-09-18,2206.854,2218.656
2024-09-19,2224.263,2229.805
2024-09-20,2227.352,2233.257
2024-09-23,2233.858,2243.025
2024-09-24,2270.356,2352.145
2024-09-25,2391.285,2386.323
2024-09-26,2389.268,2498.18
2024-09-27,2553.602,2571.085
2024-09-30,2657.548,2755.404
2024-10-08,3016.874,2853.138
2024-10-09,2813.956,2680.715
2024-10-10,2697.292,2739.051
2024-10-11,2718.249,2680.388
2024-10-14,2699.707,2723.183
2024-10-15,2711.674,2655.116
2024-10-16,2629.242,2650.176
2024-10-17,2666.367,2610.467
2024-10-18,2606.377,2681.912
2024-10-21,2694.966,2681.057
2024-10-22,2672.853,2692.661
2024-10-23,2691.126,2708.046
2024-10-24,2695.379,2680.704
2024-10-25,2679.349,2683.325
2024-10-28,2681.508,2686.289
2024-10-29,2689.917,2667.939
2024-10-30,2658.259,2634.738
2024-10-31,2637.206,2633.117
2024-11-01,2629.043,2651.535
2024-11-04,2657.314,2675.771
2024-11-05,2666.861,2727.667
2024-11-06,2730.455,2706.615
2024-11-07,2684.813,2797.86
2024-11-08,2825.912,2765.539
2024-11-11,2736.838,2753.745
2024-11-12,2744.946,2712.265
2024-11-13,2697.186,2728.229
2024-11-14,2719.455,2704.152
2024-11-15,2696.961,2671.452
2024-11-18,2683.493,2678.274
2024-11-19,2679.551,2671.189
2024-11-20,2667.449,2676.207
2024-11-21,2674.434,2680.798
2024-11-22,2679.651,2601.557
2024-11-25,2610.961,2582.054
2024-11-26,2576.809,2592.737
2024-11-27,2588.889,2625.761
2024-11-28,2625.507,2610.121
2024-11-29,2612.234,2624.956
2024-12-02,2621.144,2639.041
2024-12-03,2638.806,2652.898
2024-12-04,2651.785,2648.755
2024-12-05,2637.627,2635.562
2024-12-06,2636.607,2665.428
2024-12-09,2666.289,2667.592
2024-12-10,2741.751,2689.329
2024-12-11,2684.591,2676.552
2024-12-12,2673.944,2702.268
2024-12-13,2684.293,2638.027
2024-12-16,2637.74,2641.56
2024-12-17,2637.35,2652.346
2024-12-18,2662.032,2671.346
2024-12-19,2652.195,2661.722
2024-12-20,2654.849,2648.461
2024-12-23,2648.919,2671.203
2024-12-24,2671.909,2702.282
2024-12-25,2706.567,2710.165
2024-12-26,2709.592,2702.595
2024-12-27,2701.209,2701.703
2024-12-30,2700.225,2718.749
2024-12-31,2715.207,2684.771
2025-01-02,2682.416,2610.342
2025-01-03,2615.351,2587.132
2025-01-06,2589.335,2579.963
2025-01-07,2576.677,2593.965
2025-01-08,2587.527,2597.446
2025-01-09,2595.692,2579.575
2025-01-10,2585.2,2560.25
2025-01-13,2545.379,2553.359
2025-01-14,2556.422,2598.807
2025-01-15,2592.316,2591.503
2025-01-16,2601.123,2580.118
2025-01-17,2572.966,2582.486
2025-01-20,2595.325,2589.069
2025-01-21,2598.831,2584.889
2025-01-22,2580.105,2551.354
2025-01-23,2571.828,2567.477
2025-01-24,2562.866,2579.096
2025-01-27,2582.839,2583.652
2025-02-05,2604.139,2561.942
2025-02-06,2559.827,2580.426
2025-02-07,2578.683,2608.089
2025-02-10,2612.061,2621.04
2025-02-11,2625.183,2614.322
2025-02-12,2611.962,2640.046
2025-02-13,2638.981,2641.131
2025-02-14,2638.208,2660.855
2025-02-17,2665.545,2664.475
2025-02-18,2659.088,2651.112
2025-02-19,2648.356,2663.603
2025-02-20,2659.126,2648.167
2025-02-21,2657.801,2682.239
2025-02-24,2674.691,2674.117
2025-02-25,2654.134,2643.233
2025-02-26,2649.901,2666.656
2025-02-27,2664.319,2679.077
2025-02-28,2670.426,2638.957
2025-03-03,2645.011,2628.524
2025-03-04,2617.92,2621.217
2025-03-05,2623.717,2641.446
2025-03-06,2655.538,2683.949
2025-03-07,2677.574,2682.016
2025-03-10,2682.883,2668.806
2025-03-11,2644.819,2682.223
2025-03-12,2684.72,2669.015
2025-03-13,2670.993,2664.617
2025-03-14,2674.495,2740.507
2025-03-17,2755.49,2737.923
2025-03-18,2749.322,2739.745
2025-03-19,2737.313,2746.963
2025-03-20,2748.294,2718.186
2025-03-21,2712.738,2675.358
2025-03-24,2675.461,2693.331
2025-03-25,2695.297,2691.898
2025-03-26,2692.417,2677.312
2025-03-27,2673.935,2690.843
2025-03-28,2691.666,2679.74
2025-03-31,2676.051,2665.634
2025-04-01,2669.005,2662.711
2025-04-02,2659.103,2658.621
2025-04-03,2631.475,2662.252
2025-04-07,2555.71,2516.965
2025-04-08,2526.508,2574.353
2025-04-09,2548.487,2597.102
2025-04-10,2628.522,2612.619
2025-04-11,2620.774,2619.576
2025-04-14,2623.568,2628.206
2025-04-15,2624.201,2634.593
2025-04-16,2639.202,2658.496
2025-04-17,2648.046,2659.896
2025-04-18,2648.66,2657.637
2025-04-21,2655.545,2652.81
2025-04-22,2651.491,2656.539
2025-04-23,2662.926,2648.83
2025-04-24,2648.768,2655.364
2025-04-25,2660.159,2648.81
2025-04-28,2643.136,2651.225
2025-04-29,2650.432,2645.512
2025-04-30,2646.064,2633.16
2025-05-06,2650.464,2647.717
2025-05-07,2685.558,2670.702
2025-05-08,2661.266,2679.509
2025-05-09,2676.124,2684.006
2025-05-12,2688.748,2702.617
2025-05-13,2713.11,2708.059
2025-05-14,2708.558,2753.785
2025-05-15,2748.535,2740.298
2025-05-16,2734.745,2716.662
2025-05-19,2710.322,2705.088
2025-05-20,2710.393,2716.629
2025-05-21,2716.838,2728.426
2025-05-22,2725.448,2733.632
2025-05-23,2731.183,2711.852
2025-05-26,2708.217,2699.423
2025-05-27,2699.692,2685.281
2025-05-28,2686.727,2683.063
2025-05-29,2684.487,2690.893
2025-05-30,2688.957,2678.696
2025-06-03,2674.768,2687.296
2025-06-04,2688.735,2690.824
2025-06-05,2692.54,2692.129
2025-06-06,2691.629,2688.85
2025-06-09,2689.73,2686.828
2025-06-10,2690.869,2676.401
2025-06-11,2676.672,2692.137
2025-06-12,2689.678,2691.275
2025-06-13,2684.882,2676.433
2025-06-16,2666.822,2685.009
2025-06-17,2685.386,2683.953
2025-06-18,2685.466,2679.922
2025-06-19,2678.356,2665.52
2025-06-20,2661.21,2673.719
2025-06-23,2664.636,2684.776
2025-06-24,2685.853,2715.922
2025-06-25,2714.626,2747.728
2025-06-26,2740.233,2738.466
2025-06-27,2738.93,2707.569
2025-06-30,2702.115,2711.985
2025-07-01,2714.967,2717.713
2025-07-02,2720.847,2722.552
2025-07-03,2726.112,2724.549
2025-07-04,2722.178,2740.444
2025-07-07,2736.012,2731.532
2025-07-08,2732.054,2747.188
2025-07-09,2746.14,2739.92
2025-07-10,2739.231,2756.935
2025-07-11,2754.663,2756.773
2025-07-14,2761.479,2757.808
2025-07-15,2758.718,2747.227
2025-07-16,2748.166,2740.901
2025-07-17,2737.351,2744.26
2025-07-18,2746.328,2764.516
2025-07-21,2770.363,2772.239
2025-07-22,2773.405,2792.182
2025-07-23,2798.964,2801.2
2025-07-24,2797.263,2812.443
2025-07-25,2807.631,2795.513
2025-07-28,2799.264,2802.767
2025-07-29,2802.775,2808.592
2025-07-30,2809.437,2819.351
2025-07-31,2807.305,2775.994
2025-08-01,2771.762,2754.13
2025-08-04,2748.618,2769.393
2025-08-05,2773.38,2790.729
2025-08-06,2789.268,2797.423
2025-08-07,2797.711,2798.311
2025-08-08,2795.782,2789.174
2025-08-11,2791.352,2789.896
2025-08-12,2791.204,2807.012
2025-08-13,2809.046,2812.98
2025-08-14,2815.493,2829.47
2025-08-15,2821.975,2832.876
2025-08-18,2843.086,2838.873
2025-08-19,2843.285,2812.423
2025-08-20,2808.437,2846.991
2025-08-21,2853.787,2862.176
2025-08-22,2868.591,2928.614
2025-08-25,2950.653,2989.855
2025-08-26,2975.697,2969.776
2025-08-27,2974.408,2918.379
2025-08-28,2918.528,2960.727
2025-08-29,2954.931,2976.473
2025-09-01,2986.651,2981.202
2025-09-02,2983.72,2992.881
2025-09-03,2995.463,2960.993
2025-09-04,2949.972,2910.47
2025-09-05,2908.512,2942.216
2025-09-08,2940.981,2939.882
2025-09-09,2928.532,2928.632
2025-09-10,2928.112,2939.591
2025-09-11,2925.658,2983.083
2025-09-12,2986.023,2968.54
2025-09-15,2976.345,2962.615
2025-09-16,2969.234,2947.822
2025-09-17,2942.88,2952.778
2025-09-18,2959.389,2912.826
2025-09-19,2914.362,2909.744
2025-09-22,2911.024,2922.18
2025-09-23,2917.991,2919.515
2025-09-24,2908.072,2939.508
2025-09-25,2944.728,2952.735
2025-09-26,2941.169,2941.018
2025-09-29,2940.037,2973.042
2025-09-30,2985.097,2988.939
2025-10-09,3004.453,3020.596
2025-10-10,3000.557,2974.854
2025-10-13,2917.877,2967.206
2025-10-14,2986.581,2961.101
2025-10-15,2962.753,3001.349
2025-10-16,2994.221,3019.197
2025-10-17,3017.427,2967.775
2025-10-20,2984.312,2974.865
2025-10-21,2983.277,3007.263
2025-10-22,2987.346,3010.095
2025-10-23,3001.995,3026.904
2025-10-24,3031.916,3045.816
2025-10-27,3064.383,3069.529
2025-10-28,3059.876,3050.416
2025-10-29,3049.446,3063.021
2025-10-30,3053.793,3046.611
2025-10-31,3046.182,3011.555
2025-11-03,3009.163,3016.351
2025-11-04,3014.832,3012.969
2025-11-05,2985.76,3007.97
2025-11-06,3015.349,3044.742
2025-11-07,3036.01,3038.346
2025-11-10,3043.506,3053.857
2025-11-11,3059.756,3034.633
2025-11-12,3035.026,3044.301
2025-11-13,3044.924,3073.666
2025-11-14,3058.123,3038.426
2025-11-17,3033.022,3012.071
2025-11-18,3005.741,3003.018
2025-11-19,3004.646,3020.349
2025-11-20,3030.037,3008.29
2025-11-21,2989.872,2955.854
2025-11-24,2967.164,2950.562
2025-11-25,2963.689,2968.202
2025-11-26,2969.776,2971.799
2025-11-27,2976.078,2972.265
2025-11-28,2969.228,2969.617
2025-12-01,2975.272,2993.676
2025-12-02,2992.384,2978.467
2025-12-03,2976.113,2963.076
2025-12-04,2968.556,2974.337
2025-12-05,2970.62,3002.009
2025-12-08,3006.633,3019.362
2025-12-09,3012.244,2997.96
2025-12-10,2994.149,2988.638
2025-12-11,2995.632,2977.032
2025-12-12,2981.967,2994.645
2025-12-15,2979.764,2987.068
2025-12-16,2980.937,2954.787
2025-12-17,2955.474,2991.678
2025-12-18,2983.767,2998.517
2025-12-19,2993.929,3004.34
2025-12-22,3010.796,3020.229
2025-12-23,3023.911,3027.52
2025-12-24,3028.374,3025.184
2025-12-25,3020.908,3032.841
2025-12-26,3032.467,3045.404
2025-12-29,3048.979,3034.635
2025-12-30,3023.321,3036.552
2025-12-31,3038.602,3031.126
2026-01-05,3052.129,3099.746
2026-01-06,3106.52,3158.763
2026-01-07,3162.022,3145.12
2026-01-08,3137.81,3122.063
2026-01-09,3121.159,3134.325
2026-01-12,3146.512,3143.737
2026-01-13,3150.733,3132.933
2026-01-14,3136.845,3112.075
2026-01-15,3104.328,3105.575
2026-01-16,3117.933,3079.763
2026-01-19,3077.806,3075.936
2026-01-20,3077.939,3070.646
2026-01-21,3073.769,3067.175
2026-01-22,3080.205,3053.128
2026-01-23,3055.686,3032.193
2026-01-26,3042.368,3049.587
2026-01-27,3054.401,3052.393
2026-01-28,3066.425,3060.557
2026-01-29,3074.487,3110.914
2026-01-30,3088.787,3066.496
2026-02-02,3036.843,3003.137
2026-02-03,3033.47,3034.58
2026-02-04,3033.548,3069.243
2026-02-05,3048.87,3059.012
2026-02-06,3027.173,3037.86
2026-02-09,3066.318,3081.779
2026-02-10,3086.328,3087.405
2026-02-11,3082.699,3088.457
2026-02-12,3091.529,3079.727
2026-02-13,3062.206,3034.346
2026-02-24,3075.472,3041.324
2026-02-25,3045.451,3054.925
2026-02-26,3059.602,3035.071
2026-02-27,3026.076,3039.431
2026-03-02,3031.447,3046.467
2026-03-03,3045.75,3014.27
2026-03-04,2985.632,2974.21
2026-03-05,2993.591,2988.451
2026-03-06,2972.59,2992.702
2026-03-09,2963.2,2962.989
2026-03-10,2973.82,2981.835
2026-03-11,2983.46,2985.345
2026-03-12,2978.115,2971.561
2026-03-13,2961.734,2956.847
2026-03-16,2952.42,2954.089
2026-03-17,2957.015,2963.578
2026-03-18,2965.861,2961.426
2026-03-19,2933.577,2916.235
2026-03-20,2914.851,2883.864
2026-03-23,2847.522,2792.329
2026-03-24,2813.498,2830.854
2026-03-25,2845.409,2859.535
2026-03-26,2854.504,2824.674
2026-03-27,2803.498,2837.306
2026-03-30,2814.828,2833.205
2026-03-31,2844.405,2826.125
2026-04-01,2863.493,2878.794
2026-04-02,2873.826,2853.453
2026-04-03,2856.557,2830.597
2026-04-07,2830.127,2830.523
2026-04-08,2872.035,2907.066
2026-04-09,2888.404,2884.76
2026-04-10,2900.496,2899.58
2026-04-13,2888.424,2899.47
2026-04-14,2918.505,2924.183
2026-04-15,2939.52,2934.216
2026-04-16,2937.758,2939.765
2026-04-17,2920.855,2910.873
2026-04-20,2911.862,2933.653
2026-04-21,2931.611,2932.072
2026-04-22,2927.864,2930.575
2026-04-23,2938.165,2927.931
2026-04-24,2925.901,2945.043
2026-04-27,2944.031,2939.053
2026-04-28,2938.058,2950.421
2026-04-29,2937.814,2967.503
2026-04-30,2972.047,2985.505
2026-05-06,3010.318,3026.443
2026-05-07,3034.977,3029.194
2026-05-08,3014.466,3003.584
2026-05-11,3021.745,3041.633
2026-05-12,3045.221,3043.556
2026-05-13,3029.116,3047.246
2026-05-14,3056.846,2996.573
2026-05-15,2992.261,2957.602
2026-05-18,2947.25,2934.959
2026-05-19,2929.066,2954.062
2026-05-20,2940.262,2953.747
2026-05-21,2972.53,2920.929
2026-05-22,2937.118,2923.525
2026-05-25,2932.24,2968.697
2026-05-26,2954.491,2973.385
2026-05-27,2969.796,2934.712
2026-05-28,2923.206,2914.19
2026-05-29,2919.64,2921.081
2026-06-01,2918.116,2893.719
2026-06-02,2897.97,2920.269
2026-06-03,2913.205,2920.917
2026-06-04,2902.27,2891.349
2026-06-05,2883.282,2865.866
2026-06-08,2818.684,2825.013
2026-06-09,2830.881,2842.694
2026-06-10,2829.649,2850.369
2026-06-11,2842.671,2845.919
2026-06-12,2864.991,2890.798
2026-06-15,2919.69,2938.649
2026-06-16,2933.961,2913.986
2026-06-17,2905.208,2934.466
2026-06-18,2926.486,2928.748
2026-06-22,2929.73,3012.653
2026-06-23,2998.029,2926.828
2026-06-24,2919.848,2943.896
2026-06-25,2944.453,2977.57
2026-06-26,2961.037,2906.944
2026-06-29,2911.338,2991.081
2026-06-30,2972.345,2989.402
2026-07-01,2976.358,2985.24
2026-07-02,2938.766,2912.276
2026-07-03,2917.52,2931.284
2026-07-06,2949.923,2957.969
2026-07-07,2932.808,2921.887
2026-07-08,2929.897,2920.842
2026-07-09,2926.138,2995.789
2026-07-10,2996.841,2955.52
2026-07-13,2931.497,2913.188
2026-07-14,2909.931,2955.553
2026-07-15,2955.764,2967.07
2026-07-16,2927.315,2904.119
2026-07-17,2887.093,2827.671
2026-07-20,2852.252,2912.853
2026-07-21,2953.009,2973.813
2026-07-22,2954.881,2991.047
2026-07-23,3003.5027,2980.3512
