date,open,close
1999-03-10,102.25,102.125
1999-03-11,102.875,102.625
1999-03-12,102.25,100.125
1999-03-15,100.875,103.0
1999-03-16,103.438,103.875
1999-03-17,103.875,103.125
1999-03-18,103.0,105.125
1999-03-19,106.5,102.438
1999-03-22,102.875,101.188
1999-03-23,100.625,97.625
1999-03-24,98.5,100.938
1999-03-25,102.5,104.625
1999-03-26,103.75,103.5
1999-03-29,104.75,107.25
1999-03-30,107.125,106.5
1999-03-31,108.25,104.938
1999-04-01,108.0,107.125
1999-04-05,108.859,111.0
1999-04-06,110.875,111.219
1999-04-07,112.25,110.063
1999-04-08,109.875,110.938
1999-04-09,110.75,111.625
1999-04-12,109.0,110.875
1999-04-13,111.563,109.375
1999-04-14,110.75,105.625
1999-04-15,106.0,107.063
1999-04-16,106.813,103.938
1999-04-19,104.625,99.063
1999-04-20,98.625,101.313
1999-04-21,102.25,106.313
1999-04-22,107.313,109.188
1999-04-23,108.625,110.625
1999-04-26,111.375,113.172
1999-04-27,114.0,111.438
1999-04-28,110.5,107.625
1999-04-29,107.125,106.75
1999-04-30,108.25,107.438
1999-05-03,107.125,106.875
1999-05-04,107.063,105.188
1999-05-05,105.25,108.375
1999-05-06,107.375,104.438
1999-05-07,105.375,105.938
1999-05-10,106.625,107.0
1999-05-11,107.875,108.688
1999-05-12,109.188,110.938
1999-05-13,111.813,108.875
1999-05-14,106.75,106.813
1999-05-17,105.875,108.734
1999-05-18,108.625,108.25
1999-05-19,108.688,109.75
1999-05-20,109.984,106.734
1999-05-21,107.063,105.75
1999-05-24,105.938,103.063
1999-05-25,102.938,99.688
1999-05-26,101.0,102.469
1999-05-27,102.063,102.375
1999-05-28,103.0,104.063
1999-06-01,103.875,101.75
1999-06-02,101.688,103.469
1999-06-03,104.25,102.0
1999-06-04,102.75,105.125
1999-06-07,105.859,107.313
1999-06-08,107.563,104.625
1999-06-09,105.0,106.375
1999-06-10,105.25,105.156
1999-06-11,105.875,103.563
1999-06-14,103.938,101.609
1999-06-15,101.859,103.125
1999-06-16,105.688,108.422
1999-06-17,107.0,109.625
1999-06-18,108.625,110.125
1999-06-21,110.875,113.422
1999-06-22,112.75,110.0
1999-06-23,110.016,111.734
1999-06-24,111.688,109.516
1999-06-25,110.25,109.375
1999-06-28,110.313,111.969
1999-06-29,111.875,113.5
1999-06-30,113.609,115.25
1999-07-01,115.625,116.031
1999-07-02,116.0,117.5
1999-07-06,118.125,116.75
1999-07-07,116.688,116.938
1999-07-08,116.938,118.5
1999-07-09,118.938,119.688
1999-07-12,120.125,119.063
1999-07-13,118.5,118.5
1999-07-14,119.688,120.516
1999-07-15,120.938,121.625
1999-07-16,121.688,122.75
1999-07-19,123.25,121.5
1999-07-20,120.016,116.813
1999-07-21,117.063,117.375
1999-07-22,117.375,114.391
1999-07-23,115.25,114.563
1999-07-26,113.0,111.75
1999-07-27,114.0,114.0
1999-07-28,115.375,116.234
1999-07-29,114.063,113.75
1999-07-30,114.25,113.188
1999-08-02,113.375,112.875
1999-08-03,114.422,112.141
1999-08-04,112.141,110.109
1999-08-05,110.125,111.859
1999-08-06,111.063,110.656
1999-08-09,111.063,109.234
1999-08-10,108.938,108.25
1999-08-11,110.188,111.813
1999-08-12,112.25,110.5
1999-08-13,112.813,115.313
1999-08-16,115.25,116.234
1999-08-17,117.25,116.813
1999-08-18,116.25,115.5
1999-08-19,114.438,114.125
1999-08-20,114.25,115.938
1999-08-23,117.0,119.625
1999-08-24,118.75,120.438
1999-08-25,121.188,123.0
1999-08-26,123.0,120.953
1999-08-27,121.859,119.75
1999-08-30,120.25,118.063
1999-08-31,118.875,119.375
1999-09-01,120.125,120.234
1999-09-02,118.0,119.813
1999-09-03,123.25,125.313
1999-09-07,125.063,124.75
1999-09-08,124.0,123.063
1999-09-09,123.125,124.813
1999-09-10,126.5,126.25
1999-09-13,126.125,124.734
1999-09-14,124.25,125.422
1999-09-15,126.984,123.0
1999-09-16,122.938,122.938
1999-09-17,124.063,126.625
1999-09-20,127.0,126.922
1999-09-21,125.813,123.875
1999-09-22,124.063,125.188
1999-09-23,126.5,120.0
1999-09-24,119.25,120.156
1999-09-27,121.875,121.0
1999-09-28,120.391,121.563
1999-09-29,121.563,119.125
1999-09-30,120.25,120.375
1999-10-01,118.75,120.422
1999-10-04,121.063,123.125
1999-10-05,123.563,124.0
1999-10-06,124.75,126.484
1999-10-07,127.188,126.188
1999-10-08,125.688,127.516
1999-10-11,127.875,129.313
1999-10-12,128.875,126.375
1999-10-13,124.938,122.625
1999-10-14,123.063,123.391
1999-10-15,120.25,119.75
1999-10-18,119.875,118.234
1999-10-19,119.516,118.875
1999-10-20,120.688,122.5
1999-10-21,120.5,124.5
1999-10-22,125.234,123.938
1999-10-25,123.375,124.0
1999-10-26,125.5,123.0
1999-10-27,122.688,122.813
1999-10-28,124.75,127.063
1999-10-29,130.0,131.5
1999-11-01,131.5,130.813
1999-11-02,131.5,130.891
1999-11-03,132.75,133.5
1999-11-04,135.359,135.0
1999-11-05,137.75,136.375
1999-11-08,136.875,139.125
1999-11-09,140.25,138.188
1999-11-10,138.25,140.0
1999-11-11,141.5,142.5
1999-11-12,143.25,144.375
1999-11-15,144.5,144.094
1999-11-16,144.625,147.75
1999-11-17,147.75,145.75
1999-11-18,146.75,150.219
1999-11-19,149.563,151.563
1999-11-22,151.875,149.25
1999-11-23,152.875,149.938
1999-11-24,150.375,154.875
1999-11-26,156.813,155.375
1999-11-29,155.063,152.813
1999-11-30,153.125,147.0
1999-12-01,148.625,150.188
1999-12-02,150.75,154.953
1999-12-03,158.625,158.25
1999-12-06,158.859,159.688
1999-12-07,160.188,159.688
1999-12-08,159.734,157.75
1999-12-09,160.0,158.5
1999-12-10,159.813,159.813
1999-12-13,159.266,161.984
1999-12-14,161.5,159.063
1999-12-15,157.25,162.125
1999-12-16,164.25,166.125
1999-12-17,169.0,167.563
1999-12-20,168.813,169.75
1999-12-21,170.25,178.875
1999-12-22,178.375,178.313
1999-12-23,179.734,180.438
1999-12-27,180.625,179.375
1999-12-28,179.5,178.25
1999-12-29,180.0,185.0
1999-12-30,187.25,183.0
1999-12-31,185.25,182.75
2000-01-03,192.375,189.5
2000-01-04,184.0,176.5
2000-01-05,175.0,172.0
2000-01-06,173.75,160.188
2000-01-07,165.875,180.0
2000-01-10,182.0,185.0
2000-01-11,183.5,176.0
2000-01-12,178.0,172.125
2000-01-13,177.0,182.5
2000-01-14,186.0,186.75
2000-01-18,184.125,187.75
2000-01-19,186.984,192.0
2000-01-20,191.0,190.125
2000-01-21,193.0,192.5
2000-01-24,194.875,183.25
2000-01-25,183.75,186.0
2000-01-26,186.5,178.5
2000-01-27,183.5,181.125
2000-01-28,180.0,172.0
2000-01-31,171.75,179.375
2000-02-01,179.063,184.188
2000-02-02,184.5,185.75
2000-02-03,188.625,193.0
2000-02-04,194.0,194.313
2000-02-07,194.5,197.0
2000-02-08,198.75,205.25
2000-02-09,204.125,198.0
2000-02-10,199.625,204.5
2000-02-11,204.125,199.75
2000-02-14,199.984,199.5
2000-02-15,197.875,200.938
2000-02-16,199.813,200.0
2000-02-17,202.375,204.25
2000-02-18,205.25,196.875
2000-02-22,198.0,197.5
2000-02-23,199.359,208.5
2000-02-24,209.75,213.0
2000-02-25,212.375,208.125
2000-02-28,206.5,208.0
2000-02-29,211.5,213.5
2000-03-01,214.5,215.25
2000-03-02,216.125,210.266
2000-03-03,216.0,222.125
2000-03-06,223.5,223.875
2000-03-07,227.625,220.5
2000-03-08,222.0,222.5
2000-03-09,222.438,230.0
2000-03-10,229.75,229.0
2000-03-13,220.0,223.0
2000-03-14,225.5,214.75
2000-03-15,213.0,205.75
2000-03-16,210.75,217.5
2000-03-17,216.0,221.625
2000-03-20,111.0,107.688
2000-03-21,106.125,111.75
2000-03-22,113.5,114.0
2000-03-23,114.484,116.0
2000-03-24,117.484,117.563
2000-03-27,118.0,117.75
2000-03-28,116.984,114.75
2000-03-29,115.375,110.0
2000-03-30,107.25,107.25
2000-03-31,108.141,109.5
2000-04-03,107.766,102.938
2000-04-04,103.625,101.938
2000-04-05,97.5,100.125
2000-04-06,102.375,102.5
2000-04-07,104.125,106.625
2000-04-10,107.625,100.125
2000-04-11,97.125,97.75
2000-04-12,97.625,92.0
2000-04-13,92.813,88.0
2000-04-14,86.063,80.375
2000-04-17,78.016,89.625
2000-04-18,89.484,92.0
2000-04-19,92.5,89.188
2000-04-20,90.375,87.25
2000-04-24,83.438,84.75
2000-04-25,86.5,90.469
2000-04-26,90.625,87.375
2000-04-27,84.0,91.25
2000-04-28,93.563,94.75
2000-05-01,95.75,95.625
2000-05-02,94.875,90.125
2000-05-03,89.5,89.125
2000-05-04,89.0,89.313
2000-05-05,88.125,91.438
2000-05-08,90.5,87.875
2000-05-09,88.5,86.0
2000-05-10,84.375,79.75
2000-05-11,82.75,84.625
2000-05-12,85.375,84.625
2000-05-15,84.813,88.313
2000-05-16,90.0,90.813
2000-05-17,89.25,88.938
2000-05-18,89.0,85.75
2000-05-19,83.75,81.688
2000-05-22,81.625,81.625
2000-05-23,81.375,74.813
2000-05-24,75.0,79.5
2000-05-25,80.25,77.75
2000-05-26,77.75,77.75
2000-05-30,80.0,85.563
2000-05-31,84.469,83.125
2000-06-01,85.188,87.375
2000-06-02,92.625,93.625
2000-06-05,92.25,93.859
2000-06-06,93.188,91.25
2000-06-07,91.563,93.688
2000-06-08,94.625,93.25
2000-06-09,94.75,93.75
2000-06-12,94.313,90.75
2000-06-13,90.5,94.25
2000-06-14,94.875,92.125
2000-06-15,91.875,93.75
2000-06-16,94.75,94.25
2000-06-19,94.016,98.0
2000-06-20,98.25,97.625
2000-06-21,96.813,98.875
2000-06-22,98.625,95.25
2000-06-23,95.0,91.5
2000-06-26,93.063,94.0
2000-06-27,93.766,92.875
2000-06-28,92.984,94.0
2000-06-29,92.938,91.641
2000-06-30,91.813,93.438
2000-07-03,93.5,95.25
2000-07-05,93.625,91.563
2000-07-06,91.563,94.0
2000-07-07,95.0,95.938
2000-07-10,94.688,94.484
2000-07-11,94.063,95.0
2000-07-12,95.438,97.25
2000-07-13,97.938,98.5
2000-07-14,100.25,100.625
2000-07-17,100.938,101.75
2000-07-18,100.375,99.5
2000-07-19,98.313,97.25
2000-07-20,97.875,100.375
2000-07-21,98.438,97.0
2000-07-24,97.938,95.0
2000-07-25,95.625,95.75
2000-07-26,95.5,95.625
2000-07-27,93.938,91.875
2000-07-28,92.188,86.875
2000-07-31,87.625,89.438
2000-08-01,89.813,88.25
2000-08-02,87.875,86.688
2000-08-03,84.25,90.438
2000-08-04,92.0,90.125
2000-08-07,90.875,92.25
2000-08-08,92.063,94.125
2000-08-09,93.688,91.625
2000-08-10,91.813,89.813
2000-08-11,89.25,91.063
2000-08-14,91.375,93.0
2000-08-15,92.75,93.0
2000-08-16,93.438,93.938
2000-08-17,92.938,95.75
2000-08-18,95.938,95.25
2000-08-21,96.0,95.5
2000-08-22,96.0,95.5
2000-08-23,94.688,97.063
2000-08-24,97.438,98.563
2000-08-25,98.484,98.031
2000-08-28,98.25,98.5
2000-08-29,98.625,99.0
2000-08-30,98.313,98.875
2000-08-31,99.625,101.625
2000-09-01,103.0,102.625
2000-09-05,101.625,99.5
2000-09-06,99.25,96.0
2000-09-07,96.813,98.125
2000-09-08,97.766,95.125
2000-09-11,94.5,92.813
2000-09-12,93.5,91.375
2000-09-13,90.25,93.5
2000-09-14,95.25,93.0
2000-09-15,93.125,91.313
2000-09-18,91.813,89.875
2000-09-19,90.75,93.188
2000-09-20,93.375,94.625
2000-09-21,93.75,87.75
2000-09-22,87.625,92.938
2000-09-25,93.625,90.469
2000-09-26,90.766,89.438
2000-09-27,90.625,89.563
2000-09-28,88.719,91.563
2000-09-29,92.0,88.75
2000-10-02,90.25,86.75
2000-10-03,88.063,84.0
2000-10-04,83.5,85.625
2000-10-05,85.25,85.875
2000-10-06,85.563,83.0
2000-10-09,82.563,82.625
2000-10-10,81.813,78.313
2000-10-11,76.875,77.063
2000-10-12,79.25,75.125
2000-10-13,74.688,81.25
2000-10-16,81.125,82.0
2000-10-17,83.125,78.25
2000-10-18,76.75,78.0
2000-10-19,82.391,85.063
2000-10-20,84.5,86.313
2000-10-23,86.188,86.188
2000-10-24,86.438,82.5
2000-10-25,81.25,77.875
2000-10-26,78.188,79.875
2000-10-27,80.859,79.719
2000-10-30,78.188,76.766
2000-10-31,78.0,81.703
2000-11-01,80.313,81.0
2000-11-02,82.188,82.0
2000-11-03,82.875,83.063
2000-11-06,83.625,82.438
2000-11-07,81.438,82.125
2000-11-08,82.125,75.703
2000-11-09,74.75,75.688
2000-11-10,74.25,71.75
2000-11-13,70.953,71.859
2000-11-14,73.0,75.844
2000-11-15,75.563,77.375
2000-11-16,75.375,72.875
2000-11-17,73.188,72.828
2000-11-20,70.938,69.859
2000-11-21,70.188,69.75
2000-11-22,68.438,66.625
2000-11-24,68.375,70.438
2000-11-27,72.563,69.563
2000-11-28,68.938,65.453
2000-11-29,65.813,62.938
2000-11-30,61.75,62.984
2000-12-01,64.063,64.0
2000-12-04,64.125,65.0
2000-12-05,66.063,70.688
2000-12-06,70.594,68.0
2000-12-07,67.0,66.5
2000-12-08,71.094,68.0
2000-12-11,72.063,74.375
2000-12-12,73.5,71.656
2000-12-13,73.438,68.734
2000-12-14,68.516,65.375
2000-12-15,64.25,63.875
2000-12-18,65.156,64.0
2000-12-19,63.453,59.125
2000-12-20,57.313,55.734
2000-12-21,55.016,56.063
2000-12-22,57.625,60.5
2000-12-26,60.594,60.875
2000-12-27,59.688,61.563
2000-12-28,60.781,61.438
2000-12-29,61.563,58.375
2001-01-02,58.563,53.438
2001-01-03,52.188,62.438
2001-01-04,61.625,61.313
2001-01-05,61.313,56.625
2001-01-08,56.313,57.25
2001-01-09,57.75,57.25
2001-01-10,56.125,60.188
2001-01-11,59.266,61.938
2001-01-12,62.75,62.734
2001-01-16,62.563,61.984
2001-01-17,64.5,63.875
2001-01-18,64.125,66.563
2001-01-19,68.141,66.313
2001-01-22,65.875,66.375
2001-01-23,65.906,67.766
2001-01-24,68.063,67.125
2001-01-25,66.875,64.5
2001-01-26,63.563,65.547
2001-01-29,64.75,67.0
2001-01-30,67.15,66.75
2001-01-31,67.25,64.3
2001-02-01,64.55,65.15
2001-02-02,64.94,61.55
2001-02-05,61.19,61.5
2001-02-06,61.49,61.6
2001-02-07,60.51,60.6
2001-02-08,60.9,58.79
2001-02-09,58.25,56.4
2001-02-12,56.25,57.08
2001-02-13,57.65,55.25
2001-02-14,55.4,57.45
2001-02-15,58.8,58.4
2001-02-16,55.96,55.13
2001-02-20,55.74,52.99
2001-02-21,51.55,51.5
2001-02-22,51.45,51.0
2001-02-23,50.09,51.18
2001-02-26,52.08,52.15
2001-02-27,51.54,49.0
2001-02-28,49.45,47.45
2001-03-01,46.97,48.8
2001-03-02,47.2,46.7
2001-03-05,47.5,47.55
2001-03-06,49.3,49.4
2001-03-07,50.4,49.42
2001-03-08,49.35,48.5
2001-03-09,47.25,45.1
2001-03-12,44.0,42.3
2001-03-13,42.78,44.45
2001-03-14,42.7,43.75
2001-03-15,45.2,42.15
2001-03-16,41.88,41.2
2001-03-19,41.44,43.26
2001-03-20,43.44,40.35
2001-03-21,40.52,40.35
2001-03-22,40.6,42.8
2001-03-23,43.55,42.8
2001-03-26,43.47,41.81
2001-03-27,41.8,43.25
2001-03-28,41.9,39.7
2001-03-29,39.38,38.95
2001-03-30,39.3,39.15
2001-04-02,39.17,37.4
2001-04-03,37.2,34.66
2001-04-04,34.71,34.05
2001-04-05,36.0,37.31
2001-04-06,36.9,35.95
2001-04-09,36.79,37.05
2001-04-10,37.9,39.8
2001-04-11,42.16,41.0
2001-04-12,40.3,42.8
2001-04-16,41.94,40.25
2001-04-17,39.95,41.25
2001-04-18,43.72,45.55
2001-04-19,46.1,48.3
2001-04-20,48.18,48.4
2001-04-23,46.99,45.15
2001-04-24,45.1,44.3
2001-04-25,43.9,45.1
2001-04-26,45.9,43.95
2001-04-27,45.15,45.15
2001-04-30,46.25,46.15
2001-05-01,46.2,48.05
2001-05-02,48.8,48.98
2001-05-03,47.9,46.8
2001-05-04,45.3,48.2
2001-05-07,48.0,47.2
2001-05-08,48.3,48.2
2001-05-09,47.05,46.55
2001-05-10,47.92,45.77
2001-05-11,45.84,45.55
2001-05-14,45.3,44.82
2001-05-15,44.9,45.15
2001-05-16,44.31,47.15
2001-05-17,47.45,47.9
2001-05-18,47.64,48.04
2001-05-21,48.17,51.05
2001-05-22,51.31,50.9
2001-05-23,50.44,48.65
2001-05-24,48.97,49.9
2001-05-25,49.96,48.99
2001-05-29,48.5,46.12
2001-05-30,45.43,44.43
2001-05-31,44.54,44.73
2001-06-01,45.54,46.05
2001-06-04,46.33,45.83
2001-06-05,46.3,47.85
2001-06-06,48.08,47.48
2001-06-07,47.13,48.7
2001-06-08,48.72,47.35
2001-06-11,46.9,46.05
2001-06-12,44.87,45.8
2001-06-13,46.27,44.55
2001-06-14,44.02,42.25
2001-06-15,41.8,42.6
2001-06-18,42.64,42.03
2001-06-19,43.32,41.82
2001-06-20,41.3,42.77
2001-06-21,42.67,43.35
2001-06-22,43.62,43.25
2001-06-25,43.61,43.36
2001-06-26,42.54,43.51
2001-06-27,43.68,43.79
2001-06-28,44.4,44.35
2001-06-29,45.09,45.7
2001-07-02,45.65,45.45
2001-07-03,45.25,45.64
2001-07-05,44.87,43.45
2001-07-06,43.01,41.65
2001-07-09,41.89,42.01
2001-07-10,42.76,40.5
2001-07-11,40.42,41.0
2001-07-12,42.63,43.6
2001-07-13,43.38,43.15
2001-07-16,43.37,42.35
2001-07-17,41.82,43.3
2001-07-18,42.27,41.65
2001-07-19,42.46,42.64
2001-07-20,41.49,41.65
2001-07-23,42.24,40.61
2001-07-24,40.38,40.15
2001-07-25,40.14,40.5
2001-07-26,40.45,41.1
2001-07-27,41.64,41.95
2001-07-30,42.13,41.7
2001-07-31,41.84,41.76
2001-08-01,42.63,43.1
2001-08-02,43.79,43.91
2001-08-03,43.53,43.18
2001-08-06,42.53,42.5
2001-08-07,42.1,42.28
2001-08-08,41.85,40.5
2001-08-09,40.41,40.67
2001-08-10,40.42,40.28
2001-08-13,40.59,41.1
2001-08-14,41.49,40.6
2001-08-15,40.62,39.1
2001-08-16,38.64,39.56
2001-08-17,38.44,37.76
2001-08-20,37.85,38.28
2001-08-21,38.29,36.69
2001-08-22,37.45,37.69
2001-08-23,37.67,37.32
2001-08-24,37.86,39.3
2001-08-27,39.28,39.35
2001-08-28,39.32,38.12
2001-08-29,38.37,37.56
2001-08-30,36.8,36.17
2001-08-31,36.03,36.63
2001-09-04,36.51,35.47
2001-09-05,35.49,35.33
2001-09-06,34.74,33.9
2001-09-07,33.62,33.7
2001-09-10,33.49,34.1
2001-09-17,31.25,31.2
2001-09-18,31.53,30.5
2001-09-19,30.64,29.97
2001-09-20,29.3,28.97
2001-09-21,27.41,28.19
2001-09-24,29.08,29.61
2001-09-25,29.71,29.7
2001-09-26,29.95,28.67
2001-09-27,28.4,28.48
2001-09-28,28.84,28.98
2001-10-01,28.85,28.73
2001-10-02,28.65,28.82
2001-10-03,28.42,31.0
2001-10-04,31.65,31.3
2001-10-05,31.0,31.76
2001-10-08,31.13,31.86
2001-10-09,31.86,31.09
2001-10-10,30.87,32.5
2001-10-11,33.19,34.7
2001-10-12,34.33,34.55
2001-10-15,34.12,34.4
2001-10-16,34.66,34.96
2001-10-17,35.87,32.45
2001-10-18,32.7,33.33
2001-10-19,32.86,33.55
2001-10-22,33.44,34.45
2001-10-23,34.82,34.63
2001-10-24,34.6,35.38
2001-10-25,34.7,36.8
2001-10-26,36.5,36.01
2001-10-29,36.0,34.04
2001-10-30,33.71,33.38
2001-10-31,34.04,33.9
2001-11-01,34.44,35.34
2001-11-02,35.271,35.6
2001-11-05,36.26,36.76
2001-11-06,36.609,38.19
2001-11-07,37.61,38.14
2001-11-08,38.551,37.75
2001-11-09,37.598,37.73
2001-11-12,37.0,38.0
2001-11-13,39.03,39.36
2001-11-14,39.96,39.64
2001-11-15,39.162,39.48
2001-11-16,39.48,39.37
2001-11-19,39.79,40.49
2001-11-20,40.08,38.62
2001-11-21,38.47,38.64
2001-11-23,38.76,39.28
2001-11-26,39.58,40.25
2001-11-27,40.05,40.2
2001-11-28,39.73,38.75
2001-11-29,39.035,39.95
2001-11-30,39.73,39.65
2001-12-03,39.29,38.97
2001-12-04,39.34,40.83
2001-12-05,41.208,42.85
2001-12-06,42.709,42.91
2001-12-07,42.488,41.73
2001-12-10,41.325,41.0
2001-12-11,41.46,41.23
2001-12-12,41.5,41.56
2001-12-13,40.71,39.76
2001-12-14,39.872,40.11
2001-12-17,40.02,40.8
2001-12-18,41.16,41.26
2001-12-19,40.56,40.51
2001-12-20,40.1,38.79
2001-12-21,39.422,39.48
2001-12-24,39.54,39.32
2001-12-26,39.374,39.69
2001-12-27,39.85,40.01
2001-12-28,40.292,40.33
2001-12-31,40.31,38.91
2002-01-02,39.57,40.11
2002-01-03,40.31,41.5
2002-01-04,41.95,41.67
2002-01-07,42.118,41.21
2002-01-08,41.108,41.49
2002-01-09,42.04,41.11
2002-01-10,41.174,41.38
2002-01-11,41.357,40.85
2002-01-14,40.49,39.96
2002-01-15,40.036,40.34
2002-01-16,39.538,38.78
2002-01-17,39.48,39.65
2002-01-18,38.83,38.59
2002-01-22,39.0,37.4
2002-01-23,37.65,38.43
2002-01-24,38.94,38.94
2002-01-25,38.472,38.83
2002-01-28,39.154,39.05
2002-01-29,39.132,37.98
2002-01-30,38.001,38.27
2002-01-31,38.578,38.51
2002-02-01,38.401,38.14
2002-02-04,37.961,36.92
2002-02-05,36.59,36.31
2002-02-06,36.84,36.06
2002-02-07,35.996,35.19
2002-02-08,35.46,36.17
2002-02-11,36.14,36.63
2002-02-12,36.312,36.33
2002-02-13,36.722,36.95
2002-02-14,37.15,36.88
2002-02-15,36.838,35.78
2002-02-19,35.375,34.68
2002-02-20,34.908,35.15
2002-02-21,34.79,33.48
2002-02-22,33.619,33.65
2002-02-25,34.008,35.01
2002-02-26,35.232,34.88
2002-02-27,35.397,34.4
2002-02-28,34.514,33.78
2002-03-01,34.154,35.74
2002-03-04,35.702,37.15
2002-03-05,36.938,37.42
2002-03-06,37.08,37.6
2002-03-07,38.12,37.68
2002-03-08,38.231,38.67
2002-03-11,38.35,38.53
2002-03-12,37.579,38.0
2002-03-13,37.41,37.08
2002-03-14,37.069,36.86
2002-03-15,36.899,37.23
2002-03-18,37.635,37.44
2002-03-19,37.609,37.38
2002-03-20,36.879,36.06
2002-03-21,36.15,37.02
2002-03-22,36.944,36.68
2002-03-25,36.69,35.56
2002-03-26,35.427,35.89
2002-03-27,35.637,35.61
2002-03-28,36.02,36.06
2002-04-01,35.8,36.75
2002-04-02,35.986,35.09
2002-04-03,35.3,35.03
2002-04-04,34.508,34.76
2002-04-05,35.01,34.37
2002-04-08,33.479,34.8
2002-04-09,34.78,33.59
2002-04-10,33.76,33.84
2002-04-11,33.66,33.0
2002-04-12,33.325,33.52
2002-04-15,33.803,33.79
2002-04-16,34.431,35.2
2002-04-17,35.4,35.02
2002-04-18,34.785,34.35
2002-04-19,35.058,34.46
2002-04-22,34.01,33.59
2002-04-23,33.598,33.01
2002-04-24,33.213,32.5
2002-04-25,32.308,32.42
2002-04-26,32.662,31.04
2002-04-29,31.244,31.12
2002-04-30,31.032,31.73
2002-05-01,31.67,31.56
2002-05-02,31.398,30.51
2002-05-03,30.47,29.74
2002-05-06,29.637,28.97
2002-05-07,29.27,28.7
2002-05-08,30.13,31.77
2002-05-09,31.578,30.95
2002-05-10,31.014,29.56
2002-05-13,29.87,30.76
2002-05-14,32.055,32.57
2002-05-15,32.082,32.81
2002-05-16,32.542,32.86
2002-05-17,33.29,32.93
2002-05-20,32.6,32.21
2002-05-21,32.369,31.33
2002-05-22,30.99,31.4
2002-05-23,31.63,32.03
2002-05-24,31.592,31.24
2002-05-28,31.471,31.1
2002-05-29,30.665,30.28
2002-05-30,30.013,30.54
2002-05-31,30.76,30.04
2002-06-03,30.008,28.98
2002-06-04,28.751,29.36
2002-06-05,29.421,29.66
2002-06-06,29.511,28.88
2002-06-07,27.63,28.3
2002-06-10,28.36,28.25
2002-06-11,28.6,27.46
2002-06-12,27.249,27.86
2002-06-13,27.765,27.68
2002-06-14,26.862,27.62
2002-06-17,28.002,28.56
2002-06-18,28.317,29.02
2002-06-19,28.104,27.34
2002-06-20,27.27,26.46
2002-06-21,26.367,25.82
2002-06-24,25.457,26.33
2002-06-25,26.584,25.46
2002-06-26,24.438,25.45
2002-06-27,26.0,26.21
2002-06-28,26.05,26.1
2002-07-01,25.978,24.85
2002-07-02,24.608,23.95
2002-07-03,23.852,24.75
2002-07-05,25.264,26.34
2002-07-08,26.2,25.38
2002-07-09,25.251,24.66
2002-07-10,24.998,23.9
2002-07-11,23.767,24.8
2002-07-12,25.25,24.8
2002-07-15,24.688,25.57
2002-07-16,25.252,25.19
2002-07-17,26.077,25.65
2002-07-18,25.389,24.73
2002-07-19,24.332,23.99
2002-07-22,23.855,23.4
2002-07-23,23.453,22.4
2002-07-24,21.816,23.62
2002-07-25,23.258,22.25
2002-07-26,22.569,22.67
2002-07-29,23.277,23.83
2002-07-30,23.731,24.31
2002-07-31,24.003,23.85
2002-08-01,23.74,22.73
2002-08-02,22.78,22.25
2002-08-05,22.11,21.44
2002-08-06,21.804,22.5
2002-08-07,23.201,22.8
2002-08-08,22.757,23.57
2002-08-09,23.207,23.33
2002-08-12,23.05,23.4
2002-08-13,23.23,22.6
2002-08-14,22.67,24.04
2002-08-15,24.243,24.53
2002-08-16,24.13,24.7
2002-08-19,24.77,25.3
2002-08-20,25.188,25.19
2002-08-21,25.396,25.75
2002-08-22,25.748,26.16
2002-08-23,25.802,25.15
2002-08-26,25.3,25.25
2002-08-27,25.431,24.37
2002-08-28,24.026,23.48
2002-08-29,23.2,23.79
2002-08-30,23.62,23.49
2002-09-03,23.06,22.64
2002-09-04,22.5,22.73
2002-09-05,22.4,22.17
2002-09-06,22.66,22.85
2002-09-09,22.677,23.08
2002-09-10,23.23,23.65
2002-09-11,24.12,23.45
2002-09-12,23.237,22.81
2002-09-13,22.6,22.99
2002-09-16,22.86,22.66
2002-09-17,23.05,22.18
2002-09-18,22.01,21.93
2002-09-19,21.7,21.58
2002-09-20,21.831,21.67
2002-09-23,21.45,21.02
2002-09-24,20.687,21.03
2002-09-25,21.35,21.87
2002-09-26,22.16,21.6
2002-09-27,21.55,21.31
2002-09-30,21.07,20.72
2002-10-01,20.91,21.98
2002-10-02,21.51,21.25
2002-10-03,21.06,20.74
2002-10-04,20.94,20.35
2002-10-07,20.26,20.16
2002-10-08,20.28,20.2
2002-10-09,19.94,20.06
2002-10-10,20.1,21.08
2002-10-11,21.55,22.22
2002-10-14,21.87,22.48
2002-10-15,23.44,23.56
2002-10-16,22.718,22.78
2002-10-17,23.6,23.55
2002-10-18,23.28,23.81
2002-10-21,23.52,24.29
2002-10-22,23.738,24.14
2002-10-23,23.85,24.6
2002-10-24,24.68,23.98
2002-10-25,23.99,24.62
2002-10-28,25.0,24.49
2002-10-29,24.31,23.92
2002-10-30,24.068,24.56
2002-10-31,24.66,24.55
2002-11-01,24.378,25.25
2002-11-04,26.05,25.9
2002-11-05,25.71,26.1
2002-11-06,26.29,26.47
2002-11-07,25.99,25.54
2002-11-08,25.49,25.07
2002-11-11,24.95,24.31
2002-11-12,24.4,24.93
2002-11-13,24.7,25.23
2002-11-14,25.58,26.1
2002-11-15,25.902,26.44
2002-11-18,26.715,26.05
2002-11-19,25.8,25.65
2002-11-20,25.56,26.74
2002-11-21,26.93,27.73
2002-11-22,27.37,27.72
2002-11-25,27.76,27.99
2002-11-26,27.78,27.05
2002-11-27,27.53,27.91
2002-11-29,28.21,27.72
2002-12-02,28.42,28.0
2002-12-03,27.55,27.17
2002-12-04,26.56,26.57
2002-12-05,26.95,26.2
2002-12-06,25.81,26.47
2002-12-09,26.22,25.22
2002-12-10,25.42,25.6
2002-12-11,25.44,25.72
2002-12-12,26.0,25.86
2002-12-13,25.52,25.04
2002-12-16,25.22,25.85
2002-12-17,25.81,25.93
2002-12-18,25.55,25.38
2002-12-19,25.171,25.06
2002-12-20,25.33,25.32
2002-12-23,25.18,25.67
2002-12-24,25.5,25.35
2002-12-26,25.53,25.28
2002-12-27,25.18,24.82
2002-12-30,24.84,24.63
2002-12-31,24.54,24.37
2003-01-02,24.72,25.4
2003-01-03,25.46,25.68
2003-01-06,25.71,26.32
2003-01-07,26.41,26.65
2003-01-08,26.39,25.9
2003-01-09,26.24,26.7
2003-01-10,26.35,27.1
2003-01-13,27.33,26.94
2003-01-14,26.91,27.08
2003-01-15,27.24,26.74
2003-01-16,26.79,26.44
2003-01-17,25.904,25.31
2003-01-21,25.41,25.03
2003-01-22,24.968,24.93
2003-01-23,25.4,25.51
2003-01-24,25.53,24.82
2003-01-27,24.45,24.53
2003-01-28,24.77,24.78
2003-01-29,24.76,25.15
2003-01-30,25.32,24.54
2003-01-31,24.06,24.44
2003-02-03,24.528,24.49
2003-02-04,24.18,24.19
2003-02-05,24.33,24.08
2003-02-06,24.04,24.21
2003-02-07,24.36,23.81
2003-02-10,23.899,24.02
2003-02-11,24.25,24.15
2003-02-12,24.07,23.82
2003-02-13,23.85,23.94
2003-02-14,23.83,24.49
2003-02-18,24.7,25.25
2003-02-19,25.2,25.08
2003-02-20,25.15,24.98
2003-02-21,24.93,25.17
2003-02-24,25.13,24.74
2003-02-25,24.45,24.77
2003-02-26,24.68,24.22
2003-02-27,24.42,24.77
2003-02-28,24.81,25.16
2003-03-03,25.27,24.65
2003-03-04,24.66,24.5
2003-03-05,24.4,24.55
2003-03-06,24.43,24.49
2003-03-07,24.08,24.54
2003-03-10,24.33,24.01
2003-03-11,24.06,23.8
2003-03-12,23.76,24.23
2003-03-13,24.64,25.62
2003-03-14,25.73,25.72
2003-03-17,25.43,26.6
2003-03-18,26.8,26.93
2003-03-19,26.85,26.7
2003-03-20,26.54,26.8
2003-03-21,27.21,27.17
2003-03-24,26.47,26.04
2003-03-25,26.158,26.41
2003-03-26,26.5,26.56
2003-03-27,26.27,26.37
2003-03-28,26.14,26.08
2003-03-31,25.6,25.25
2003-04-01,25.44,25.45
2003-04-02,26.06,26.36
2003-04-03,26.64,26.48
2003-04-04,26.57,26.05
2003-04-07,27.11,26.09
2003-04-08,26.15,26.06
2003-04-09,26.1,25.46
2003-04-10,25.46,25.77
2003-04-11,26.02,25.51
2003-04-14,25.6,26.03
2003-04-15,25.97,26.28
2003-04-16,26.65,26.22
2003-04-17,26.162,26.82
2003-04-21,26.948,26.92
2003-04-22,26.737,27.43
2003-04-23,27.5,27.63
2003-04-24,27.36,27.48
2003-04-25,27.32,26.95
2003-04-28,27.05,27.48
2003-04-29,27.64,27.73
2003-04-30,27.65,27.45
2003-05-01,27.44,27.69
2003-05-02,27.607,28.28
2003-05-05,28.325,28.25
2003-05-06,28.22,28.61
2003-05-07,28.41,28.29
2003-05-08,27.855,27.77
2003-05-09,28.04,28.41
2003-05-12,28.36,28.84
2003-05-13,28.63,28.66
2003-05-14,28.874,28.6
2003-05-15,28.75,28.92
2003-05-16,28.73,28.7
2003-05-19,28.52,27.69
2003-05-20,27.76,27.77
2003-05-21,27.65,27.69
2003-05-22,27.76,28.09
2003-05-23,28.041,28.1
2003-05-27,27.93,29.1
2003-05-28,29.16,29.19
2003-05-29,29.23,29.31
2003-05-30,29.53,29.79
2003-06-02,30.08,29.58
2003-06-03,29.44,29.86
2003-06-04,29.81,30.42
2003-06-05,30.13,30.64
2003-06-06,31.17,30.13
2003-06-09,30.0,29.73
2003-06-10,29.86,30.18
2003-06-11,30.07,30.52
2003-06-12,30.638,30.65
2003-06-13,30.655,29.96
2003-06-16,30.17,30.88
2003-06-17,31.02,30.76
2003-06-18,30.66,30.92
2003-06-19,30.98,30.42
2003-06-20,30.69,30.38
2003-06-23,30.33,29.91
2003-06-24,29.73,29.68
2003-06-25,29.67,29.52
2003-06-26,29.71,30.22
2003-06-27,30.25,29.83
2003-06-30,30.16,29.95
2003-07-01,29.7,30.35
2003-07-02,30.412,30.97
2003-07-03,30.7,30.58
2003-07-07,30.97,31.89
2003-07-08,31.78,32.28
2003-07-09,32.18,32.2
2003-07-10,31.85,31.6
2003-07-11,31.652,31.84
2003-07-14,32.344,32.22
2003-07-15,32.53,32.26
2003-07-16,32.46,32.16
2003-07-17,31.67,31.18
2003-07-18,31.4,31.28
2003-07-21,31.24,30.88
2003-07-22,31.11,31.34
2003-07-23,31.39,31.6
2003-07-24,31.85,31.18
2003-07-25,31.13,31.8
2003-07-28,31.86,31.89
2003-07-29,31.93,31.65
2003-07-30,31.71,31.42
2003-07-31,31.79,31.8
2003-08-01,31.69,31.46
2003-08-04,31.42,31.45
2003-08-05,31.41,30.21
2003-08-06,30.36,30.19
2003-08-07,30.22,30.31
2003-08-08,30.43,30.07
2003-08-11,30.08,30.4
2003-08-12,30.51,30.86
2003-08-13,30.98,30.87
2003-08-14,30.88,30.9
2003-08-15,31.0,31.17
2003-08-18,31.31,31.97
2003-08-19,32.11,32.37
2003-08-20,32.1,32.29
2003-08-21,32.59,32.64
2003-08-22,33.26,32.44
2003-08-25,32.36,32.51
2003-08-26,32.28,32.54
2003-08-27,32.49,32.8
2003-08-28,32.94,33.09
2003-08-29,33.04,33.39
2003-09-02,33.49,33.87
2003-09-03,34.1,33.85
2003-09-04,33.83,34.16
2003-09-05,33.966,33.94
2003-09-08,34.0,34.5
2003-09-09,34.33,34.09
2003-09-10,33.75,33.27
2003-09-11,33.278,33.64
2003-09-12,33.34,33.82
2003-09-15,33.84,33.49
2003-09-16,33.52,34.4
2003-09-17,34.33,34.26
2003-09-18,34.17,34.78
2003-09-19,34.79,34.58
2003-09-22,34.13,33.92
2003-09-23,33.97,34.52
2003-09-24,34.51,33.22
2003-09-25,33.38,32.79
2003-09-26,32.89,32.58
2003-09-29,32.76,33.14
2003-09-30,32.92,32.42
2003-10-01,32.61,33.15
2003-10-02,33.1,33.26
2003-10-03,33.85,34.19
2003-10-06,34.28,34.44
2003-10-07,34.16,34.65
2003-10-08,34.81,34.43
2003-10-09,34.91,34.69
2003-10-10,34.77,35.01
2003-10-13,35.14,35.24
2003-10-14,35.1,35.33
2003-10-15,35.8,35.18
2003-10-16,35.1,35.46
2003-10-17,35.413,34.61
2003-10-20,34.65,35.04
2003-10-21,35.14,35.25
2003-10-22,34.89,34.57
2003-10-23,34.15,34.17
2003-10-24,33.79,34.2
2003-10-27,34.28,34.21
2003-10-28,34.43,35.36
2003-10-29,35.2,35.32
2003-10-30,35.81,35.39
2003-10-31,35.44,35.18
2003-11-03,35.43,35.76
2003-11-04,35.69,35.52
2003-11-05,35.52,35.84
2003-11-06,35.79,35.939
2003-11-07,36.08,35.63
2003-11-10,35.7,35.19
2003-11-11,35.149,35.06
2003-11-12,35.17,35.81
2003-11-13,35.71,35.77
2003-11-14,35.811,35.04
2003-11-17,34.84,34.68
2003-11-18,34.87,33.88
2003-11-19,34.01,34.21
2003-11-20,33.89,33.882
2003-11-21,34.08,34.232
2003-11-24,34.52,35.18
2003-11-25,35.29,35.18
2003-11-26,35.4,35.34
2003-11-28,35.26,35.38
2003-12-01,35.71,35.9
2003-12-02,35.82,35.7
2003-12-03,35.84,35.25
2003-12-04,35.38,35.63
2003-12-05,35.27,35.04
2003-12-08,35.02,35.235
2003-12-09,35.45,34.43
2003-12-10,34.53,34.56
2003-12-11,34.5,35.3
2003-12-12,35.29,35.24
2003-12-15,35.93,34.78
2003-12-16,34.79,34.85
2003-12-17,34.81,34.91
2003-12-18,34.95,35.56
2003-12-19,35.61,35.46
2003-12-22,35.35,35.57
2003-12-23,35.6,35.84
2003-12-24,35.84,35.9
2003-12-26,35.96,35.85
2003-12-29,36.03,36.44
2003-12-30,36.53,36.56
2003-12-31,36.62,36.46
2004-01-02,36.66,36.36
2004-01-05,36.58,37.09
2004-01-06,37.08,37.34
2004-01-07,37.28,37.68
2004-01-08,37.85,37.979
2004-01-09,37.71,37.73
2004-01-12,37.85,38.33
2004-01-13,38.27,37.949
2004-01-14,38.11,38.08
2004-01-15,37.93,38.18
2004-01-16,38.38,38.57
2004-01-20,38.73,38.54
2004-01-21,38.39,38.38
2004-01-22,38.55,38.15
2004-01-23,38.21,38.01
2004-01-26,37.98,38.59
2004-01-27,38.51,37.74
2004-01-28,37.94,37.1
2004-01-29,37.23,37.24
2004-01-30,37.2,37.07
2004-02-02,37.2,36.97
2004-02-03,36.91,36.93
2004-02-04,36.62,36.33
2004-02-05,36.51,36.47
2004-02-06,36.6,37.131
2004-02-09,37.34,37.12
2004-02-10,37.05,37.18
2004-02-11,37.237,37.58
2004-02-12,37.52,37.24
2004-02-13,37.39,36.94
2004-02-17,37.28,37.44
2004-02-18,37.51,37.55
2004-02-19,37.83,36.98
2004-02-20,36.97,36.86
2004-02-23,37.0,36.45
2004-02-24,36.27,36.36
2004-02-25,36.43,36.58
2004-02-26,36.47,36.67
2004-02-27,36.76,36.57
2004-03-01,36.68,37.05
2004-03-02,36.983,36.62
2004-03-03,36.51,36.42
2004-03-04,36.44,36.76
2004-03-05,36.41,36.63
2004-03-08,36.69,35.77
2004-03-09,35.83,35.66
2004-03-10,35.75,35.19
2004-03-11,35.07,34.87
2004-03-12,35.2,35.51
2004-03-15,35.36,34.89
2004-03-16,35.11,34.95
2004-03-17,35.21,35.5
2004-03-18,35.37,35.34
2004-03-19,35.28,34.75
2004-03-22,34.53,34.31
2004-03-23,34.59,34.03
2004-03-24,34.15,34.42
2004-03-25,34.65,35.343
2004-03-26,35.3,35.22
2004-03-29,35.51,35.79
2004-03-30,35.67,35.91
2004-03-31,35.92,35.84
2004-04-01,35.81,36.16
2004-04-02,36.89,37.1
2004-04-05,37.04,37.45
2004-04-06,37.16,36.98
2004-04-07,36.994,36.94
2004-04-08,37.35,36.94
2004-04-12,37.07,37.17
2004-04-13,37.34,36.63
2004-04-14,36.41,36.81
2004-04-15,36.75,36.15
2004-04-16,36.2,36.09
2004-04-19,36.01,36.53
2004-04-20,36.61,35.68
2004-04-21,35.9,35.99
2004-04-22,36.0,36.92
2004-04-23,37.08,37.21
2004-04-26,37.18,36.94
2004-04-27,36.95,36.87
2004-04-28,36.71,36.2
2004-04-29,36.09,35.64
2004-04-30,35.66,34.77
2004-05-03,35.0,35.1
2004-05-04,35.21,35.25
2004-05-05,35.42,35.53
2004-05-06,35.2,35.26
2004-05-07,35.09,34.97
2004-05-10,34.67,34.671
2004-05-11,34.97,35.19
2004-05-12,35.12,35.26
2004-05-13,35.06,35.01
2004-05-14,35.2,34.75
2004-05-17,34.38,34.42
2004-05-18,34.66,34.73
2004-05-19,35.16,34.69
2004-05-20,34.78,34.85
2004-05-21,35.02,35.019
2004-05-24,35.3,35.26
2004-05-25,35.15,35.96
2004-05-26,35.86,36.19
2004-05-27,36.29,36.42
2004-05-28,36.38,36.55
2004-06-01,36.26,36.5
2004-06-02,36.56,36.42
2004-06-03,36.3,35.98
2004-06-04,36.35,36.19
2004-06-07,36.44,37.05
2004-06-08,36.9,37.102
2004-06-09,36.98,36.579
2004-06-10,36.69,36.84
2004-06-14,36.61,36.32
2004-06-15,36.56,36.79
2004-06-16,36.75,36.73
2004-06-17,36.65,36.39
2004-06-18,36.3,36.44
2004-06-21,36.52,36.15
2004-06-22,36.16,36.68
2004-06-23,36.57,37.12
2004-06-24,37.02,37.05
2004-06-25,37.0,37.33
2004-06-28,37.49,37.021
2004-06-29,37.1,37.37
2004-06-30,37.45,37.74
2004-07-01,37.66,37.04
2004-07-02,37.04,36.82
2004-07-06,36.6,36.03
2004-07-07,35.96,36.096
2004-07-08,35.81,35.7
2004-07-09,35.84,35.75
2004-07-12,35.57,35.6
2004-07-13,35.69,35.55
2004-07-14,35.2,35.19
2004-07-15,35.32,35.07
2004-07-16,35.44,34.67
2004-07-19,34.78,34.6
2004-07-20,34.74,35.43
2004-07-21,35.59,34.4
2004-07-22,34.48,34.87
2004-07-23,34.64,34.21
2004-07-26,34.24,34.06
2004-07-27,34.19,34.53
2004-07-28,34.41,34.38
2004-07-29,34.71,34.78
2004-07-30,34.76,34.89
2004-08-02,34.61,34.96
2004-08-03,34.84,34.23
2004-08-04,34.15,34.24
2004-08-05,34.35,33.6
2004-08-06,33.4,32.72
2004-08-09,32.81,32.8
2004-08-10,32.97,33.21
2004-08-11,32.85,32.92
2004-08-12,32.69,32.47
2004-08-13,32.65,32.52
2004-08-16,32.61,32.887
2004-08-17,33.12,33.26
2004-08-18,33.06,33.85
2004-08-19,33.73,33.672
2004-08-20,33.57,34.01
2004-08-23,34.05,34.09
2004-08-24,34.25,34.08
2004-08-25,34.06,34.55
2004-08-26,34.46,34.4
2004-08-27,34.46,34.56
2004-08-30,34.41,33.98
2004-08-31,34.02,34.02
2004-09-01,33.93,34.27
2004-09-02,34.18,34.78
2004-09-03,34.44,34.141
2004-09-07,34.4,34.43
2004-09-08,34.31,34.299
2004-09-09,34.45,34.59
2004-09-10,34.62,35.12
2004-09-13,35.25,35.58
2004-09-14,35.45,35.63
2004-09-15,35.42,35.253
2004-09-16,35.26,35.32
2004-09-17,35.23,35.43
2004-09-20,35.29,35.433
2004-09-21,35.543,35.57
2004-09-22,35.44,34.95
2004-09-23,34.98,34.919
2004-09-24,34.99,34.799
2004-09-27,34.62,34.5
2004-09-28,34.55,34.57
2004-09-29,34.56,35.08
2004-09-30,35.05,35.14
2004-10-01,35.45,36.1
2004-10-04,36.36,36.313
2004-10-05,36.23,36.36
2004-10-06,36.31,36.65
2004-10-07,36.54,36.24
2004-10-08,36.08,35.58
2004-10-11,35.69,35.75
2004-10-12,35.43,35.69
2004-10-13,36.06,35.61
2004-10-14,35.69,35.45
2004-10-15,35.49,35.63
2004-10-18,35.51,36.14
2004-10-19,36.38,35.88
2004-10-20,35.83,36.048
2004-10-21,36.24,36.6
2004-10-22,36.61,35.8
2004-10-25,35.73,35.625
2004-10-26,35.65,35.82
2004-10-27,35.84,36.73
2004-10-28,36.68,36.96
2004-10-29,36.91,36.9
2004-11-01,36.98,37.038
2004-11-02,37.09,37.161
2004-11-03,37.77,37.41
2004-11-04,37.26,37.62
2004-11-05,38.02,37.96
2004-11-08,37.95,38.0
2004-11-09,37.93,37.92
2004-11-10,37.93,37.79
2004-11-11,37.91,38.29
2004-11-12,38.34,38.66
2004-11-15,38.64,38.83
2004-11-16,38.66,38.593
2004-11-17,38.83,39.11
2004-11-18,38.98,39.29
2004-11-19,39.24,38.68
2004-11-22,38.61,39.05
2004-11-23,39.01,38.99
2004-11-24,39.09,39.33
2004-11-26,39.37,39.21
2004-11-29,39.46,39.203
2004-11-30,39.3,39.122
2004-12-01,39.27,39.92
2004-12-02,39.82,40.07
2004-12-03,40.31,40.13
2004-12-06,40.12,40.27
2004-12-07,40.33,39.58
2004-12-08,39.66,39.81
2004-12-09,39.5,40.05
2004-12-10,39.85,39.93
2004-12-13,40.22,40.28
2004-12-14,40.26,40.477
2004-12-15,40.49,40.33
2004-12-16,40.32,39.95
2004-12-17,39.65,39.475
2004-12-20,39.57,39.2
2004-12-21,39.38,39.68
2004-12-22,39.535,39.73
2004-12-23,39.61,39.758
2004-12-27,39.98,39.59
2004-12-28,39.67,39.97
2004-12-29,39.92,40.02
2004-12-30,40.07,39.99
2004-12-31,40.03,39.915
2005-01-03,40.08,39.499
2005-01-04,39.69,38.78
2005-01-05,38.68,38.54
2005-01-06,38.63,38.347
2005-01-07,38.57,38.55
2005-01-10,38.44,38.53
2005-01-11,38.37,38.259
2005-01-12,38.44,38.58
2005-01-13,38.6,38.07
2005-01-14,38.2,38.43
2005-01-18,38.28,38.72
2005-01-19,38.73,38.08
2005-01-20,37.65,37.35
2005-01-21,37.49,37.05
2005-01-24,37.12,36.53
2005-01-25,36.77,36.71
2005-01-26,36.96,37.15
2005-01-27,37.09,37.1
2005-01-28,37.21,36.92
2005-01-31,37.36,37.4
2005-02-01,37.47,37.52
2005-02-02,37.65,37.58
2005-02-03,37.38,37.154
2005-02-04,37.15,37.75
2005-02-07,37.8,37.674
2005-02-08,37.65,37.74
2005-02-09,37.77,37.11
2005-02-10,37.26,37.15
2005-02-11,37.06,37.7
2005-02-14,37.71,37.869
2005-02-15,37.89,38.12
2005-02-16,38.03,37.98
2005-02-17,38.05,37.47
2005-02-18,37.48,37.35
2005-02-22,37.03,36.89
2005-02-23,37.04,36.94
2005-02-24,36.85,37.41
2005-02-25,37.38,37.62
2005-02-28,37.46,37.22
2005-03-01,37.37,37.63
2005-03-02,37.43,37.61
2005-03-03,37.71,37.3
2005-03-04,37.59,37.52
2005-03-07,37.61,38.06
2005-03-08,37.97,37.68
2005-03-09,37.67,37.57
2005-03-10,37.61,37.52
2005-03-11,37.69,37.17
2005-03-14,37.24,37.34
2005-03-15,37.44,37.04
2005-03-16,36.92,36.615
2005-03-17,36.6,36.71
2005-03-18,36.74,36.51
2005-03-21,36.61,36.58
2005-03-22,36.63,36.13
2005-03-23,36.09,36.26
2005-03-24,36.39,36.27
2005-03-28,36.41,36.34
2005-03-29,36.27,36.05
2005-03-30,36.23,36.73
2005-03-31,36.75,36.57
2005-04-01,36.82,36.2
2005-04-04,36.26,36.46
2005-04-05,36.5,36.56
2005-04-06,36.66,36.5
2005-04-07,36.52,36.94
2005-04-08,37.02,36.64
2005-04-11,36.75,36.48
2005-04-12,36.44,36.66
2005-04-13,36.56,36.06
2005-04-14,36.08,35.55
2005-04-15,35.23,34.74
2005-04-18,34.72,34.75
2005-04-19,35.02,34.99
2005-04-20,35.21,34.704
2005-04-21,35.09,35.62
2005-04-22,35.47,35.09
2005-04-25,35.3,35.375
2005-04-26,35.28,35.05
2005-04-27,34.87,35.1
2005-04-28,34.93,34.75
2005-04-29,35.0,34.98
2005-05-02,35.07,35.12
2005-05-03,35.05,35.3
2005-05-04,35.29,35.728
2005-05-05,35.76,35.76
2005-05-06,35.97,35.857
2005-05-09,35.87,36.03
2005-05-10,35.85,35.766
2005-05-11,35.83,35.95
2005-05-12,36.01,35.85
2005-05-13,35.99,36.24
2005-05-16,36.24,36.484
2005-05-17,36.349,36.7
2005-05-18,36.8,37.2
2005-05-19,37.3,37.512
2005-05-20,37.45,37.66
2005-05-23,37.66,37.85
2005-05-24,37.75,37.97
2005-05-25,37.83,37.81
2005-05-26,37.98,38.19
2005-05-27,38.15,38.21
2005-05-31,38.19,38.08
2005-06-01,38.03,38.39
2005-06-02,38.33,38.66
2005-06-03,38.63,38.1
2005-06-06,38.12,38.11
2005-06-07,38.15,37.79
2005-06-08,37.88,37.71
2005-06-09,37.66,37.95
2005-06-10,37.9,37.547
2005-06-13,37.48,37.73
2005-06-14,37.69,37.58
2005-06-15,37.83,37.7
2005-06-16,37.74,37.9
2005-06-17,38.12,37.87
2005-06-20,37.72,37.87
2005-06-21,37.83,37.85
2005-06-22,38.01,37.81
2005-06-23,37.88,37.39
2005-06-24,37.38,36.97
2005-06-27,36.95,36.8
2005-06-28,36.95,37.15
2005-06-29,37.25,37.068
2005-06-30,37.14,36.78
2005-07-01,36.86,36.725
2005-07-05,36.64,37.11
2005-07-06,37.03,36.93
2005-07-07,36.58,37.06
2005-07-08,37.08,37.77
2005-07-11,37.87,38.12
2005-07-12,38.12,38.3
2005-07-13,38.33,38.39
2005-07-14,38.65,38.77
2005-07-15,38.85,38.89
2005-07-18,38.76,38.733
2005-07-19,38.92,39.18
2005-07-20,38.94,39.46
2005-07-21,39.56,39.47
2005-07-22,39.46,39.42
2005-07-25,39.44,39.27
2005-07-26,39.36,39.42
2005-07-27,39.44,39.72
2005-07-28,39.75,39.91
2005-07-29,39.87,39.575
2005-08-01,39.64,39.65
2005-08-02,39.69,40.08
2005-08-03,39.89,40.06
2005-08-04,39.88,39.673
2005-08-05,39.61,39.48
2005-08-08,39.52,39.19
2005-08-09,39.37,39.45
2005-08-10,39.55,39.11
2005-08-11,39.13,39.432
2005-08-12,39.12,39.21
2005-08-15,39.14,39.446
2005-08-16,39.3,38.81
2005-08-17,38.92,39.04
2005-08-18,38.87,38.843
2005-08-19,38.89,38.82
2005-08-22,38.88,38.84
2005-08-23,38.84,38.73
2005-08-24,38.649,38.5
2005-08-25,38.53,38.588
2005-08-26,38.53,38.46
2005-08-29,38.26,38.76
2005-08-30,38.56,38.62
2005-08-31,38.64,38.98
2005-09-01,38.99,38.92
2005-09-02,38.98,38.77
2005-09-06,38.94,39.34
2005-09-07,39.3,39.409
2005-09-08,39.29,39.4
2005-09-09,39.41,39.619
2005-09-12,39.63,39.73
2005-09-13,39.679,39.63
2005-09-14,39.65,39.18
2005-09-15,39.26,39.16
2005-09-16,39.25,39.4
2005-09-19,39.32,39.09
2005-09-20,39.16,38.93
2005-09-21,38.82,38.5
2005-09-22,38.44,38.64
2005-09-23,38.5,38.75
2005-09-26,38.97,38.76
2005-09-27,38.8,38.67
2005-09-28,38.77,38.68
2005-09-29,38.63,39.2
2005-09-30,39.16,39.46
2005-10-03,39.55,39.56
2005-10-04,39.62,39.3
2005-10-05,39.31,38.76
2005-10-06,38.73,38.25
2005-10-07,38.41,38.34
2005-10-10,38.29,38.13
2005-10-11,38.21,37.94
2005-10-12,37.76,37.487
2005-10-13,37.47,37.78
2005-10-14,37.87,38.06
2005-10-17,38.06,38.18
2005-10-18,38.14,37.91
2005-10-19,37.74,38.67
2005-10-20,38.67,38.306
2005-10-21,38.699,38.55
2005-10-24,38.712,39.16
2005-10-25,39.08,39.01
2005-10-26,38.96,38.81
2005-10-27,38.78,38.03
2005-10-28,38.17,38.322
2005-10-31,38.43,38.87
2005-11-01,38.76,38.84
2005-11-02,38.725,39.347
2005-11-03,39.74,39.94
2005-11-04,39.994,40.08
2005-11-07,40.2,40.13
2005-11-08,40.064,40.14
2005-11-09,40.13,40.159
2005-11-10,40.18,40.6
2005-11-11,40.77,40.71
2005-11-14,40.76,40.714
2005-11-15,40.73,40.52
2005-11-16,40.65,40.768
2005-11-17,40.91,41.307
2005-11-18,41.5,41.45
2005-11-21,41.397,41.549
2005-11-22,41.45,41.7
2005-11-23,41.73,41.8
2005-11-25,41.84,41.89
2005-11-28,41.96,41.54
2005-11-29,41.76,41.343
2005-11-30,41.29,41.24
2005-12-01,41.51,42.007
2005-12-02,41.94,42.107
2005-12-05,42.05,41.8
2005-12-06,42.04,41.936
2005-12-07,42.01,41.86
2005-12-08,41.96,41.561
2005-12-09,41.571,41.715
2005-12-12,41.87,41.867
2005-12-13,41.83,42.045
2005-12-14,41.97,41.899
2005-12-15,42.0,41.97
2005-12-16,41.87,41.58
2005-12-19,41.69,40.92
2005-12-20,40.94,40.95
2005-12-21,41.02,41.13
2005-12-22,41.11,41.397
2005-12-23,41.51,41.403
2005-12-27,41.5,41.038
2005-12-28,41.06,40.99
2005-12-29,41.03,40.72
2005-12-30,40.55,40.412
2006-01-03,40.64,41.31
2006-01-04,41.4,41.74
2006-01-05,41.75,41.92
2006-01-06,42.26,42.68
2006-01-09,42.65,42.85
2006-01-10,42.64,42.88
2006-01-11,43.01,43.21
2006-01-12,43.15,43.0
2006-01-13,42.94,42.98
2006-01-17,42.67,42.7
2006-01-18,42.04,42.21
2006-01-19,42.4,42.52
2006-01-20,42.45,41.25
2006-01-23,41.36,41.26
2006-01-24,41.36,41.44
2006-01-25,41.64,41.26
2006-01-26,41.52,41.55
2006-01-27,41.81,42.11
2006-01-30,42.14,42.19
2006-01-31,42.14,42.0
2006-02-01,41.76,42.15
2006-02-02,42.03,41.43
2006-02-03,41.11,40.92
2006-02-06,40.89,40.81
2006-02-07,40.74,40.63
2006-02-08,40.925,41.1
2006-02-09,41.2,40.71
2006-02-10,40.69,40.96
2006-02-13,40.72,40.49
2006-02-14,40.55,40.9
2006-02-15,40.77,41.16
2006-02-16,41.31,41.54
2006-02-17,41.46,41.21
2006-02-21,41.22,40.75
2006-02-22,40.81,41.26
2006-02-23,41.22,41.15
2006-02-24,41.15,41.26
2006-02-27,41.37,41.72
2006-02-28,41.59,41.1
2006-03-01,41.22,41.66
2006-03-02,41.55,41.69
2006-03-03,41.44,41.45
2006-03-06,41.53,41.09
2006-03-07,41.03,40.85
2006-03-08,40.77,40.87
2006-03-09,41.0,40.52
2006-03-10,40.48,40.56
2006-03-13,40.76,40.68
2006-03-14,40.65,41.37
2006-03-15,41.53,41.72
2006-03-16,41.85,41.37
2006-03-17,41.32,41.45
2006-03-20,41.58,41.55
2006-03-21,41.51,41.11
2006-03-22,40.88,41.21
2006-03-23,41.09,41.09
2006-03-24,41.23,41.3
2006-03-27,41.28,41.31
2006-03-28,41.37,41.14
2006-03-29,41.2,41.92
2006-03-30,42.0,42.05
2006-03-31,42.14,41.93
2006-04-03,42.15,41.98
2006-04-04,42.035,42.21
2006-04-05,42.3,42.61
2006-04-06,42.58,42.73
2006-04-07,42.895,42.32
2006-04-10,42.4,42.26
2006-04-11,42.4,41.92
2006-04-12,41.95,41.93
2006-04-13,41.9,42.1
2006-04-17,42.04,41.66
2006-04-18,41.785,42.46
2006-04-19,42.54,42.65
2006-04-20,42.62,42.5
2006-04-21,42.67,42.0
2006-04-24,41.96,41.96
2006-04-25,42.08,41.87
2006-04-26,41.87,41.86
2006-04-27,41.67,42.26
2006-04-28,42.0,41.85
2006-05-01,41.93,41.44
2006-05-02,41.61,41.55
2006-05-03,41.58,41.49
2006-05-04,41.53,41.83
2006-05-05,42.11,42.16
2006-05-08,42.08,42.2
2006-05-09,42.1,42.04
2006-05-10,41.93,41.67
2006-05-11,41.63,40.74
2006-05-12,40.57,40.19
2006-05-15,40.03,40.16
2006-05-16,40.16,39.86
2006-05-17,39.68,39.32
2006-05-18,39.49,39.05
2006-05-19,39.18,39.35
2006-05-22,39.02,38.97
2006-05-23,39.26,38.59
2006-05-24,38.53,38.85
2006-05-25,39.08,39.36
2006-05-26,39.45,39.49
2006-05-30,39.31,38.64
2006-05-31,38.72,38.82
2006-06-01,38.91,39.74
2006-06-02,39.97,39.642
2006-06-05,39.55,38.78
2006-06-06,38.85,38.75
2006-06-07,38.8,38.46
2006-06-08,38.27,38.4
2006-06-09,38.54,38.15
2006-06-12,38.2,37.4
2006-06-13,37.525,37.25
2006-06-14,37.36,37.63
2006-06-15,37.84,38.65
2006-06-16,38.55,38.34
2006-06-19,38.5,38.03
2006-06-20,38.09,38.08
2006-06-21,38.14,38.68
2006-06-22,38.6,38.19
2006-06-23,38.16,38.15
2006-06-26,38.17,38.25
2006-06-27,38.28,37.53
2006-06-28,37.635,37.81
2006-06-29,37.96,38.96
2006-06-30,39.12,38.77
2006-07-03,38.88,39.0
2006-07-05,38.64,38.15
2006-07-06,38.26,38.11
2006-07-07,37.89,37.69
2006-07-10,37.79,37.36
2006-07-11,37.28,37.64
2006-07-12,37.56,36.93
2006-07-13,36.66,36.31
2006-07-14,36.31,35.94
2006-07-17,35.955,36.03
2006-07-18,36.22,36.15
2006-07-19,36.1,36.62
2006-07-20,36.745,36.08
2006-07-21,35.88,35.7
2006-07-24,35.85,36.41
2006-07-25,36.47,36.62
2006-07-26,36.5,36.59
2006-07-27,36.73,36.35
2006-07-28,36.555,37.11
2006-07-31,37.08,37.1
2006-08-01,36.79,36.48
2006-08-02,36.61,36.89
2006-08-03,36.54,37.12
2006-08-04,37.425,36.95
2006-08-07,36.92,36.71
2006-08-08,36.81,36.48
2006-08-09,37.01,36.53
2006-08-10,36.455,36.79
2006-08-11,36.65,36.53
2006-08-14,36.86,36.77
2006-08-15,37.22,37.7
2006-08-16,37.99,38.58
2006-08-17,38.47,38.73
2006-08-18,38.65,38.79
2006-08-21,38.47,38.42
2006-08-22,38.365,38.43
2006-08-23,38.47,38.14
2006-08-24,38.26,38.25
2006-08-25,38.17,38.32
2006-08-28,38.28,38.61
2006-08-29,38.58,38.73
2006-08-30,38.74,38.91
2006-08-31,38.94,38.87
2006-09-01,39.07,39.08
2006-09-05,39.11,39.46
2006-09-06,39.08,38.67
2006-09-07,38.57,38.48
2006-09-08,38.54,38.72
2006-09-11,38.41,38.96
2006-09-12,38.95,39.68
2006-09-13,39.73,39.96
2006-09-14,39.85,39.99
2006-09-15,40.35,40.11
2006-09-18,40.12,40.11
2006-09-19,40.24,39.85
2006-09-20,40.2,40.43
2006-09-21,40.52,40.18
2006-09-22,40.15,39.87
2006-09-25,40.05,40.57
2006-09-26,40.52,40.77
2006-09-27,40.705,40.72
2006-09-28,40.77,40.83
2006-09-29,40.89,40.65
2006-10-02,40.6,40.14
2006-10-03,40.05,40.31
2006-10-04,40.22,41.3
2006-10-05,41.28,41.5
2006-10-06,41.38,41.41
2006-10-09,41.375,41.55
2006-10-10,41.61,41.62
2006-10-11,41.43,41.54
2006-10-12,41.76,42.23
2006-10-13,42.22,42.43
2006-10-16,42.43,42.45
2006-10-17,42.17,42.0
2006-10-18,42.22,41.8
2006-10-19,41.69,41.9
2006-10-20,42.05,42.0
2006-10-23,41.92,42.43
2006-10-24,42.29,42.13
2006-10-25,42.14,42.43
2006-10-26,42.57,42.82
2006-10-27,42.73,42.21
2006-10-30,42.17,42.48
2006-10-31,42.56,42.58
2006-11-01,42.73,42.0
2006-11-02,41.815,42.04
2006-11-03,42.1,41.93
2006-11-06,42.06,42.54
2006-11-07,42.53,42.83
2006-11-08,42.58,43.03
2006-11-09,43.27,42.8
2006-11-10,42.825,43.03
2006-11-13,43.06,43.46
2006-11-14,43.5,43.93
2006-11-15,43.985,44.11
2006-11-16,44.25,44.3
2006-11-17,44.06,44.3
2006-11-20,44.16,44.39
2006-11-21,44.42,44.45
2006-11-22,44.58,44.73
2006-11-24,44.4,44.65
2006-11-27,44.52,43.66
2006-11-28,43.52,43.77
2006-11-29,44.0,44.07
2006-11-30,44.05,44.04
2006-12-01,44.0,43.66
2006-12-04,43.79,44.26
2006-12-05,44.39,44.42
2006-12-06,44.29,44.26
2006-12-07,44.34,43.7
2006-12-08,43.57,43.9
2006-12-11,43.835,44.06
2006-12-12,44.03,43.8
2006-12-13,44.105,43.88
2006-12-14,43.97,44.37
2006-12-15,44.66,44.43
2006-12-18,44.58,43.99
2006-12-19,43.65,43.85
2006-12-20,43.89,43.69
2006-12-21,43.76,43.38
2006-12-22,43.39,42.93
2006-12-26,42.93,43.11
2006-12-27,43.19,43.33
2006-12-28,43.2,43.12
2006-12-29,43.21,43.16
2007-01-03,43.46,43.24
2007-01-04,43.3,44.06
2007-01-05,43.93,43.85
2007-01-08,43.88,43.88
2007-01-09,44.0,44.1
2007-01-10,43.96,44.62
2007-01-11,44.71,45.08
2007-01-12,45.02,45.31
2007-01-16,45.33,45.28
2007-01-17,45.09,44.91
2007-01-18,44.79,44.08
2007-01-19,43.98,44.17
2007-01-22,44.21,43.69
2007-01-23,43.64,43.58
2007-01-24,43.87,44.3
2007-01-25,44.37,43.73
2007-01-26,43.81,43.57
2007-01-29,43.45,43.61
2007-01-30,43.68,43.63
2007-01-31,43.6,44.07
2007-02-01,44.27,44.02
2007-02-02,44.11,44.16
2007-02-05,44.14,44.12
2007-02-06,44.2,44.05
2007-02-07,44.29,44.46
2007-02-08,44.39,44.45
2007-02-09,44.57,43.84
2007-02-12,43.88,43.7
2007-02-13,43.79,43.86
2007-02-14,44.05,44.6
2007-02-15,44.63,44.86
2007-02-16,44.68,44.71
2007-02-20,44.65,44.68
2007-02-21,44.92,45.19
2007-02-22,45.36,45.42
2007-02-23,45.415,45.26
2007-02-26,45.48,45.04
2007-02-27,44.36,43.19
2007-02-28,43.16,43.33
2007-03-01,42.55,43.13
2007-03-02,42.78,42.48
2007-03-05,42.16,42.15
2007-03-06,42.56,42.85
2007-03-07,42.86,42.68
2007-03-08,43.13,42.97
2007-03-09,43.33,42.93
2007-03-12,42.88,43.21
2007-03-13,43.0,42.37
2007-03-14,42.43,42.99
2007-03-15,42.9,42.89
2007-03-16,42.94,42.83
2007-03-19,43.06,43.27
2007-03-20,43.26,43.58
2007-03-21,43.63,44.42
2007-03-22,44.44,44.26
2007-03-23,44.26,44.12
2007-03-26,44.14,44.3
2007-03-27,44.23,43.99
2007-03-28,43.785,43.52
2007-03-29,43.84,43.57
2007-03-30,43.56,43.53
2007-04-02,43.67,43.59
2007-04-03,43.82,44.16
2007-04-04,44.2,44.34
2007-04-05,44.29,44.56
2007-04-09,44.71,44.45
2007-04-10,44.44,44.68
2007-04-11,44.64,44.21
2007-04-12,44.135,44.56
2007-04-13,44.57,44.65
2007-04-16,44.83,45.06
2007-04-17,45.14,45.16
2007-04-18,44.93,45.01
2007-04-19,44.81,45.15
2007-04-20,45.52,45.4
2007-04-23,45.44,45.47
2007-04-24,45.63,45.7
2007-04-25,45.85,46.31
2007-04-26,46.42,46.55
2007-04-27,46.37,46.57
2007-04-30,46.5,45.96
2007-05-01,45.97,45.915
2007-05-02,46.09,46.42
2007-05-03,46.53,46.59
2007-05-04,46.77,46.63
2007-05-07,46.65,46.63
2007-05-08,46.47,46.73
2007-05-09,46.49,46.83
2007-05-10,46.67,46.19
2007-05-11,46.24,46.78
2007-05-14,46.77,46.46
2007-05-15,46.41,46.1
2007-05-16,46.21,46.55
2007-05-17,46.5,46.33
2007-05-18,46.48,46.71
2007-05-21,46.74,47.01
2007-05-22,47.04,47.05
2007-05-23,47.19,46.83
2007-05-24,46.855,46.16
2007-05-25,46.26,46.45
2007-05-29,46.49,46.81
2007-05-30,46.48,47.19
2007-05-31,47.32,47.41
2007-06-01,47.58,47.44
2007-06-04,47.27,47.58
2007-06-05,47.43,47.58
2007-06-06,47.37,47.07
2007-06-07,46.91,46.34
2007-06-08,46.33,46.91
2007-06-11,46.89,46.82
2007-06-12,46.57,46.54
2007-06-13,46.74,47.05
2007-06-14,47.1,47.36
2007-06-15,47.75,47.73
2007-06-18,47.85,47.77
2007-06-19,47.63,47.76
2007-06-20,47.83,47.31
2007-06-21,47.305,47.74
2007-06-22,47.64,47.29
2007-06-25,47.31,47.09
2007-06-26,47.32,46.82
2007-06-27,46.74,47.54
2007-06-28,47.52,47.52
2007-06-29,47.79,47.6
2007-07-02,47.71,48.01
2007-07-03,48.1,48.31
2007-07-05,48.35,48.66
2007-07-06,48.71,48.86
2007-07-09,48.9,48.89
2007-07-10,48.62,48.48
2007-07-11,48.37,48.81
2007-07-12,49.05,49.56
2007-07-13,49.62,49.9
2007-07-16,49.9,49.85
2007-07-17,49.97,50.23
2007-07-18,49.94,50.17
2007-07-19,50.41,50.32
2007-07-20,50.29,50.05
2007-07-23,50.21,50.07
2007-07-24,49.71,49.33
2007-07-25,49.57,49.4
2007-07-26,49.07,48.98
2007-07-27,48.89,47.99
2007-07-30,48.21,48.55
2007-07-31,48.97,47.53
2007-08-01,47.39,47.9
2007-08-02,47.94,48.34
2007-08-03,48.25,47.42
2007-08-06,47.46,47.97
2007-08-07,47.88,48.31
2007-08-08,48.51,48.84
2007-08-09,48.19,47.71
2007-08-10,47.21,47.28
2007-08-13,47.68,47.6
2007-08-14,47.69,46.79
2007-08-15,46.68,45.9
2007-08-16,45.54,45.45
2007-08-17,46.31,46.31
2007-08-20,46.48,46.53
2007-08-21,46.48,47.02
2007-08-22,47.375,47.66
2007-08-23,47.82,47.53
2007-08-24,47.38,48.2
2007-08-27,48.05,47.88
2007-08-28,47.6,46.74
2007-08-29,47.05,48.08
2007-08-30,47.83,48.33
2007-08-31,48.86,48.87
2007-09-04,48.92,49.68
2007-09-05,49.55,49.18
2007-09-06,49.23,49.14
2007-09-07,48.53,48.23
2007-09-10,48.62,48.2
2007-09-11,48.51,48.93
2007-09-12,48.84,48.94
2007-09-13,49.29,49.18
2007-09-14,48.8,49.22
2007-09-17,48.99,48.81
2007-09-18,49.09,50.04
2007-09-19,50.29,50.17
2007-09-20,50.06,50.03
2007-09-21,50.28,50.36
2007-09-24,50.49,50.59
2007-09-25,50.42,51.07
2007-09-26,51.36,51.32
2007-09-27,51.62,51.58
2007-09-28,51.54,51.41
2007-10-01,51.45,52.0
2007-10-02,52.04,52.01
2007-10-03,51.84,51.65
2007-10-04,51.75,51.77
2007-10-05,52.17,52.818
2007-10-08,52.8,53.15
2007-10-09,53.27,53.38
2007-10-10,53.39,53.51
2007-10-11,53.79,52.66
2007-10-12,52.9,53.53
2007-10-15,53.61,53.12
2007-10-16,52.79,52.87
2007-10-17,53.62,53.55
2007-10-18,53.33,53.78
2007-10-19,53.77,52.44
2007-10-22,52.16,53.07
2007-10-23,53.61,54.18
2007-10-24,53.74,53.77
2007-10-25,53.88,53.05
2007-10-26,54.08,53.93
2007-10-29,54.19,54.16
2007-10-30,53.94,54.26
2007-10-31,54.47,55.03
2007-11-01,54.68,54.0
2007-11-02,54.42,54.42
2007-11-05,53.86,54.07
2007-11-06,54.33,54.68
2007-11-07,54.22,53.35
2007-11-08,53.14,51.73
2007-11-09,50.73,50.0
2007-11-12,49.92,48.73
2007-11-13,49.39,50.74
2007-11-14,51.39,50.09
2007-11-15,50.0,49.82
2007-11-16,50.14,50.28
2007-11-19,50.17,49.7
2007-11-20,49.95,49.9
2007-11-21,49.43,49.31
2007-11-23,49.63,49.84
2007-11-26,49.98,48.98
2007-11-27,49.39,49.96
2007-11-28,50.63,51.48
2007-11-29,51.27,51.7
2007-11-30,52.21,51.31
2007-12-03,51.14,50.88
2007-12-04,50.46,50.67
2007-12-05,51.2,51.57
2007-12-06,51.63,52.32
2007-12-07,52.29,52.33
2007-12-10,52.44,52.54
2007-12-11,52.61,51.32
2007-12-12,52.25,51.78
2007-12-13,51.33,51.5
2007-12-14,51.09,50.97
2007-12-17,50.78,49.73
2007-12-18,50.24,49.89
2007-12-19,49.89,49.88
2007-12-20,50.67,50.9
2007-12-21,51.71,51.85
2007-12-24,52.01,52.24
2007-12-26,52.15,52.5
2007-12-27,52.33,51.93
2007-12-28,52.04,51.86
2007-12-31,51.56,51.22
2008-01-02,51.27,50.45
2008-01-03,50.4,50.62
2008-01-04,49.79,48.4
2008-01-07,48.41,48.17
2008-01-08,48.29,46.92
2008-01-09,47.09,47.92
2008-01-10,47.42,47.99
2008-01-11,47.72,47.05
2008-01-14,47.69,47.87
2008-01-15,47.38,46.55
2008-01-16,46.19,46.05
2008-01-17,46.24,45.41
2008-01-18,45.64,45.35
2008-01-22,42.83,44.18
2008-01-23,42.54,44.02
2008-01-24,44.19,44.91
2008-01-25,45.86,43.99
2008-01-28,44.02,44.33
2008-01-29,44.56,44.41
2008-01-30,44.24,44.37
2008-01-31,43.87,45.13
2008-02-01,45.52,45.59
2008-02-04,45.58,44.95
2008-02-05,44.12,43.67
2008-02-06,43.92,42.81
2008-02-07,42.35,43.11
2008-02-08,43.18,43.6
2008-02-11,43.78,44.07
2008-02-12,44.33,43.82
2008-02-13,44.39,44.78
2008-02-14,44.84,43.97
2008-02-15,43.77,43.82
2008-02-19,44.39,43.74
2008-02-20,43.25,43.94
2008-02-21,44.36,43.52
2008-02-22,43.67,43.68
2008-02-25,43.62,43.9
2008-02-26,43.65,44.07
2008-02-27,43.77,44.29
2008-02-28,44.11,44.12
2008-02-29,43.65,42.95
2008-03-03,42.93,42.67
2008-03-04,42.41,42.91
2008-03-05,42.99,43.12
2008-03-06,43.09,42.17
2008-03-07,41.91,42.07
2008-03-10,42.01,41.26
2008-03-11,41.86,42.83
2008-03-12,43.02,42.71
2008-03-13,42.21,43.04
2008-03-14,43.36,42.25
2008-03-17,41.26,41.48
2008-03-18,42.24,43.33
2008-03-19,43.51,42.26
2008-03-20,42.35,43.09
2008-03-24,43.28,44.58
2008-03-25,44.68,44.83
2008-03-26,44.69,44.7
2008-03-27,44.44,43.71
2008-03-28,44.03,43.49
2008-03-31,43.65,43.72
2008-04-01,44.45,45.59
2008-04-02,45.69,45.49
2008-04-03,45.29,45.59
2008-04-04,45.78,45.86
2008-04-07,46.15,45.76
2008-04-08,45.41,45.41
2008-04-09,45.47,44.9
2008-04-10,44.93,45.54
2008-04-11,45.02,44.28
2008-04-14,44.21,44.08
2008-04-15,44.24,44.14
2008-04-16,44.69,45.37
2008-04-17,45.42,45.27
2008-04-18,46.51,46.71
2008-04-21,46.61,47.04
2008-04-22,46.73,46.34
2008-04-23,46.68,46.85
2008-04-24,46.87,47.27
2008-04-25,47.31,47.15
2008-04-28,47.25,47.24
2008-04-29,47.15,47.6
2008-04-30,47.69,47.21
2008-05-01,47.24,48.7
2008-05-02,49.19,48.77
2008-05-05,48.73,48.63
2008-05-06,48.49,48.93
2008-05-07,48.93,48.04
2008-05-08,48.24,48.4
2008-05-09,48.03,48.21
2008-05-12,48.28,49.09
2008-05-13,49.13,49.22
2008-05-14,49.42,49.11
2008-05-15,49.11,49.97
2008-05-16,50.09,50.01
2008-05-19,50.05,49.65
2008-05-20,49.45,49.27
2008-05-21,49.31,48.18
2008-05-22,48.3,48.35
2008-05-23,48.18,48.2
2008-05-27,48.32,49.05
2008-05-28,49.28,49.25
2008-05-29,49.27,49.69
2008-05-30,49.89,50.01
2008-06-02,49.92,49.4
2008-06-03,49.59,49.13
2008-06-04,48.97,49.76
2008-06-05,49.87,50.55
2008-06-06,50.11,49.03
2008-06-09,49.11,48.77
2008-06-10,48.28,48.54
2008-06-11,48.45,47.38
2008-06-12,47.71,47.42
2008-06-13,47.7,48.37
2008-06-16,48.12,48.8
2008-06-17,48.95,48.54
2008-06-18,48.26,48.02
2008-06-19,47.92,48.77
2008-06-20,48.34,47.42
2008-06-23,47.62,47.05
2008-06-24,46.83,46.81
2008-06-25,47.01,47.57
2008-06-26,46.7,45.65
2008-06-27,45.58,45.65
2008-06-30,45.53,45.17
2008-07-01,44.86,45.81
2008-07-02,45.96,44.71
2008-07-03,44.98,44.63
2008-07-07,45.05,44.9
2008-07-08,44.95,45.97
2008-07-09,45.96,44.75
2008-07-10,44.82,45.28
2008-07-11,44.81,44.56
2008-07-14,45.13,44.23
2008-07-15,44.01,44.24
2008-07-16,44.3,45.34
2008-07-17,45.56,45.64
2008-07-18,45.17,44.59
2008-07-21,45.0,44.78
2008-07-22,44.02,44.78
2008-07-23,44.84,45.37
2008-07-24,45.59,44.69
2008-07-25,44.98,45.27
2008-07-28,45.27,44.42
2008-07-29,44.63,45.34
2008-07-30,45.46,45.57
2008-07-31,45.11,45.46
2008-08-01,45.52,44.88
2008-08-04,44.87,44.43
2008-08-05,44.9,45.93
2008-08-06,45.93,46.63
2008-08-07,46.35,46.27
2008-08-08,46.25,47.32
2008-08-11,47.3,47.75
2008-08-12,47.76,47.8
2008-08-13,47.74,47.7
2008-08-14,47.54,48.25
2008-08-15,48.35,48.16
2008-08-18,48.29,47.6
2008-08-19,47.36,47.01
2008-08-20,47.36,47.09
2008-08-21,46.73,46.87
2008-08-22,47.12,47.49
2008-08-25,47.15,46.49
2008-08-26,46.51,46.43
2008-08-27,46.45,46.73
2008-08-28,46.92,47.11
2008-08-29,46.61,46.12
2008-09-02,46.86,45.55
2008-09-03,45.445,45.12
2008-09-04,44.85,43.66
2008-09-05,43.3,43.45
2008-09-08,44.04,43.31
2008-09-09,43.35,42.45
2008-09-10,42.87,42.8
2008-09-11,42.17,43.6
2008-09-12,43.23,43.43
2008-09-15,42.4,42.08
2008-09-16,41.47,42.41
2008-09-17,41.84,40.21
2008-09-18,41.12,41.57
2008-09-19,43.82,42.9
2008-09-22,42.75,40.88
2008-09-23,41.18,40.57
2008-09-24,40.85,40.85
2008-09-25,41.211,41.5
2008-09-26,40.3,41.08
2008-09-29,40.26,37.82
2008-09-30,37.74,38.91
2008-10-01,38.83,38.5
2008-10-02,38.25,36.75
2008-10-03,37.26,36.18
2008-10-06,35.26,34.86
2008-10-07,35.14,32.65
2008-10-08,31.95,32.39
2008-10-09,33.15,31.52
2008-10-10,30.52,31.32
2008-10-13,32.86,35.13
2008-10-14,36.1,33.61
2008-10-15,33.23,30.6
2008-10-16,30.82,32.26
2008-10-17,31.62,32.3
2008-10-20,32.79,33.2
2008-10-21,32.66,31.48
2008-10-22,31.39,30.61
2008-10-23,30.46,30.49
2008-10-24,28.13,29.51
2008-10-27,29.14,28.69
2008-10-28,29.68,31.86
2008-10-29,31.95,31.78
2008-10-30,32.67,32.84
2008-10-31,32.36,32.89
2008-11-03,32.81,32.82
2008-11-04,33.49,33.75
2008-11-05,33.49,31.99
2008-11-06,31.5,30.56
2008-11-07,30.92,31.19
2008-11-10,31.94,30.77
2008-11-11,30.47,30.1
2008-11-12,29.65,28.71
2008-11-13,28.63,30.46
2008-11-14,29.8,28.98
2008-11-17,28.49,28.37
2008-11-18,28.56,28.34
2008-11-19,28.4,26.86
2008-11-20,26.54,25.56
2008-11-21,25.96,26.67
2008-11-24,27.22,28.3
2008-11-25,28.62,28.17
2008-11-26,27.88,29.35
2008-11-28,29.04,29.12
2008-12-01,28.5,26.93
2008-12-02,27.28,27.83
2008-12-03,27.13,28.62
2008-12-04,28.15,27.81
2008-12-05,27.5,28.94
2008-12-08,29.55,30.08
2008-12-09,29.68,30.01
2008-12-10,30.09,29.91
2008-12-11,29.8,29.09
2008-12-12,28.69,29.68
2008-12-15,29.73,29.16
2008-12-16,29.42,30.56
2008-12-17,30.23,30.19
2008-12-18,30.19,29.66
2008-12-19,29.98,29.86
2008-12-22,29.86,29.21
2008-12-23,29.28,29.06
2008-12-24,29.2,29.14
2008-12-26,29.19,29.13
2008-12-29,29.23,28.89
2008-12-30,28.98,29.49
2008-12-31,29.48,29.74
2009-01-02,29.77,31.03
2009-01-05,30.82,31.02
2009-01-06,31.28,31.33
2009-01-07,30.81,30.44
2009-01-08,30.34,30.76
2009-01-09,30.79,30.07
2009-01-12,30.12,29.52
2009-01-13,29.52,29.53
2009-01-14,29.17,28.63
2009-01-15,28.55,29.099
2009-01-16,29.53,29.42
2009-01-20,29.29,27.96
2009-01-21,28.43,29.15
2009-01-22,28.52,28.76
2009-01-23,28.31,28.9
2009-01-26,28.96,29.11
2009-01-27,29.14,29.32
2009-01-28,29.83,30.35
2009-01-29,29.97,29.58
2009-01-30,29.82,29.06
2009-02-02,28.77,29.41
2009-02-03,29.46,29.87
2009-02-04,29.93,29.91
2009-02-05,29.47,30.57
2009-02-06,30.71,31.37
2009-02-09,31.39,31.5
2009-02-10,31.3,30.34
2009-02-11,30.34,30.2
2009-02-12,29.83,30.57
2009-02-13,30.46,30.43
2009-02-17,29.47,29.22
2009-02-18,29.41,29.24
2009-02-19,29.43,28.79
2009-02-20,28.46,28.87
2009-02-23,29.03,27.86
2009-02-24,28.0,28.78
2009-02-25,28.62,28.59
2009-02-26,28.78,27.79
2009-02-27,27.49,27.53
2009-03-02,27.12,26.64
2009-03-03,26.85,26.62
2009-03-04,27.01,27.33
2009-03-05,27.03,26.51
2009-03-06,26.63,26.3
2009-03-09,26.05,25.74
2009-03-10,26.26,27.33
2009-03-11,27.63,27.75
2009-03-12,27.72,28.67
2009-03-13,28.68,28.74
2009-03-16,28.9,28.26
2009-03-17,28.41,29.33
2009-03-18,29.23,29.7
2009-03-19,30.12,29.68
2009-03-20,29.66,29.18
2009-03-23,29.86,30.9
2009-03-24,30.65,30.331
2009-03-25,30.58,30.47
2009-03-26,30.88,31.41
2009-03-27,31.07,30.82
2009-03-30,30.29,30.06
2009-03-31,30.31,30.32
2009-04-01,29.94,30.77
2009-04-02,31.34,31.76
2009-04-03,32.05,32.35
2009-04-06,31.97,32.27
2009-04-07,31.9,31.42
2009-04-08,31.72,31.95
2009-04-09,32.53,32.94
2009-04-13,32.8,32.89
2009-04-14,32.69,32.49
2009-04-15,32.24,32.4
2009-04-16,32.83,33.24
2009-04-17,33.16,33.31
2009-04-20,32.7,32.24
2009-04-21,32.09,32.69
2009-04-22,32.5,32.79
2009-04-23,33.01,33.11
2009-04-24,33.35,33.69
2009-04-27,33.42,33.73
2009-04-28,33.52,33.48
2009-04-29,33.75,33.94
2009-04-30,34.37,34.28
2009-05-01,34.28,34.37
2009-05-04,34.67,35.05
2009-05-05,34.99,35.02
2009-05-06,35.32,35.03
2009-05-07,35.25,34.21
2009-05-08,34.35,34.23
2009-05-11,33.78,34.35
2009-05-12,34.42,33.93
2009-05-13,33.63,33.02
2009-05-14,33.1,33.39
2009-05-15,33.36,33.37
2009-05-18,33.59,34.24
2009-05-19,34.14,34.4
2009-05-20,34.54,34.28
2009-05-21,34.02,33.65
2009-05-22,33.78,33.54
2009-05-26,33.19,34.79
2009-05-27,34.68,34.55
2009-05-28,34.77,34.95
2009-05-29,34.98,35.38
2009-06-01,35.73,36.39
2009-06-02,36.19,36.44
2009-06-03,36.28,36.33
2009-06-04,36.4,36.74
2009-06-05,36.96,36.78
2009-06-08,36.53,36.67
2009-06-09,36.84,36.95
2009-06-10,37.17,36.82
2009-06-11,36.76,36.82
2009-06-12,36.67,36.65
2009-06-15,36.28,35.9
2009-06-16,36.06,35.55
2009-06-17,35.67,35.889
2009-06-18,35.83,35.82
2009-06-19,36.04,36.16
2009-06-22,35.8,35.08
2009-06-23,35.2,35.0
2009-06-24,35.3,35.59
2009-06-25,35.38,36.29
2009-06-26,36.13,36.37
2009-06-29,36.44,36.45
2009-06-30,36.55,36.38
2009-07-01,36.54,36.4
2009-07-02,36.09,35.6
2009-07-06,35.38,35.41
2009-07-07,35.42,34.53
2009-07-08,34.73,34.71
2009-07-09,34.84,34.77
2009-07-10,34.66,34.92
2009-07-13,34.95,35.59
2009-07-14,35.52,35.72
2009-07-15,36.31,36.92
2009-07-16,36.74,37.36
2009-07-17,37.36,37.56
2009-07-20,37.75,37.92
2009-07-21,38.07,38.18
2009-07-22,38.2,38.5
2009-07-23,38.45,39.35
2009-07-24,38.93,39.05
2009-07-27,39.29,39.35
2009-07-28,39.18,39.08
2009-07-29,39.32,39.33
2009-07-30,39.74,39.57
2009-07-31,39.56,39.45
2009-08-03,39.85,40.04
2009-08-04,39.86,40.04
2009-08-05,40.13,39.73
2009-08-06,39.79,39.38
2009-08-07,39.91,39.88
2009-08-10,39.73,39.6
2009-08-11,39.42,39.26
2009-08-12,39.21,39.87
2009-08-13,40.1,40.09
2009-08-14,39.89,39.63
2009-08-17,38.97,38.48
2009-08-18,38.72,39.03
2009-08-19,38.59,39.3
2009-08-20,39.28,39.76
2009-08-21,40.01,40.29
2009-08-24,40.36,40.25
2009-08-25,40.34,40.37
2009-08-26,40.29,40.3
2009-08-27,40.32,40.4
2009-08-28,40.89,40.44
2009-08-31,40.16,40.03
2009-09-01,39.87,39.28
2009-09-02,39.09,39.25
2009-09-03,39.44,39.51
2009-09-04,39.58,40.36
2009-09-08,40.65,40.74
2009-09-09,40.76,41.09
2009-09-10,41.11,41.48
2009-09-11,41.5,41.52
2009-09-14,41.23,41.68
2009-09-15,41.66,41.81
2009-09-16,41.98,42.42
2009-09-17,42.32,42.41
2009-09-18,42.56,42.44
2009-09-21,42.22,42.57
2009-09-22,42.82,42.65
2009-09-23,42.83,42.45
2009-09-24,42.61,42.07
2009-09-25,41.78,41.7
2009-09-28,41.92,42.41
2009-09-29,42.41,42.22
2009-09-30,42.39,42.25
2009-10-01,42.11,41.0
2009-10-02,40.72,40.88
2009-10-05,41.09,41.21
2009-10-06,41.43,41.94
2009-10-07,41.88,42.06
2009-10-08,42.31,42.24
2009-10-09,42.15,42.48
2009-10-12,42.63,42.57
2009-10-13,42.54,42.58
2009-10-14,43.1,43.16
2009-10-15,42.93,43.06
2009-10-16,42.92,42.78
2009-10-19,42.81,43.21
2009-10-20,43.45,43.22
2009-10-21,43.2,43.14
2009-10-22,43.07,43.31
2009-10-23,43.69,43.13
2009-10-26,43.17,42.99
2009-10-27,42.95,42.34
2009-10-28,42.19,41.39
2009-10-29,41.68,42.09
2009-10-30,42.06,40.96
2009-11-02,41.01,41.13
2009-11-03,40.97,41.26
2009-11-04,41.51,41.33
2009-11-05,41.81,42.35
2009-11-06,42.16,42.6
2009-11-09,42.92,43.51
2009-11-10,43.45,43.62
2009-11-11,43.94,43.9
2009-11-12,43.92,43.65
2009-11-13,43.78,44.01
2009-11-16,44.19,44.46
2009-11-17,44.34,44.6
2009-11-18,44.47,44.353
2009-11-19,44.06,43.66
2009-11-20,43.41,43.44
2009-11-23,43.87,44.14
2009-11-24,44.14,43.99
2009-11-25,44.14,44.18
2009-11-27,43.0,43.51
2009-11-30,43.41,43.56
2009-12-01,43.88,44.01
2009-12-02,44.16,44.07
2009-12-03,44.24,43.89
2009-12-04,44.45,44.12
2009-12-07,44.08,43.91
2009-12-08,43.68,43.642
2009-12-09,43.61,44.08
2009-12-10,44.25,44.3
2009-12-11,44.52,44.13
2009-12-14,44.43,44.55
2009-12-15,44.41,44.3
2009-12-16,44.47,44.36
2009-12-17,44.17,43.82
2009-12-18,44.14,44.46
2009-12-21,44.67,44.96
2009-12-22,45.08,45.23
2009-12-23,45.34,45.56
2009-12-24,45.61,45.98
2009-12-28,46.08,46.22
2009-12-29,46.22,46.03
2009-12-30,46.0,46.17
2009-12-31,46.25,45.75
2010-01-04,46.32,46.42
2010-01-05,46.38,46.42
2010-01-06,46.39,46.14
2010-01-07,46.2,46.17
2010-01-08,46.04,46.55
2010-01-11,46.6,46.36
2010-01-12,46.08,45.78
2010-01-13,45.93,46.35
2010-01-14,46.26,46.39
2010-01-15,46.46,45.85
2010-01-19,45.96,46.59
2010-01-20,46.27,45.92
2010-01-21,46.06,45.49
2010-01-22,45.34,44.16
2010-01-25,44.39,44.31
2010-01-26,44.28,44.35
2010-01-27,44.29,44.7
2010-01-28,44.4,43.55
2010-01-29,43.9,42.79
2010-02-01,42.91,43.26
2010-02-02,43.31,43.65
2010-02-03,43.45,43.89
2010-02-04,43.58,42.62
2010-02-05,42.75,42.98
2010-02-08,42.92,42.67
2010-02-09,43.17,43.11
2010-02-10,43.1,43.02
2010-02-11,43.01,43.67
2010-02-12,43.27,43.76
2010-02-16,44.08,44.32
2010-02-17,44.5,44.57
2010-02-18,44.54,44.85
2010-02-19,44.76,44.83
2010-02-22,45.01,44.74
2010-02-23,44.69,44.16
2010-02-24,44.41,44.61
2010-02-25,44.11,44.6
2010-02-26,44.6,44.76
2010-03-01,44.95,45.41
2010-03-02,45.54,45.55
2010-03-03,45.67,45.6
2010-03-04,45.64,45.75
2010-03-05,46.1,46.44
2010-03-08,46.46,46.53
2010-03-09,46.4,46.79
2010-03-10,46.8,47.17
2010-03-11,47.07,47.35
2010-03-12,47.5,47.36
2010-03-15,47.26,47.24
2010-03-16,47.39,47.54
2010-03-17,47.6,47.67
2010-03-18,47.72,47.83
2010-03-19,47.95,47.49
2010-03-22,47.31,47.92
2010-03-23,48.0,48.253
2010-03-24,48.14,48.02
2010-03-25,48.42,47.95
2010-03-26,48.14,48.0
2010-03-29,48.23,48.23
2010-03-30,48.36,48.39
2010-03-31,48.23,48.16
2010-04-01,48.34,48.16
2010-04-05,48.26,48.61
2010-04-06,48.49,48.75
2010-04-07,48.69,48.63
2010-04-08,48.51,48.74
2010-04-09,48.77,49.03
2010-04-12,49.05,49.07
2010-04-13,49.02,49.32
2010-04-14,49.57,49.91
2010-04-15,49.88,50.13
2010-04-16,49.95,49.53
2010-04-19,49.36,49.5
2010-04-20,49.755,49.75
2010-04-21,50.09,50.03
2010-04-22,49.57,50.31
2010-04-23,50.29,50.52
2010-04-26,50.53,50.41
2010-04-27,50.22,49.34
2010-04-28,49.6,49.37
2010-04-29,49.61,50.23
2010-04-30,50.21,49.238
2010-05-03,49.43,49.93
2010-05-04,49.31,48.43
2010-05-05,47.98,48.18
2010-05-06,47.85,46.57
2010-05-07,46.22,45.41
2010-05-10,47.42,47.77
2010-05-11,47.31,47.72
2010-05-12,47.98,48.62
2010-05-13,48.43,47.85
2010-05-14,47.49,46.93
2010-05-17,47.04,47.08
2010-05-18,47.47,46.43
2010-05-19,46.26,46.06
2010-05-20,45.17,44.35
2010-05-21,43.64,44.84
2010-05-24,44.81,44.66
2010-05-25,43.67,44.7
2010-05-26,44.93,44.2
2010-05-27,45.22,45.87
2010-05-28,45.94,45.6
2010-06-01,45.45,45.18
2010-06-02,45.45,46.25
2010-06-03,46.36,46.69
2010-06-04,45.71,45.093
2010-06-07,45.34,44.27
2010-06-08,44.37,44.19
2010-06-09,44.48,43.82
2010-06-10,44.39,45.07
2010-06-11,44.63,45.5
2010-06-14,45.91,45.49
2010-06-15,45.71,46.71
2010-06-16,46.58,46.9
2010-06-17,47.16,47.05
2010-06-18,47.06,47.0
2010-06-21,47.6,46.6
2010-06-22,46.79,46.24
2010-06-23,46.29,46.05
2010-06-24,45.84,45.35
2010-06-25,45.51,45.27
2010-06-28,45.29,45.11
2010-06-29,44.42,43.37
2010-06-30,43.23,42.71
2010-07-01,42.82,42.59
2010-07-02,42.67,42.47
2010-07-06,43.09,42.6
2010-07-07,42.74,43.96
2010-07-08,44.31,44.2
2010-07-09,44.18,44.62
2010-07-12,44.58,44.75
2010-07-13,45.13,45.33
2010-07-14,45.42,45.56
2010-07-15,45.46,45.6
2010-07-16,45.44,44.34
2010-07-19,44.48,44.72
2010-07-20,43.99,45.26
2010-07-21,45.75,44.64
2010-07-22,45.26,45.77
2010-07-23,45.46,46.06
2010-07-26,46.12,46.44
2010-07-27,46.69,46.42
2010-07-28,46.38,46.05
2010-07-29,46.3,45.71
2010-07-30,45.36,45.81
2010-08-02,46.38,46.67
2010-08-03,46.63,46.47
2010-08-04,46.69,46.938
2010-08-05,46.72,46.83
2010-08-06,46.32,46.76
2010-08-09,47.01,47.08
2010-08-10,46.72,46.673
2010-08-11,45.91,45.4
2010-08-12,44.56,45.04
2010-08-13,44.87,44.72
2010-08-16,44.48,44.8
2010-08-17,45.11,45.372
2010-08-18,45.29,45.55
2010-08-19,45.29,44.86
2010-08-20,44.79,44.92
2010-08-23,45.25,44.48
2010-08-24,44.01,43.65
2010-08-25,43.35,44.07
2010-08-26,44.24,43.54
2010-08-27,43.86,44.07
2010-08-30,43.87,43.61
2010-08-31,43.39,43.46
2010-09-01,44.1,44.76
2010-09-02,44.84,45.26
2010-09-03,45.73,46.01
2010-09-07,45.82,45.7
2010-09-08,45.84,46.25
2010-09-09,46.67,46.43
2010-09-10,46.49,46.6
2010-09-13,46.95,47.25
2010-09-14,47.17,47.45
2010-09-15,47.35,47.75
2010-09-16,47.68,47.94
2010-09-17,48.14,47.995
2010-09-20,48.18,48.83
2010-09-21,48.84,48.82
2010-09-22,48.61,48.69
2010-09-23,48.39,48.67
2010-09-24,49.22,49.66
2010-09-27,49.65,49.39
2010-09-28,49.51,49.37
2010-09-29,49.3,49.29
2010-09-30,49.54,49.07
2010-10-01,49.46,49.01
2010-10-04,48.86,48.48
2010-10-05,49.03,49.66
2010-10-06,49.59,49.23
2010-10-07,49.52,49.41
2010-10-08,49.45,49.75
2010-10-11,49.78,49.77
2010-10-12,49.69,50.11
2010-10-13,50.4,50.52
2010-10-14,50.54,50.42
2010-10-15,51.04,51.49
2010-10-18,51.52,51.3
2010-10-19,50.81,50.82
2010-10-20,50.96,51.19
2010-10-21,51.51,51.29
2010-10-22,51.3,51.64
2010-10-25,51.85,51.89
2010-10-26,51.62,52.03
2010-10-27,51.77,52.19
2010-10-28,52.42,52.3
2010-10-29,52.29,52.18
2010-11-01,52.38,52.22
2010-11-02,52.66,52.78
2010-11-03,52.84,53.02
2010-11-04,53.63,53.67
2010-11-05,53.7,53.67
2010-11-08,53.57,53.738
2010-11-09,53.97,53.45
2010-11-10,53.53,53.715
2010-11-11,52.9,53.385
2010-11-12,53.1,52.51
2010-11-15,52.78,52.315
2010-11-16,51.93,51.45
2010-11-17,51.49,51.6
2010-11-18,52.15,52.43
2010-11-19,52.34,52.47
2010-11-22,52.25,52.91
2010-11-23,52.39,52.07
2010-11-24,52.58,53.12
2010-11-26,52.8,52.77
2010-11-29,52.7,52.73
2010-11-30,52.18,52.085
2010-12-01,52.87,53.19
2010-12-02,53.27,53.73
2010-12-03,53.5,53.87
2010-12-06,53.86,53.845
2010-12-07,54.49,53.88
2010-12-08,54.02,54.08
2010-12-09,54.41,54.135
2010-12-10,54.29,54.495
2010-12-13,54.71,54.3
2010-12-14,54.42,54.395
2010-12-15,54.37,54.16
2010-12-16,54.21,54.58
2010-12-17,54.54,54.52
2010-12-20,54.59,54.56
2010-12-21,54.76,54.89
2010-12-22,54.86,54.885
2010-12-23,54.78,54.742
2010-12-27,54.62,54.77
2010-12-28,54.88,54.67
2010-12-29,54.82,54.79
2010-12-30,54.79,54.66
2010-12-31,54.6,54.46
2011-01-03,54.959,55.31
2011-01-04,55.53,55.265
2011-01-05,55.11,55.74
2011-01-06,55.79,55.92
2011-01-07,56.02,55.87
2011-01-10,55.72,56.08
2011-01-11,56.29,56.16
2011-01-12,56.42,56.555
2011-01-13,56.59,56.575
2011-01-14,56.59,57.0
2011-01-18,56.52,57.16
2011-01-19,57.24,56.51
2011-01-20,56.3,56.11
2011-01-21,56.39,55.68
2011-01-24,55.79,56.45
2011-01-25,56.18,56.533
2011-01-26,56.63,56.83
2011-01-27,57.01,57.18
2011-01-28,57.16,55.73
2011-01-31,55.81,56.0
2011-02-01,56.419,57.05
2011-02-02,56.92,56.955
2011-02-03,56.85,57.058
2011-02-04,57.05,57.375
2011-02-07,57.49,57.65
2011-02-08,57.65,58.025
2011-02-09,57.94,57.93
2011-02-10,57.61,58.021
2011-02-11,57.87,58.44
2011-02-14,58.43,58.58
2011-02-15,58.44,58.5
2011-02-16,58.64,58.881
2011-02-17,58.6,58.86
2011-02-18,58.88,58.73
2011-02-22,58.0,57.03
2011-02-23,57.0,56.56
2011-02-24,56.7,56.855
2011-02-25,57.16,57.65
2011-02-28,57.87,57.769
2011-03-01,57.99,56.84
2011-03-02,56.82,57.14
2011-03-03,57.68,58.265
2011-03-04,58.25,57.968
2011-03-07,58.21,57.19
2011-03-08,57.1,57.42
2011-03-09,57.21,57.03
2011-03-10,56.39,56.14
2011-03-11,55.83,56.49
2011-03-14,56.18,56.29
2011-03-15,54.64,55.49
2011-03-16,55.03,54.15
2011-03-17,55.01,54.65
2011-03-18,55.2,54.45
2011-03-21,55.29,55.5
2011-03-22,55.57,55.395
2011-03-23,55.19,55.71
2011-03-24,56.12,56.7
2011-03-25,56.89,56.84
2011-03-28,57.09,56.53
2011-03-29,56.4,57.08
2011-03-30,57.36,57.35
2011-03-31,57.25,57.43
2011-04-01,57.72,57.46
2011-04-04,57.62,57.27
2011-04-05,57.16,57.12
2011-04-06,57.54,57.26
2011-04-07,57.23,57.22
2011-04-08,57.48,56.95
2011-04-11,57.16,56.76
2011-04-12,56.52,56.37
2011-04-13,56.77,56.85
2011-04-14,56.45,56.75
2011-04-15,56.53,56.65
2011-04-18,56.09,56.25
2011-04-19,56.39,56.6
2011-04-20,57.59,57.875
2011-04-21,58.47,58.34
2011-04-25,58.4,58.49
2011-04-26,58.65,58.82
2011-04-27,58.9,59.22
2011-04-28,59.06,59.13
2011-04-29,59.04,59.08
2011-05-02,59.19,58.97
2011-05-03,58.95,58.69
2011-05-04,58.72,58.6
2011-05-05,58.32,58.28
2011-05-06,58.86,58.47
2011-05-09,58.56,58.69
2011-05-10,58.87,59.19
2011-05-11,59.1,58.755
2011-05-12,58.56,59.11
2011-05-13,58.98,58.41
2011-05-16,58.16,57.399
2011-05-17,57.12,57.56
2011-05-18,57.48,58.04
2011-05-19,58.23,58.21
2011-05-20,58.15,57.765
2011-05-23,56.99,56.92
2011-05-24,57.07,56.57
2011-05-25,56.49,56.79
2011-05-26,56.62,57.142
2011-05-27,57.24,57.43
2011-05-31,57.97,58.36
2011-06-01,58.22,57.09
2011-06-02,57.21,57.21
2011-06-03,56.56,56.35
2011-06-06,56.24,55.89
2011-06-07,56.05,55.79
2011-06-08,55.67,55.39
2011-06-09,55.37,55.485
2011-06-10,55.23,54.64
2011-06-13,54.71,54.64
2011-06-14,55.05,55.34
2011-06-15,54.83,54.29
2011-06-16,54.33,54.08
2011-06-17,54.45,53.79
2011-06-20,53.66,54.07
2011-06-21,54.26,55.23
2011-06-22,55.0,54.831
2011-06-23,54.28,55.34
2011-06-24,55.07,54.38
2011-06-27,54.43,55.245
2011-06-28,55.38,56.07
2011-06-29,56.23,56.3
2011-06-30,56.5,57.05
2011-07-01,57.1,57.91
2011-07-05,57.95,58.2
2011-07-06,58.14,58.39
2011-07-07,58.82,59.19
2011-07-08,58.7,59.03
2011-07-11,58.41,57.96
2011-07-12,57.94,57.52
2011-07-13,57.94,57.76
2011-07-14,57.93,57.09
2011-07-15,57.72,57.85
2011-07-18,57.535,57.54
2011-07-19,58.13,58.85
2011-07-20,59.18,58.6
2011-07-21,58.65,58.99
2011-07-22,58.97,59.6
2011-07-25,59.13,59.48
2011-07-26,59.44,59.625
2011-07-27,59.25,58.09
2011-07-28,58.1,58.19
2011-07-29,57.73,58.0
2011-08-01,58.67,57.73
2011-08-02,57.46,56.27
2011-08-03,56.37,56.81
2011-08-04,55.98,54.17
2011-08-05,54.79,53.83
2011-08-08,52.21,50.59
2011-08-09,51.31,53.03
2011-08-10,51.82,50.86
2011-08-11,51.58,53.1
2011-08-12,53.42,53.57
2011-08-15,53.77,54.36
2011-08-16,53.82,53.9
2011-08-17,53.98,53.58
2011-08-18,52.13,50.95
2011-08-19,50.43,50.03
2011-08-22,51.21,50.21
2011-08-23,50.56,52.28
2011-08-24,52.18,52.69
2011-08-25,52.64,51.83
2011-08-26,51.68,53.13
2011-08-29,53.64,54.61
2011-08-30,54.39,54.97
2011-08-31,55.29,55.06
2011-09-01,55.21,54.56
2011-09-02,53.58,53.28
2011-09-06,52.04,53.29
2011-09-07,54.03,54.64
2011-09-08,54.37,54.39
2011-09-09,54.01,53.18
2011-09-12,52.61,53.86
2011-09-13,54.08,54.58
2011-09-14,54.85,55.36
2011-09-15,55.97,56.18
2011-09-16,56.25,56.59
2011-09-19,55.9,56.61
2011-09-20,56.9,56.36
2011-09-21,56.65,55.38
2011-09-22,53.93,53.58
2011-09-23,53.14,54.15
2011-09-26,54.42,54.78
2011-09-27,55.7,55.35
2011-09-28,55.57,54.53
2011-09-29,55.36,53.88
2011-09-30,53.18,52.49
2011-10-03,52.04,51.14
2011-10-04,50.595,52.19
2011-10-05,52.07,53.53
2011-10-06,53.47,54.43
2011-10-07,54.41,54.07
2011-10-10,54.98,55.94
2011-10-11,55.81,56.32
2011-10-12,56.87,56.6
2011-10-13,56.49,57.12
2011-10-14,57.84,58.18
2011-10-17,57.9,57.28
2011-10-18,57.19,57.99
2011-10-19,57.71,56.87
2011-10-20,56.81,56.59
2011-10-21,57.17,57.3
2011-10-24,57.52,58.49
2011-10-25,58.27,57.34
2011-10-26,57.65,57.27
2011-10-27,58.64,58.85
2011-10-28,58.5,58.94
2011-10-31,58.41,57.95
2011-11-01,56.56,56.44
2011-11-02,57.01,56.92
2011-11-03,57.36,58.1
2011-11-04,57.79,57.8
2011-11-07,57.75,58.21
2011-11-08,58.63,58.88
2011-11-09,57.72,56.81
2011-11-10,57.4,56.78
2011-11-11,57.28,57.85
2011-11-14,57.69,57.49
2011-11-15,57.34,58.13
2011-11-16,57.73,57.17
2011-11-17,57.02,55.83
2011-11-18,55.85,55.4
2011-11-21,54.68,54.34
2011-11-22,54.2,54.52
2011-11-23,54.11,53.29
2011-11-25,53.09,52.88
2011-11-28,54.16,54.72
2011-11-29,54.65,54.38
2011-11-30,55.84,56.39
2011-12-01,56.37,56.78
2011-12-02,57.33,56.62
2011-12-05,57.49,57.24
2011-12-06,57.29,57.08
2011-12-07,56.9,57.08
2011-12-08,56.74,56.12
2011-12-09,56.26,57.02
2011-12-12,56.42,56.38
2011-12-13,56.76,55.76
2011-12-14,55.52,54.89
2011-12-15,55.36,54.74
2011-12-16,54.88,54.86
2011-12-19,55.06,54.32
2011-12-20,55.2,55.93
2011-12-21,55.64,55.13
2011-12-22,55.6,55.6
2011-12-23,56.08,56.08
2011-12-27,56.01,56.24
2011-12-28,56.17,55.59
2011-12-29,55.68,55.99
2011-12-30,55.86,55.83
2012-01-03,56.91,56.9
2012-01-04,56.8,57.14
2012-01-05,57.02,57.61
2012-01-06,57.65,57.81
2012-01-09,57.95,57.62
2012-01-10,58.26,58.04
2012-01-11,58.02,58.16
2012-01-12,58.29,58.39
2012-01-13,58.1,58.18
2012-01-17,58.71,58.71
2012-01-18,58.84,59.49
2012-01-19,59.76,59.86
2012-01-20,59.61,59.77
2012-01-23,59.8,59.79
2012-01-24,59.54,59.68
2012-01-25,60.28,60.43
2012-01-26,60.67,60.22
2012-01-27,60.09,60.4
2012-01-30,59.88,60.45
2012-01-31,60.75,60.53
2012-02-01,60.85,61.02
2012-02-02,61.2,61.21
2012-02-03,61.78,62.05
2012-02-06,61.82,62.0
2012-02-07,61.95,62.13
2012-02-08,62.14,62.46
2012-02-09,62.67,62.91
2012-02-10,62.47,62.475
2012-02-13,63.05,63.05
2012-02-14,63.21,63.21
2012-02-15,63.52,62.77
2012-02-16,62.79,63.63
2012-02-17,63.64,63.43
2012-02-21,63.51,63.61
2012-02-22,63.49,63.32
2012-02-23,63.4,63.74
2012-02-24,63.92,63.96
2012-02-27,64.05,64.05
2012-02-28,64.1,64.7
2012-02-29,64.74,64.41
2012-03-01,64.66,64.92
2012-03-02,64.83,64.87
2012-03-05,64.83,64.2
2012-03-06,63.59,63.57
2012-03-07,63.86,64.06
2012-03-08,64.42,64.75
2012-03-09,64.85,65.02
2012-03-12,64.97,65.05
2012-03-13,65.42,66.26
2012-03-14,66.31,66.49
2012-03-15,66.69,66.68
2012-03-16,66.65,66.52
2012-03-19,66.99,66.99
2012-03-20,66.66,67.11
2012-03-21,67.13,67.12
2012-03-22,66.71,66.98
2012-03-23,67.06,66.939
2012-03-26,67.37,68.11
2012-03-27,68.145,68.21
2012-03-28,68.25,67.938
2012-03-29,67.61,67.68
2012-03-30,67.99,67.55
2012-04-02,67.46,68.25
2012-04-03,68.31,68.23
2012-04-04,67.73,67.3
2012-04-05,67.19,67.72
2012-04-09,67.21,67.21
2012-04-10,66.13,66.13
2012-04-11,66.45,66.45
2012-04-12,67.205,67.205
2012-04-13,66.96,66.19
2012-04-16,65.45,65.45
2012-04-17,66.78,66.78
2012-04-18,66.61,66.61
2012-04-19,65.86,65.86
2012-04-20,65.68,65.68
2012-04-23,65.08,65.08
2012-04-24,64.97,64.73
2012-04-25,66.06,66.45
2012-04-26,66.42,66.84
2012-04-27,67.12,67.24
2012-04-30,67.02,66.76
2012-05-01,66.68,66.87
2012-05-02,66.5,67.06
2012-05-03,67.1,66.35
2012-05-04,65.75,64.7
2012-05-07,64.31,64.76
2012-05-08,64.34,64.52
2012-05-09,63.77,64.321
2012-05-10,64.61,64.19
2012-05-11,63.94,64.18
2012-05-14,63.63,63.58
2012-05-15,63.79,63.37
2012-05-16,63.62,62.94
2012-05-17,62.94,61.61
2012-05-18,61.79,60.81
2012-05-21,60.92,62.51
2012-05-22,62.66,62.44
2012-05-23,61.93,62.56
2012-05-24,62.66,62.15
2012-05-25,62.21,62.07
2012-05-29,62.63,62.86
2012-05-30,62.29,62.33
2012-05-31,62.25,62.06
2012-06-01,60.97,60.409
2012-06-04,60.57,60.87
2012-06-05,60.65,61.12
2012-06-06,61.6,62.52
2012-06-07,63.16,62.27
2012-06-08,62.16,62.87
2012-06-11,63.35,61.805
2012-06-12,62.09,62.56
2012-06-13,62.38,62.13
2012-06-14,62.14,62.36
2012-06-15,62.37,62.99
2012-06-18,62.75,63.58
2012-06-19,63.9,64.239
2012-06-20,64.36,64.29
2012-06-21,64.21,62.69
2012-06-22,62.88,63.35
2012-06-25,62.84,62.13
2012-06-26,62.33,62.52
2012-06-27,62.76,62.9
2012-06-28,62.42,62.2
2012-06-29,63.37,64.16
2012-07-02,64.23,64.35
2012-07-03,64.38,64.89
2012-07-05,64.78,64.93
2012-07-06,64.65,64.12
2012-07-09,64.03,64.0
2012-07-10,64.33,63.37
2012-07-11,63.29,63.02
2012-07-12,62.55,62.43
2012-07-13,62.56,63.38
2012-07-16,63.24,63.2
2012-07-17,63.58,63.53
2012-07-18,63.4,64.39
2012-07-19,64.84,65.1
2012-07-20,65.09,64.235
2012-07-23,63.0,63.46
2012-07-24,63.58,62.96
2012-07-25,62.49,62.54
2012-07-26,63.44,63.37
2012-07-27,63.83,64.87
2012-07-30,65.01,64.82
2012-07-31,64.91,64.8
2012-08-01,65.25,64.61
2012-08-02,64.1,64.38
2012-08-03,65.38,65.6
2012-08-06,65.94,66.1
2012-08-07,66.38,66.65
2012-08-08,66.48,66.62
2012-08-09,66.62,66.82
2012-08-10,66.59,66.86
2012-08-13,66.84,67.02
2012-08-14,67.28,67.05
2012-08-15,67.0,67.22
2012-08-16,67.47,68.02
2012-08-17,68.17,68.32
2012-08-20,68.27,68.42
2012-08-21,68.63,68.15
2012-08-22,67.99,68.43
2012-08-23,68.14,67.87
2012-08-24,67.72,68.29
2012-08-27,68.6,68.4
2012-08-28,68.34,68.4
2012-08-29,68.41,68.4
2012-08-30,68.11,67.71
2012-08-31,68.2,68.16
2012-09-04,68.03,68.09
2012-09-05,68.04,68.02
2012-09-06,68.42,69.53
2012-09-07,69.37,69.43
2012-09-10,69.26,68.54
2012-09-11,68.54,68.43
2012-09-12,68.68,68.632
2012-09-13,68.71,69.56
2012-09-14,69.84,70.18
2012-09-17,70.2,70.21
2012-09-18,70.04,70.27
2012-09-19,70.29,70.4
2012-09-20,70.07,70.33
2012-09-21,70.47,70.15
2012-09-24,69.56,69.735
2012-09-25,69.92,68.76
2012-09-26,68.67,68.2
2012-09-27,68.35,69.14
2012-09-28,68.92,68.57
2012-10-01,68.9,68.47
2012-10-02,68.79,68.67
2012-10-03,68.88,69.11
2012-10-04,69.24,69.35
2012-10-05,69.68,68.98
2012-10-08,68.58,68.35
2012-10-09,68.17,67.259
2012-10-10,67.25,66.92
2012-10-11,67.44,66.71
2012-10-12,66.73,66.68
2012-10-15,66.94,67.17
2012-10-16,67.29,68.12
2012-10-17,67.75,68.08
2012-10-18,67.87,67.29
2012-10-19,67.21,65.68
2012-10-22,65.62,66.02
2012-10-23,65.49,65.39
2012-10-24,65.76,65.164
2012-10-25,65.61,65.16
2012-10-26,65.16,65.35
2012-10-31,65.31,64.95
2012-11-01,65.32,65.873
2012-11-02,66.21,65.17
2012-11-05,65.195,65.6
2012-11-06,65.71,65.72
2012-11-07,65.04,64.17
2012-11-08,64.33,63.16
2012-11-09,63.19,63.43
2012-11-12,63.79,63.42
2012-11-13,62.92,62.98
2012-11-14,63.27,62.24
2012-11-15,62.29,62.03
2012-11-16,62.08,62.3
2012-11-19,62.97,63.781
2012-11-20,63.77,63.8
2012-11-21,63.83,63.93
2012-11-23,64.32,64.9
2012-11-26,64.77,65.181
2012-11-27,65.16,64.96
2012-11-28,64.66,65.52
2012-11-29,65.82,65.91
2012-11-30,65.92,65.8
2012-12-03,66.32,65.67
2012-12-04,65.69,65.63
2012-12-05,65.53,64.903
2012-12-06,64.71,65.32
2012-12-07,65.65,64.93
2012-12-10,64.75,65.12
2012-12-11,65.58,65.97
2012-12-12,66.29,65.83
2012-12-13,65.71,65.311
2012-12-14,64.9,64.69
2012-12-17,64.73,65.55
2012-12-18,65.85,66.547
2012-12-19,66.72,66.261
2012-12-20,66.38,66.26
2012-12-21,64.89,65.2
2012-12-24,65.06,65.07
2012-12-26,65.08,64.5
2012-12-27,64.56,64.4
2012-12-28,63.93,63.78
2012-12-31,63.68,65.13
2013-01-02,66.69,67.2
2013-01-03,67.2,66.852
2013-01-04,66.87,66.63
2013-01-07,66.46,66.65
2013-01-08,66.64,66.52
2013-01-09,66.62,66.77
2013-01-10,67.21,67.17
2013-01-11,67.14,67.26
2013-01-14,66.9,66.96
2013-01-15,66.63,66.63
2013-01-16,66.75,66.9
2013-01-17,67.18,67.22
2013-01-18,67.01,67.07
2013-01-22,67.15,67.18
2013-01-23,67.56,67.59
2013-01-24,66.69,66.66
2013-01-25,66.89,67.0
2013-01-28,67.01,67.15
2013-01-29,67.06,67.16
2013-01-30,67.28,67.02
2013-01-31,66.99,66.87
2013-02-01,67.34,67.66
2013-02-04,67.25,66.48
2013-02-05,66.76,67.46
2013-02-06,67.22,67.24
2013-02-07,67.33,67.3
2013-02-08,67.64,67.99
2013-02-11,68.02,68.01
2013-02-12,67.92,67.73
2013-02-13,67.93,67.97
2013-02-14,67.64,67.95
2013-02-15,67.95,67.75
2013-02-19,67.89,68.24
2013-02-20,68.24,67.19
2013-02-21,66.96,66.47
2013-02-22,66.85,67.139
2013-02-25,67.57,66.31
2013-02-26,66.4,66.56
2013-02-27,66.56,67.239
2013-02-28,67.25,67.1
2013-03-01,66.87,67.38
2013-03-04,67.16,67.68
2013-03-05,68.08,68.68
2013-03-06,68.89,68.51
2013-03-07,68.59,68.69
2013-03-08,68.92,68.77
2013-03-11,68.68,68.97
2013-03-12,68.77,68.72
2013-03-13,68.81,68.63
2013-03-14,68.87,68.86
2013-03-15,68.75,68.51
2013-03-18,67.88,68.36
2013-03-19,68.57,68.23
2013-03-20,68.71,68.709
2013-03-21,68.08,67.93
2013-03-22,68.21,68.59
2013-03-25,68.81,68.34
2013-03-26,68.6,68.71
2013-03-27,68.24,68.801
2013-03-28,68.8,68.97
2013-04-01,69.02,68.5
2013-04-02,68.83,69.04
2013-04-03,69.08,68.41
2013-04-04,68.38,68.43
2013-04-05,67.35,67.861
2013-04-08,67.89,68.22
2013-04-09,68.4,68.68
2013-04-10,68.92,70.015
2013-04-11,69.85,69.99
2013-04-12,69.82,69.94
2013-04-15,69.65,68.56
2013-04-16,68.95,69.47
2013-04-17,68.87,68.115
2013-04-18,68.29,67.169
2013-04-19,67.3,68.09
2013-04-22,68.33,68.79
2013-04-23,69.18,69.45
2013-04-24,69.28,69.42
2013-04-25,69.6,69.79
2013-04-26,69.62,69.57
2013-04-29,69.79,70.21
2013-04-30,70.3,70.72
2013-05-01,70.74,70.39
2013-05-02,70.51,71.28
2013-05-03,71.97,72.12
2013-05-06,72.25,72.4
2013-05-07,72.52,72.36
2013-05-08,72.32,72.71
2013-05-09,72.57,72.607
2013-05-10,72.76,73.05
2013-05-13,72.93,73.14
2013-05-14,73.13,73.52
2013-05-15,73.38,73.67
2013-05-16,73.77,73.59
2013-05-17,73.95,74.3
2013-05-20,74.09,74.19
2013-05-21,74.18,74.27
2013-05-22,74.36,73.619
2013-05-23,72.95,73.45
2013-05-24,72.96,73.41
2013-05-28,74.25,73.89
2013-05-29,73.59,73.54
2013-05-30,73.57,73.93
2013-05-31,73.65,73.25
2013-06-03,73.31,73.38
2013-06-04,73.52,73.0
2013-06-05,72.77,72.05
2013-06-06,72.15,72.4
2013-06-07,72.73,73.39
2013-06-10,73.55,73.42
2013-06-11,72.67,72.69
2013-06-12,73.12,71.85
2013-06-13,71.76,72.76
2013-06-14,72.76,72.28
2013-06-17,72.88,72.98
2013-06-18,73.07,73.58
2013-06-19,73.57,72.76
2013-06-20,71.92,71.025
2013-06-21,70.78,70.43
2013-06-24,69.84,69.73
2013-06-25,70.41,70.24
2013-06-26,70.82,70.87
2013-06-27,71.22,71.17
2013-06-28,70.92,71.27
2013-07-01,71.76,71.71
2013-07-02,71.68,71.74
2013-07-03,71.48,72.031
2013-07-05,72.45,72.58
2013-07-08,72.94,72.65
2013-07-09,72.98,73.09
2013-07-10,73.0,73.51
2013-07-11,74.29,74.97
2013-07-12,75.02,75.3
2013-07-15,75.36,75.47
2013-07-16,75.54,75.37
2013-07-17,75.6,75.56
2013-07-18,75.54,75.37
2013-07-19,74.72,74.59
2013-07-22,74.91,74.81
2013-07-23,74.95,74.26
2013-07-24,74.99,74.5
2013-07-25,74.89,74.97
2013-07-26,74.67,75.37
2013-07-29,75.22,75.23
2013-07-30,75.5,75.63
2013-07-31,75.77,75.77
2013-08-01,76.3,76.54
2013-08-02,76.56,76.97
2013-08-05,76.89,77.02
2013-08-06,76.92,76.56
2013-08-07,76.34,76.42
2013-08-08,76.84,76.8
2013-08-09,76.7,76.49
2013-08-12,76.2,76.67
2013-08-13,76.77,77.1
2013-08-14,77.07,76.81
2013-08-15,75.98,75.51
2013-08-16,75.54,75.485
2013-08-19,75.5,75.35
2013-08-20,75.49,75.68
2013-08-21,75.46,75.42
2013-08-22,75.73,76.16
2013-08-23,76.73,76.67
2013-08-26,76.72,76.71
2013-08-27,75.82,75.14
2013-08-28,75.08,75.43
2013-08-29,75.4,75.96
2013-08-30,76.04,75.47
2013-09-03,76.1,75.9
2013-09-04,76.16,76.71
2013-09-05,76.76,76.84
2013-09-06,77.1,76.93
2013-09-09,77.26,77.83
2013-09-10,78.28,78.21
2013-09-11,77.69,78.06
2013-09-12,78.08,78.01
2013-09-13,78.09,78.06
2013-09-16,78.72,77.85
2013-09-17,78.02,78.37
2013-09-18,78.49,79.31
2013-09-19,79.56,79.5
2013-09-20,79.45,78.985
2013-09-23,79.32,78.83
2013-09-24,79.0,78.83
2013-09-25,78.89,78.56
2013-09-26,78.88,79.17
2013-09-27,78.71,79.07
2013-09-30,78.25,78.88
2013-10-01,78.89,79.68
2013-10-02,79.14,79.65
2013-10-03,79.55,78.72
2013-10-04,78.72,79.4
2013-10-07,78.7,78.74
2013-10-08,78.74,77.22
2013-10-09,77.4,76.98
2013-10-10,77.81,78.61
2013-10-11,78.41,79.23
2013-10-14,78.75,79.79
2013-10-15,79.73,79.48
2013-10-16,79.85,80.38
2013-10-17,80.02,80.84
2013-10-18,81.58,82.15
2013-10-21,82.34,82.33
2013-10-22,82.65,82.45
2013-10-23,82.05,81.95
2013-10-24,82.0,82.31
2013-10-25,83.08,82.9
2013-10-28,82.91,82.92
2013-10-29,83.2,83.06
2013-10-30,83.35,82.98
2013-10-31,82.77,82.79
2013-11-01,83.07,82.81
2013-11-04,83.06,82.93
2013-11-05,82.61,83.02
2013-11-06,83.37,83.0
2013-11-07,83.01,81.44
2013-11-08,81.74,82.54
2013-11-11,82.42,82.41
2013-11-12,82.16,82.54
2013-11-13,82.0,83.54
2013-11-14,83.32,83.8
2013-11-15,83.82,83.96
2013-11-18,83.94,83.14
2013-11-19,83.09,82.9
2013-11-20,83.12,82.7
2013-11-21,83.05,83.54
2013-11-22,83.68,83.99
2013-11-25,84.29,84.19
2013-11-26,84.21,84.63
2013-11-27,84.8,85.22
2013-11-29,85.56,85.73
2013-12-02,85.82,85.48
2013-12-03,85.4,85.41
2013-12-04,85.05,85.49
2013-12-05,85.56,85.38
2013-12-06,86.1,86.0
2013-12-09,86.35,86.35
2013-12-10,86.21,86.29
2013-12-11,86.28,85.18
2013-12-12,85.24,84.96
2013-12-13,85.36,84.85
2013-12-16,85.27,85.32
2013-12-17,85.34,85.15
2013-12-18,85.25,86.14
2013-12-19,86.0,85.9
2013-12-20,85.79,86.5
2013-12-23,87.21,87.41
2013-12-24,87.43,87.45
2013-12-26,87.61,87.74
2013-12-27,87.85,87.52
2013-12-30,87.39,87.39
2013-12-31,87.55,87.96
2014-01-02,87.56,87.27
2014-01-03,87.27,86.64
2014-01-06,86.66,86.32
2014-01-07,86.72,87.12
2014-01-08,87.14,87.31
2014-01-09,87.63,87.02
2014-01-10,87.23,87.3
2014-01-13,87.17,86.01
2014-01-14,86.3,87.65
2014-01-15,88.03,88.37
2014-01-16,88.3,88.38
2014-01-17,88.11,87.88
2014-01-21,88.44,88.55
2014-01-22,88.78,88.78
2014-01-23,88.51,88.48
2014-01-24,88.05,86.74
2014-01-27,86.74,85.9
2014-01-28,85.5,85.85
2014-01-29,85.11,84.93
2014-01-30,85.97,86.5
2014-01-31,85.54,86.27
2014-02-03,86.11,84.29
2014-02-04,84.72,84.91
2014-02-05,84.63,84.69
2014-02-06,84.94,85.77
2014-02-07,86.25,87.3
2014-02-10,87.27,87.8
2014-02-11,87.99,88.8
2014-02-12,88.98,88.97
2014-02-13,88.31,89.63
2014-02-14,89.56,89.81
2014-02-18,89.93,90.25
2014-02-19,90.07,89.63
2014-02-20,89.7,90.05
2014-02-21,90.33,89.93
2014-02-24,90.1,90.41
2014-02-25,90.52,90.31
2014-02-26,90.57,90.23
2014-02-27,89.87,90.44
2014-02-28,90.41,90.34
2014-03-03,89.48,89.67
2014-03-04,90.63,90.81
2014-03-05,90.97,91.06
2014-03-06,91.25,90.98
2014-03-07,91.27,90.53
2014-03-10,90.48,90.61
2014-03-11,90.83,90.22
2014-03-12,89.82,90.56
2014-03-13,90.9,89.28
2014-03-14,88.99,88.67
2014-03-17,89.24,89.45
2014-03-18,89.55,90.53
2014-03-19,90.56,90.04
2014-03-20,89.78,90.29
2014-03-21,90.61,89.0
2014-03-24,89.32,88.22
2014-03-25,88.69,88.51
2014-03-26,88.96,87.37
2014-03-27,87.27,86.879
2014-03-28,87.15,87.05
2014-03-31,87.73,87.67
2014-04-01,88.1,89.21
2014-04-02,89.59,89.44
2014-04-03,89.55,88.73
2014-04-04,89.29,86.37
2014-04-07,85.84,85.55
2014-04-08,85.65,86.34
2014-04-09,86.67,87.82
2014-04-10,87.87,85.1
2014-04-11,84.34,84.11
2014-04-14,84.85,84.77
2014-04-15,85.08,85.05
2014-04-16,85.83,86.18
2014-04-17,85.89,86.2
2014-04-21,86.41,86.84
2014-04-22,87.1,87.53
2014-04-23,87.55,86.76
2014-04-24,88.2,87.59
2014-04-25,87.08,86.19
2014-04-28,86.58,86.47
2014-04-29,86.75,87.16
2014-04-30,86.79,87.39
2014-05-01,87.53,87.65
2014-05-02,87.94,87.49
2014-05-05,86.98,87.95
2014-05-06,87.83,86.81
2014-05-07,87.0,86.56
2014-05-08,86.25,86.48
2014-05-09,86.41,86.8
2014-05-12,87.32,88.23
2014-05-13,88.31,88.29
2014-05-14,88.02,87.83
2014-05-15,87.81,87.135
2014-05-16,87.24,87.71
2014-05-19,87.47,88.32
2014-05-20,88.28,88.0
2014-05-21,88.16,88.84
2014-05-22,88.94,89.23
2014-05-23,89.33,89.88
2014-05-27,90.28,91.001
2014-05-28,90.97,90.72
2014-05-29,91.05,91.3
2014-05-30,91.33,91.31
2014-06-02,91.43,91.22
2014-06-03,90.91,91.18
2014-06-04,90.96,91.52
2014-06-05,91.61,92.29
2014-06-06,92.66,92.82
2014-06-09,92.85,92.75
2014-06-10,92.67,92.91
2014-06-11,92.59,92.89
2014-06-12,92.69,92.05
2014-06-13,92.47,92.32
2014-06-16,92.16,92.4
2014-06-17,92.34,92.45
2014-06-18,92.54,92.97
2014-06-19,93.11,92.91
2014-06-20,92.7,92.77
2014-06-23,92.735,92.79
2014-06-24,92.79,92.7
2014-06-25,92.49,93.29
2014-06-26,93.35,93.34
2014-06-27,93.21,93.75
2014-06-30,93.71,93.91
2014-07-01,94.21,94.94
2014-07-02,94.98,95.1
2014-07-03,95.41,95.7
2014-07-07,95.59,95.41
2014-07-08,95.24,94.26
2014-07-09,94.51,94.96
2014-07-10,93.78,94.66
2014-07-11,94.87,95.27
2014-07-14,95.7,95.84
2014-07-15,95.98,95.51
2014-07-16,96.19,95.89
2014-07-17,95.63,94.619
2014-07-18,95.14,96.12
2014-07-21,95.92,96.0
2014-07-22,96.44,96.61
2014-07-23,96.94,97.227
2014-07-24,97.4,97.12
2014-07-25,96.65,96.74
2014-07-28,96.8,96.77
2014-07-29,96.97,96.6
2014-07-30,97.13,96.98
2014-07-31,96.2,95.02
2014-08-01,94.83,94.67
2014-08-04,94.9,95.32
2014-08-05,94.94,94.59
2014-08-06,93.99,94.52
2014-08-07,94.95,94.22
2014-08-08,94.38,94.9
2014-08-11,95.25,95.46
2014-08-12,95.38,95.42
2014-08-13,95.81,96.43
2014-08-14,96.54,96.93
2014-08-15,97.46,97.4
2014-08-18,97.89,98.15
2014-08-19,98.38,98.7
2014-08-20,98.61,98.7
2014-08-21,98.76,98.9
2014-08-22,98.94,99.05
2014-08-25,99.52,99.4
2014-08-26,99.53,99.5
2014-08-27,99.53,99.52
2014-08-28,99.2,99.41
2014-08-29,99.65,99.78
2014-09-02,100.04,100.07
2014-09-03,100.32,99.48
2014-09-04,99.73,99.39
2014-09-05,99.58,99.89
2014-09-08,99.89,100.08
2014-09-09,100.06,99.25
2014-09-10,99.38,100.07
2014-09-11,99.65,99.99
2014-09-12,99.9,99.48
2014-09-15,99.59,98.52
2014-09-16,98.16,99.38
2014-09-17,99.37,99.53
2014-09-18,99.83,100.28
2014-09-19,100.46,99.98
2014-09-22,99.74,99.05
2014-09-23,98.67,98.78
2014-09-24,98.87,99.84
2014-09-25,99.53,97.74
2014-09-26,98.05,98.78
2014-09-29,97.8,98.65
2014-09-30,98.92,98.79
2014-10-01,98.54,97.21
2014-10-02,97.19,97.21
2014-10-03,97.76,98.17
2014-10-06,98.47,97.96
2014-10-07,97.485,96.57
2014-10-08,96.66,98.45
2014-10-09,98.33,96.86
2014-10-10,96.29,94.44
2014-10-13,94.29,92.96
2014-10-14,93.6,92.97
2014-10-15,91.55,92.37
2014-10-16,90.43,91.79
2014-10-17,92.99,93.0
2014-10-20,92.96,94.39
2014-10-21,95.54,96.87
2014-10-22,97.16,96.37
2014-10-23,97.32,97.82
2014-10-24,97.965,98.62
2014-10-27,98.4,98.69
2014-10-28,99.1,100.18
2014-10-29,99.84,99.81
2014-10-30,99.37,100.02
2014-10-31,101.67,101.4
2014-11-03,101.53,101.7
2014-11-04,101.36,101.36
2014-11-05,102.01,101.37
2014-11-06,101.32,101.69
2014-11-07,101.87,101.6
2014-11-10,101.65,101.96
2014-11-11,101.98,102.28
2014-11-12,101.87,102.46
2014-11-13,102.65,102.9
2014-11-14,102.87,103.22
2014-11-17,102.98,102.91
2014-11-18,103.0,103.68
2014-11-19,103.57,103.21
2014-11-20,102.77,103.67
2014-11-21,104.59,103.87
2014-11-24,104.15,104.68
2014-11-25,104.84,104.84
2014-11-26,104.94,105.52
2014-11-28,105.795,106.01
2014-12-01,105.72,104.81
2014-12-02,104.92,105.23
2014-12-03,105.39,105.42
2014-12-04,105.32,105.37
2014-12-05,105.54,105.38
2014-12-08,105.11,104.63
2014-12-09,103.41,104.96
2014-12-10,104.77,103.31
2014-12-11,103.61,103.8
2014-12-12,102.81,102.67
2014-12-15,103.2,101.61
2014-12-16,100.97,99.98
2014-12-17,100.05,101.8
2014-12-18,103.26,104.25
2014-12-19,103.97,104.32
2014-12-22,104.15,104.58
2014-12-23,104.96,104.21
2014-12-24,104.34,104.3
2014-12-26,104.6,105.04
2014-12-29,104.94,105.02
2014-12-30,104.72,104.32
2014-12-31,104.5,103.25
2015-01-02,103.76,102.94
2015-01-05,102.49,101.43
2015-01-06,101.58,100.07
2015-01-07,100.73,101.36
2015-01-08,102.22,103.3
2015-01-09,103.62,102.62
2015-01-12,102.82,101.55
2015-01-13,102.54,101.52
2015-01-14,100.5,100.96
2015-01-15,101.43,99.65
2015-01-16,99.52,100.82
2015-01-20,101.43,101.62
2015-01-21,101.32,102.14
2015-01-22,102.54,104.03
2015-01-23,104.02,104.26
2015-01-26,104.14,104.14
2015-01-27,102.5,101.44
2015-01-28,103.07,100.92
2015-01-29,100.84,101.89
2015-01-30,101.8,101.1
2015-02-02,101.33,101.98
2015-02-03,102.35,102.96
2015-02-04,102.54,102.87
2015-02-05,103.13,103.76
2015-02-06,103.92,103.13
2015-02-09,102.73,102.8
2015-02-10,103.37,104.4
2015-02-11,104.52,104.78
2015-02-12,105.46,106.0
2015-02-13,106.3,106.91
2015-02-17,106.91,107.01
2015-02-18,106.88,107.16
2015-02-19,107.09,107.69
2015-02-20,107.62,108.41
2015-02-23,108.35,108.52
2015-02-24,108.38,108.6
2015-02-25,108.44,108.33
2015-02-26,108.44,108.88
2015-02-27,108.84,108.4
2015-03-02,108.61,109.38
2015-03-03,109.05,108.87
2015-03-04,108.51,108.45
2015-03-05,108.73,108.64
2015-03-06,108.5,107.41
2015-03-09,107.63,107.72
2015-03-10,106.95,105.72
2015-03-11,105.875,105.11
2015-03-12,105.03,105.8
2015-03-13,105.7,105.34
2015-03-16,105.73,106.7
2015-03-17,106.405,106.87
2015-03-18,106.58,107.92
2015-03-19,108.03,108.08
2015-03-20,108.72,108.53
2015-03-23,108.47,108.32
2015-03-24,108.31,107.93
2015-03-25,108.1,105.46
2015-03-26,104.59,105.1
2015-03-27,105.08,105.52
2015-03-30,106.16,106.73
2015-03-31,106.43,105.6
2015-04-01,105.6,105.05
2015-04-02,105.15,105.12
2015-04-06,104.5,105.98
2015-04-07,105.92,105.8
2015-04-08,105.84,106.64
2015-04-09,106.59,107.31
2015-04-10,107.27,107.75
2015-04-13,107.83,107.48
2015-04-14,107.37,107.17
2015-04-15,107.45,107.84
2015-04-16,107.55,107.69
2015-04-17,106.66,106.01
2015-04-20,106.54,107.6
2015-04-21,108.22,108.06
2015-04-22,108.34,108.65
2015-04-23,108.28,109.06
2015-04-24,110.21,110.54
2015-04-27,110.95,110.26
2015-04-28,110.34,110.04
2015-04-29,109.43,109.35
2015-04-30,108.73,107.63
2015-05-01,108.05,109.05
2015-05-04,109.4,109.23
2015-05-05,108.8,107.45
2015-05-06,107.64,106.71
2015-05-07,106.68,107.35
2015-05-08,108.46,108.69
2015-05-11,108.76,108.27
2015-05-12,107.63,107.78
2015-05-13,108.25,108.0
2015-05-14,108.88,109.58
2015-05-15,109.86,109.58
2015-05-18,109.4,110.06
2015-05-19,110.18,109.94
2015-05-20,110.02,110.01
2015-05-21,109.82,110.58
2015-05-22,110.45,110.47
2015-05-26,110.23,109.2
2015-05-27,109.53,110.96
2015-05-28,110.75,110.71
2015-05-29,110.64,110.05
2015-06-01,110.64,110.42
2015-06-02,110.01,110.07
2015-06-03,110.57,110.4
2015-06-04,109.78,109.56
2015-06-05,109.43,109.3
2015-06-08,109.25,108.19
2015-06-09,107.93,108.01
2015-06-10,108.38,109.49
2015-06-11,109.86,109.65
2015-06-12,109.07,108.75
2015-06-15,107.94,108.21
2015-06-16,108.1,108.8
2015-06-17,108.98,109.1
2015-06-18,109.5,110.69
2015-06-19,110.49,109.89
2015-06-22,110.7,110.7
2015-06-23,110.82,110.79
2015-06-24,110.66,110.22
2015-06-25,110.65,110.0
2015-06-26,109.98,109.27
2015-06-29,108.06,106.69
2015-06-30,107.49,107.07
2015-07-01,108.13,107.92
2015-07-02,108.23,107.95
2015-07-06,107.27,107.7
2015-07-07,107.82,107.97
2015-07-08,107.2,106.09
2015-07-09,107.5,106.03
2015-07-10,107.44,107.65
2015-07-13,108.58,109.54
2015-07-14,109.69,110.26
2015-07-15,110.47,110.38
2015-07-16,111.29,111.94
2015-07-17,112.85,113.59
2015-07-20,113.83,113.98
2015-07-21,114.02,113.91
2015-07-22,112.17,112.62
2015-07-23,112.73,112.2
2015-07-24,112.8,111.1
2015-07-27,110.47,110.18
2015-07-28,110.67,111.13
2015-07-29,111.37,111.55
2015-07-30,111.29,112.08
2015-07-31,112.44,111.95
2015-08-03,111.97,111.6
2015-08-04,111.55,111.39
2015-08-05,112.01,112.25
2015-08-06,112.35,110.45
2015-08-07,110.18,110.31
2015-08-10,111.01,111.57
2015-08-11,110.98,110.14
2015-08-12,109.38,110.52
2015-08-13,110.63,110.34
2015-08-14,110.1,110.51
2015-08-17,110.24,111.43
2015-08-18,111.275,110.86
2015-08-19,110.52,110.13
2015-08-20,109.11,107.08
2015-08-21,105.57,102.4
2015-08-24,94.23,98.46
2015-08-25,102.07,98.09
2015-08-26,100.96,103.03
2015-08-27,104.52,105.64
2015-08-28,105.08,105.62
2015-08-31,105.03,104.31
2015-09-01,101.71,101.05
2015-09-02,102.88,103.9
2015-09-03,104.31,103.39
2015-09-04,101.97,102.16
2015-09-08,104.12,105.04
2015-09-09,106.28,103.86
2015-09-10,103.74,104.99
2015-09-11,104.51,105.57
2015-09-14,105.96,105.25
2015-09-15,105.5,106.49
2015-09-16,106.51,107.09
2015-09-17,106.98,107.13
2015-09-18,105.23,105.35
2015-09-21,105.93,105.68
2015-09-22,104.06,104.1
2015-09-23,104.38,104.18
2015-09-24,103.17,103.8
2015-09-25,104.91,102.92
2015-09-28,102.48,99.99
2015-09-29,100.24,99.47
2015-09-30,100.89,101.76
2015-10-01,101.94,102.22
2015-10-02,100.8,104.01
2015-10-05,104.78,105.5
2015-10-06,105.25,105.0
2015-10-07,105.66,105.63
2015-10-08,105.23,106.05
2015-10-09,106.1,106.53
2015-10-12,106.73,106.79
2015-10-13,106.18,106.1
2015-10-14,106.1,105.93
2015-10-15,106.32,107.67
2015-10-16,107.9,108.12
2015-10-19,107.98,108.74
2015-10-20,108.545,108.18
2015-10-21,108.73,107.52
2015-10-22,108.48,109.71
2015-10-23,112.66,112.78
2015-10-26,112.7,112.85
2015-10-27,112.55,113.08
2015-10-28,113.25,114.02
2015-10-29,113.5,113.84
2015-10-30,113.89,113.33
2015-11-02,113.63,114.61
2015-11-03,114.38,115.01
2015-11-04,115.39,115.02
2015-11-05,115.12,114.71
2015-11-06,114.49,114.79
2015-11-09,114.36,113.57
2015-11-10,112.97,113.28
2015-11-11,113.59,113.14
2015-11-12,112.65,112.04
2015-11-13,111.57,109.84
2015-11-16,109.74,111.42
2015-11-17,111.61,111.49
2015-11-18,111.94,113.63
2015-11-19,113.68,113.71
2015-11-20,114.24,114.48
2015-11-23,114.53,114.15
2015-11-24,113.42,114.05
2015-11-25,114.19,114.15
2015-11-27,114.395,114.31
2015-11-30,114.6,114.02
2015-12-01,114.475,115.16
2015-12-02,115.23,114.45
2015-12-03,114.76,112.51
2015-12-04,112.84,115.14
2015-12-07,115.22,114.62
2015-12-08,113.44,114.63
2015-12-09,114.11,112.89
2015-12-10,113.15,113.4
2015-12-11,112.09,110.81
2015-12-14,110.98,111.63
2015-12-15,112.6,112.31
2015-12-16,113.07,113.98
2015-12-17,114.46,112.32
2015-12-18,111.58,109.83
2015-12-21,110.87,111.05
2015-12-22,111.65,111.78
2015-12-23,112.34,112.61
2015-12-24,112.57,112.59
2015-12-28,112.32,112.53
2015-12-29,113.215,114.3
2015-12-30,114.16,113.27
2015-12-31,112.87,111.86
2016-01-04,109.43,109.5
2016-01-05,110.04,109.31
2016-01-06,107.43,108.26
2016-01-07,105.96,104.87
2016-01-08,105.67,104.01
2016-01-11,104.79,104.33
2016-01-12,105.31,105.54
2016-01-13,106.0,101.9
2016-01-14,102.3,104.07
2016-01-15,100.57,100.84
2016-01-19,102.2,101.06
2016-01-20,99.48,100.75
2016-01-21,101.18,100.85
2016-01-22,102.84,103.77
2016-01-25,103.46,102.23
2016-01-26,102.65,103.15
2016-01-27,102.55,100.58
2016-01-28,102.19,102.0
2016-01-29,101.97,104.13
2016-02-01,103.62,104.41
2016-02-02,103.97,102.15
2016-02-03,102.8,101.66
2016-02-04,101.35,101.65
2016-02-05,101.27,98.12
2016-02-08,96.33,96.62
2016-02-09,95.36,96.32
2016-02-10,97.5,96.69
2016-02-11,95.45,96.55
2016-02-12,97.68,98.02
2016-02-16,99.44,100.23
2016-02-17,101.01,102.5
2016-02-18,102.81,101.33
2016-02-19,100.91,101.63
2016-02-22,102.54,103.28
2016-02-23,102.67,101.58
2016-02-24,100.44,102.55
2016-02-25,102.76,103.56
2016-02-26,104.28,103.43
2016-02-29,103.31,102.5
2016-03-01,103.45,105.79
2016-03-02,105.63,105.83
2016-03-03,105.71,105.63
2016-03-04,105.75,105.67
2016-03-07,105.12,105.02
2016-03-08,104.3,104.15
2016-03-09,104.57,104.82
2016-03-10,105.31,104.66
2016-03-11,105.79,106.49
2016-03-14,106.08,106.67
2016-03-15,106.27,106.63
2016-03-16,106.37,107.58
2016-03-17,107.26,107.52
2016-03-18,107.46,107.37
2016-03-21,107.16,107.79
2016-03-22,107.18,108.12
2016-03-23,107.91,107.23
2016-03-24,106.67,107.26
2016-03-28,107.56,107.11
2016-03-29,106.93,108.83
2016-03-30,109.48,109.36
2016-03-31,109.3,109.2
2016-04-01,108.58,110.36
2016-04-04,110.31,109.94
2016-04-05,109.08,108.88
2016-04-06,109.0,110.67
2016-04-07,110.04,109.08
2016-04-08,109.76,109.0
2016-04-11,109.48,108.6
2016-04-12,108.66,109.51
2016-04-13,110.32,110.91
2016-04-14,110.0,110.92
2016-04-15,110.83,110.64
2016-04-18,110.33,111.23
2016-04-19,111.44,110.55
2016-04-20,110.54,110.64
2016-04-21,110.58,110.65
2016-04-22,109.21,108.98
2016-04-25,108.62,108.98
2016-04-26,109.2,108.45
2016-04-27,107.34,107.58
2016-04-28,107.69,106.28
2016-04-29,106.22,105.72
2016-05-02,105.97,106.72
2016-05-03,105.96,105.73
2016-05-04,105.12,105.05
2016-05-05,105.43,105.02
2016-05-06,104.51,105.58
2016-05-09,105.61,105.88
2016-05-10,106.26,107.33
2016-05-11,107.16,106.36
2016-05-12,106.68,105.89
2016-05-13,105.85,105.5
2016-05-16,105.67,106.82
2016-05-17,106.74,105.48
2016-05-18,105.29,105.86
2016-05-19,105.45,105.31
2016-05-20,105.74,106.47
2016-05-23,106.55,106.33
2016-05-24,106.92,108.46
2016-05-25,108.86,109.24
2016-05-26,109.35,109.56
2016-05-27,109.65,110.13
2016-05-31,110.28,110.34
2016-06-01,110.0,110.35
2016-06-02,110.13,110.58
2016-06-03,110.37,110.06
2016-06-06,110.25,110.46
2016-06-07,110.53,110.18
2016-06-08,110.37,110.37
2016-06-09,109.93,110.19
2016-06-10,109.2,108.94
2016-06-13,108.34,108.03
2016-06-14,107.78,108.03
2016-06-15,108.32,107.72
2016-06-16,107.17,108.04
2016-06-17,107.53,106.49
2016-06-20,107.73,107.16
2016-06-21,107.33,107.5
2016-06-22,107.58,107.24
2016-06-23,108.09,108.77
2016-06-24,104.81,104.29
2016-06-27,103.6,102.22
2016-06-28,103.33,104.46
2016-06-29,105.26,106.31
2016-06-30,106.49,107.54
2016-07-01,107.49,108.08
2016-07-05,107.58,107.42
2016-07-06,106.92,108.3
2016-07-07,108.39,108.62
2016-07-08,109.17,110.3
2016-07-11,110.68,110.93
2016-07-12,111.59,111.49
2016-07-13,111.79,111.22
2016-07-14,111.96,111.98
2016-07-15,112.22,111.8
2016-07-18,111.86,112.54
2016-07-19,112.17,112.13
2016-07-20,112.75,113.44
2016-07-21,113.52,113.18
2016-07-22,113.28,113.65
2016-07-25,113.56,113.66
2016-07-26,113.63,113.79
2016-07-27,114.76,114.58
2016-07-28,114.76,114.98
2016-07-29,115.2,115.23
2016-08-01,115.31,115.84
2016-08-02,115.68,114.96
2016-08-03,114.88,115.34
2016-08-04,115.32,115.67
2016-08-05,116.28,116.78
2016-08-08,116.82,116.65
2016-08-09,116.73,116.92
2016-08-10,116.96,116.62
2016-08-11,117.01,117.12
2016-08-12,116.91,117.2
2016-08-15,117.33,117.7
2016-08-16,117.47,117.05
2016-08-17,117.08,117.26
2016-08-18,117.15,117.29
2016-08-19,117.1,117.26
2016-08-22,117.09,117.35
2016-08-23,117.79,117.56
2016-08-24,117.49,116.8
2016-08-25,116.48,116.61
2016-08-26,116.66,116.78
2016-08-29,116.81,116.94
2016-08-30,116.73,116.56
2016-08-31,116.38,116.44
2016-09-01,116.48,116.74
2016-09-02,117.32,117.12
2016-09-06,117.29,117.85
2016-09-07,117.95,117.92
2016-09-08,117.57,117.23
2016-09-09,116.23,114.28
2016-09-12,113.64,116.33
2016-09-13,115.73,115.29
2016-09-14,115.43,115.84
2016-09-15,115.89,117.64
2016-09-16,117.22,117.29
2016-09-19,117.59,116.78
2016-09-20,117.2,117.0
2016-09-21,117.5,118.15
2016-09-22,118.84,119.09
2016-09-23,118.92,118.33
2016-09-26,117.66,117.34
2016-09-27,117.26,118.5
2016-09-28,118.62,118.7
2016-09-29,118.5,117.84
2016-09-30,118.15,118.72
2016-10-03,118.57,118.55
2016-10-04,118.9,118.37
2016-10-05,118.72,118.79
2016-10-06,118.64,118.73
2016-10-07,118.84,118.47
2016-10-10,119.08,119.22
2016-10-11,119.12,117.52
2016-10-12,117.63,117.42
2016-10-13,116.62,117.0
2016-10-14,117.58,117.14
2016-10-17,117.1,116.82
2016-10-18,118.21,117.86
2016-10-19,117.73,117.85
2016-10-20,117.73,117.71
2016-10-21,117.8,118.15
2016-10-24,118.91,119.57
2016-10-25,119.64,119.19
2016-10-26,118.42,118.38
2016-10-27,118.89,117.84
2016-10-28,117.5,117.1
2016-10-31,117.53,116.99
2016-11-01,117.19,116.11
2016-11-02,116.05,115.18
2016-11-03,115.02,114.05
2016-11-04,113.72,113.65
2016-11-07,115.45,116.35
2016-11-08,116.21,117.11
2016-11-09,115.71,117.65
2016-11-10,118.14,115.75
2016-11-11,115.25,115.8
2016-11-14,115.83,114.66
2016-11-15,115.5,116.22
2016-11-16,115.7,116.91
2016-11-17,116.85,117.76
2016-11-18,117.83,117.32
2016-11-21,117.6,118.54
2016-11-22,118.97,118.9
2016-11-23,118.51,118.42
2016-11-25,118.56,118.8
2016-11-28,118.64,118.53
2016-11-29,118.63,118.94
2016-11-30,119.06,117.5
2016-12-01,117.46,115.47
2016-12-02,115.57,115.7
2016-12-05,116.32,116.6
2016-12-06,116.88,116.88
2016-12-07,116.64,118.36
2016-12-08,118.4,118.57
2016-12-09,119.03,119.5
2016-12-12,118.95,118.96
2016-12-13,119.35,120.46
2016-12-14,120.56,120.21
2016-12-15,120.37,120.4
2016-12-16,120.28,119.6
2016-12-19,119.74,120.09
2016-12-20,120.43,120.55
2016-12-21,120.57,120.46
2016-12-22,120.46,120.12
2016-12-23,119.96,120.2
2016-12-27,120.44,120.82
2016-12-28,121.06,119.88
2016-12-29,119.86,119.71
2016-12-30,119.93,118.48
2017-01-03,119.31,119.54
2017-01-04,119.67,120.19
2017-01-05,120.16,120.87
2017-01-06,120.99,121.93
2017-01-09,122.03,122.33
2017-01-10,122.37,122.6
2017-01-11,122.63,122.93
2017-01-12,122.49,122.74
2017-01-13,122.81,123.16
2017-01-17,122.79,122.79
2017-01-18,122.96,123.04
2017-01-19,123.19,122.98
2017-01-20,123.51,123.25
2017-01-23,123.16,123.35
2017-01-24,123.59,124.18
2017-01-25,124.94,125.43
2017-01-26,125.59,125.56
2017-01-27,125.8,125.8
2017-01-30,125.37,124.82
2017-01-31,124.4,124.57
2017-02-01,125.42,125.43
2017-02-02,125.21,125.32
2017-02-03,125.49,125.68
2017-02-06,125.42,125.83
2017-02-07,126.06,126.29
2017-02-08,126.12,126.5
2017-02-09,126.63,126.96
2017-02-10,127.2,127.38
2017-02-13,127.76,128.1
2017-02-14,128.15,128.53
2017-02-15,128.44,129.29
2017-02-16,129.36,129.25
2017-02-17,129.09,129.81
2017-02-21,130.03,130.45
2017-02-22,130.32,130.5
2017-02-23,130.7,130.01
2017-02-24,129.47,130.26
2017-02-27,130.02,130.42
2017-02-28,130.39,130.02
2017-03-01,130.81,131.44
2017-03-02,131.43,130.78
2017-03-03,130.65,131.02
2017-03-06,130.56,130.73
2017-03-07,130.45,130.51
2017-03-08,130.57,130.74
2017-03-09,130.71,130.84
2017-03-10,131.42,131.39
2017-03-13,131.52,131.61
2017-03-14,131.31,131.29
2017-03-15,131.58,132.1
2017-03-16,132.33,132.01
2017-03-17,131.86,131.69
2017-03-20,131.65,131.81
2017-03-21,132.31,129.81
2017-03-22,129.89,130.69
2017-03-23,130.52,130.36
2017-03-24,130.78,130.63
2017-03-27,129.73,130.84
2017-03-28,130.81,131.64
2017-03-29,131.73,132.25
2017-03-30,132.22,132.47
2017-03-31,132.27,132.38
2017-04-03,132.48,132.3
2017-04-04,131.9,132.51
2017-04-05,132.68,131.97
2017-04-06,132.12,132.04
2017-04-07,131.99,131.97
2017-04-10,132.11,132.02
2017-04-11,131.86,131.45
2017-04-12,131.45,130.92
2017-04-13,130.75,130.4
2017-04-17,130.8,131.48
2017-04-18,131.01,131.28
2017-04-19,131.85,131.49
2017-04-20,132.04,132.59
2017-04-21,132.7,132.56
2017-04-24,134.02,134.16
2017-04-25,134.58,135.13
2017-04-26,135.17,134.94
2017-04-27,135.28,135.75
2017-04-28,136.28,135.99
2017-05-01,136.46,137.2
2017-05-02,137.38,137.43
2017-05-03,137.14,136.99
2017-05-04,137.01,137.04
2017-05-05,137.39,137.54
2017-05-08,137.61,137.84
2017-05-09,138.05,138.32
2017-05-10,138.4,138.4
2017-05-11,138.03,138.29
2017-05-12,138.37,138.6
2017-05-15,138.63,139.04
2017-05-16,139.36,139.62
2017-05-17,138.55,136.07
2017-05-18,136.06,137.26
2017-05-19,137.71,137.84
2017-05-22,138.14,139.0
2017-05-23,139.42,139.14
2017-05-24,139.56,139.78
2017-05-25,140.315,140.97
2017-05-26,141.0,141.22
2017-05-30,141.13,141.34
2017-05-31,141.8,141.29
2017-06-01,141.57,141.84
2017-06-02,142.34,143.46
2017-06-05,143.44,143.43
2017-06-06,143.28,142.86
2017-06-07,143.23,143.42
2017-06-08,143.74,143.57
2017-06-09,143.73,139.98
2017-06-12,138.84,139.23
2017-06-13,140.01,140.36
2017-06-14,140.92,139.75
2017-06-15,138.35,139.13
2017-06-16,138.72,138.15
2017-06-19,139.45,140.46
2017-06-20,140.31,139.36
2017-06-21,139.66,140.74
2017-06-22,140.94,140.7
2017-06-23,140.53,141.24
2017-06-26,142.0,140.58
2017-06-27,140.07,138.03
2017-06-28,138.54,140.02
2017-06-29,139.4,137.59
2017-06-30,138.0,137.64
2017-07-03,138.25,136.19
2017-07-05,136.57,137.53
2017-07-06,136.47,136.29
2017-07-07,136.74,137.76
2017-07-10,137.84,138.66
2017-07-11,138.44,139.05
2017-07-12,140.21,140.7
2017-07-13,140.85,141.01
2017-07-14,141.57,142.12
2017-07-17,142.25,142.19
2017-07-18,142.06,143.14
2017-07-19,143.53,143.98
2017-07-20,144.31,144.17
2017-07-21,143.62,144.11
2017-07-24,144.07,144.77
2017-07-25,144.29,144.4
2017-07-26,144.74,144.87
2017-07-27,145.86,143.96
2017-07-28,143.14,143.84
2017-07-31,144.22,143.23
2017-08-01,143.7,143.56
2017-08-02,144.45,143.95
2017-08-03,144.17,143.39
2017-08-04,143.65,143.65
2017-08-07,143.89,144.56
2017-08-08,144.27,144.31
2017-08-09,143.14,144.12
2017-08-10,143.33,141.03
2017-08-11,141.24,142.1
2017-08-14,143.23,143.93
2017-08-15,144.22,144.03
2017-08-16,144.37,144.28
2017-08-17,143.73,141.33
2017-08-18,141.43,141.23
2017-08-21,141.23,141.05
2017-08-22,141.8,143.2
2017-08-23,142.5,142.69
2017-08-24,143.03,142.27
2017-08-25,142.8,141.97
2017-08-28,142.41,142.41
2017-08-29,141.18,142.97
2017-08-30,143.11,144.65
2017-08-31,145.03,146.2
2017-09-01,146.36,146.0
2017-09-05,145.55,144.69
2017-09-06,145.06,145.13
2017-09-07,145.4,145.47
2017-09-08,145.28,144.21
2017-09-11,145.3,145.87
2017-09-12,146.25,146.22
2017-09-13,145.95,146.42
2017-09-14,145.85,145.56
2017-09-15,145.56,146.06
2017-09-18,145.88,145.55
2017-09-19,145.81,145.8
2017-09-20,145.75,145.35
2017-09-21,145.25,144.46
2017-09-22,144.0,144.32
2017-09-25,143.75,142.8
2017-09-26,143.51,143.17
2017-09-27,143.93,144.46
2017-09-28,144.14,144.41
2017-09-29,144.7,145.45
2017-10-02,145.67,145.58
2017-10-03,145.74,145.89
2017-10-04,145.6,146.03
2017-10-05,146.54,147.46
2017-10-06,146.97,147.66
2017-10-09,147.86,147.49
2017-10-10,147.98,147.6
2017-10-11,147.53,148.04
2017-10-12,147.84,147.77
2017-10-13,148.4,148.34
2017-10-16,148.7,148.85
2017-10-17,148.79,149.04
2017-10-18,149.21,148.86
2017-10-19,148.02,148.31
2017-10-20,148.91,148.71
2017-10-23,149.01,147.74
2017-10-24,148.0,147.99
2017-10-25,147.7,147.43
2017-10-26,147.36,146.96
2017-10-27,149.33,151.24
2017-10-30,151.08,151.58
2017-10-31,152.04,152.15
2017-11-01,152.75,152.1
2017-11-02,151.92,151.81
2017-11-03,152.39,153.27
2017-11-06,153.13,153.79
2017-11-07,153.67,153.88
2017-11-08,153.81,154.5
2017-11-09,153.26,153.69
2017-11-10,153.36,153.68
2017-11-13,153.12,153.87
2017-11-14,153.31,153.31
2017-11-15,152.61,152.59
2017-11-16,153.38,154.54
2017-11-17,154.58,153.95
2017-11-20,154.08,153.83
2017-11-21,154.56,155.5
2017-11-22,155.63,155.69
2017-11-24,155.86,156.26
2017-11-27,156.2,156.19
2017-11-28,156.52,156.59
2017-11-29,156.45,153.86
2017-11-30,154.46,155.15
2017-12-01,154.19,154.49
2017-12-04,155.47,152.71
2017-12-05,152.64,152.81
2017-12-06,152.26,153.5
2017-12-07,153.49,154.02
2017-12-08,155.1,154.7
2017-12-11,154.76,155.9
2017-12-12,155.81,155.69
2017-12-13,156.28,155.99
2017-12-14,156.28,155.88
2017-12-15,156.49,157.65
2017-12-18,158.29,158.64
2017-12-19,158.34,157.7
2017-12-20,158.25,157.53
2017-12-21,157.73,157.55
2017-12-22,157.31,157.37
2017-12-26,156.53,156.52
2017-12-27,156.52,156.54
2017-12-28,157.05,156.73
2017-12-29,156.9,155.76
2018-01-02,156.5,158.49
2018-01-03,158.61,160.03
2018-01-04,160.59,160.31
2018-01-05,161.04,161.92
2018-01-08,161.9,162.55
2018-01-09,162.85,162.56
2018-01-10,161.8,162.18
2018-01-11,162.48,163.29
2018-01-12,163.03,164.49
2018-01-16,165.55,164.02
2018-01-17,164.77,165.79
2018-01-18,165.55,165.82
2018-01-19,166.32,166.34
2018-01-22,166.27,168.12
2018-01-23,168.64,169.51
2018-01-24,169.81,168.41
2018-01-25,169.55,168.35
2018-01-26,169.27,170.93
2018-01-29,170.52,170.1
2018-01-30,168.55,168.7
2018-01-31,169.67,169.4
2018-02-01,168.12,167.96
2018-02-02,167.34,164.61
2018-02-05,163.13,158.12
2018-02-06,155.96,162.31
2018-02-07,161.79,160.21
2018-02-08,160.69,153.45
2018-02-09,155.66,156.1
2018-02-12,157.67,158.87
2018-02-13,157.98,159.69
2018-02-14,158.79,162.68
2018-02-15,164.14,165.7
2018-02-16,165.18,164.96
2018-02-20,164.39,165.29
2018-02-21,166.06,164.82
2018-02-22,165.54,164.8
2018-02-23,166.06,168.17
2018-02-26,168.93,170.4
2018-02-27,170.42,168.29
2018-02-28,169.25,167.21
2018-03-01,167.29,164.48
2018-03-02,162.59,165.99
2018-03-05,165.26,167.83
2018-03-06,168.61,168.54
2018-03-07,167.26,168.93
2018-03-08,169.54,169.86
2018-03-09,171.1,173.16
2018-03-12,173.65,174.08
2018-03-13,174.8,171.71
2018-03-14,172.58,171.68
2018-03-15,171.83,171.53
2018-03-16,171.78,171.02
2018-03-19,169.16,167.1
2018-03-20,167.1,167.65
2018-03-21,167.23,166.92
2018-03-22,164.7,162.8
2018-03-23,162.6,158.51
2018-03-26,161.68,164.4
2018-03-27,165.6,159.08
2018-03-28,158.25,157.25
2018-03-29,158.13,160.13
2018-04-02,159.0,155.51
2018-04-03,156.92,157.26
2018-04-04,154.27,159.74
2018-04-05,161.33,160.65
2018-04-06,158.94,156.63
2018-04-09,158.01,157.73
2018-04-10,160.13,161.21
2018-04-11,160.2,160.28
2018-04-12,161.3,162.21
2018-04-13,163.01,161.37
2018-04-16,162.45,162.6
2018-04-17,164.19,166.1
2018-04-18,166.12,166.44
2018-04-19,165.65,164.91
2018-04-20,164.49,162.3
2018-04-23,163.08,161.89
2018-04-24,162.62,158.46
2018-04-25,158.8,158.65
2018-04-26,160.72,161.99
2018-04-27,164.35,162.09
2018-04-30,162.48,160.94
2018-05-01,160.52,162.78
2018-05-02,163.1,161.82
2018-05-03,161.08,161.8
2018-05-04,161.11,164.87
2018-05-07,165.64,166.24
2018-05-08,165.83,166.07
2018-05-09,166.4,167.88
2018-05-10,168.43,169.62
2018-05-11,169.35,169.46
2018-05-14,169.84,169.75
2018-05-15,168.4,167.87
2018-05-16,168.1,168.98
2018-05-17,168.4,168.33
2018-05-18,167.71,167.46
2018-05-21,168.73,168.4
2018-05-22,169.15,168.18
2018-05-23,166.9,169.6
2018-05-24,169.56,169.55
2018-05-25,169.54,169.72
2018-05-29,168.91,168.97
2018-05-30,169.63,170.18
2018-05-31,170.13,170.07
2018-06-01,170.88,172.74
2018-06-04,173.16,174.3
2018-06-05,174.69,174.84
2018-06-06,175.025,175.86
2018-06-07,175.91,174.43
2018-06-08,173.57,174.44
2018-06-11,174.3,174.91
2018-06-12,175.15,175.83
2018-06-13,176.09,175.82
2018-06-14,176.62,177.6
2018-06-15,176.98,176.98
2018-06-18,175.53,176.5
2018-06-19,174.26,176.0
2018-06-20,176.79,177.25
2018-06-21,177.69,175.71
2018-06-22,176.31,175.32
2018-06-25,173.76,171.37
2018-06-26,171.99,172.07
2018-06-27,172.77,169.73
2018-06-28,169.52,171.19
2018-06-29,172.0,171.65
2018-07-02,170.04,172.8
2018-07-03,173.41,170.8
2018-07-05,171.91,172.92
2018-07-06,173.31,175.61
2018-07-09,176.49,177.19
2018-07-10,177.41,177.32
2018-07-11,175.96,176.42
2018-07-12,177.21,179.46
2018-07-13,179.42,179.61
2018-07-16,179.64,179.18
2018-07-17,177.3,180.27
2018-07-18,180.28,179.93
2018-07-19,179.34,179.03
2018-07-20,179.57,178.99
2018-07-23,178.45,179.56
2018-07-24,181.39,180.22
2018-07-25,180.36,182.82
2018-07-26,180.35,180.05
2018-07-27,181.26,177.62
2018-07-30,177.66,175.11
2018-07-31,175.75,176.45
2018-08-01,176.87,177.12
2018-08-02,175.87,179.53
2018-08-03,179.8,180.08
2018-08-06,179.97,181.14
2018-08-07,181.63,181.8
2018-08-08,181.55,182.02
2018-08-09,181.94,181.91
2018-08-10,180.68,180.52
2018-08-13,180.85,180.32
2018-08-14,181.01,181.45
2018-08-15,180.09,179.23
2018-08-16,180.57,179.82
2018-08-17,179.36,179.86
2018-08-20,180.28,179.7
2018-08-21,180.26,180.36
2018-08-22,179.96,181.06
2018-08-23,180.77,180.8
2018-08-24,181.4,182.48
2018-08-27,183.43,184.34
2018-08-28,184.8,184.61
2018-08-29,184.91,186.74
2018-08-30,186.41,186.41
2018-08-31,186.18,186.65
2018-09-04,186.1,185.85
2018-09-05,185.55,183.45
2018-09-06,183.54,181.81
2018-09-07,180.53,181.11
2018-09-10,182.12,181.72
2018-09-11,180.97,183.12
2018-09-12,182.87,182.58
2018-09-13,183.67,184.53
2018-09-14,184.66,183.99
2018-09-17,183.66,181.34
2018-09-18,181.52,182.84
2018-09-19,182.86,182.7
2018-09-20,183.95,184.72
2018-09-21,185.27,183.71
2018-09-24,182.05,183.89
2018-09-25,183.78,184.14
2018-09-26,184.25,184.27
2018-09-27,185.04,185.83
2018-09-28,185.25,185.79
2018-10-01,186.82,186.17
2018-10-02,185.95,185.75
2018-10-03,186.52,185.95
2018-10-04,185.22,182.38
2018-10-05,182.39,180.15
2018-10-08,179.37,179.05
2018-10-09,179.2,179.63
2018-10-10,178.53,171.73
2018-10-11,171.04,169.6
2018-10-12,173.99,174.32
2018-10-15,173.69,172.21
2018-10-16,174.02,177.22
2018-10-17,178.14,177.29
2018-10-18,176.6,173.18
2018-10-19,174.39,173.02
2018-10-22,174.06,173.91
2018-10-23,170.79,173.27
2018-10-24,173.12,165.34
2018-10-25,167.99,171.06
2018-10-26,165.24,166.66
2018-10-29,169.16,163.23
2018-10-30,162.8,165.92
2018-10-31,168.55,169.82
2018-11-01,170.08,172.06
2018-11-02,171.53,169.38
2018-11-05,169.61,168.96
2018-11-06,168.93,170.24
2018-11-07,172.25,175.58
2018-11-08,174.76,174.46
2018-11-09,172.83,171.52
2018-11-12,170.33,166.33
2018-11-13,167.15,166.47
2018-11-14,168.09,165.2
2018-11-15,164.84,168.09
2018-11-16,166.49,167.5
2018-11-19,166.74,162.06
2018-11-20,158.37,159.16
2018-11-21,161.29,160.37
2018-11-23,159.09,159.21
2018-11-26,161.44,162.89
2018-11-27,162.0,163.44
2018-11-28,164.62,168.7
2018-11-29,168.0,168.15
2018-11-30,168.38,169.37
2018-12-03,173.1,172.33
2018-12-04,171.38,165.72
2018-12-06,162.46,166.89
2018-12-07,166.13,161.38
2018-12-10,161.11,163.07
2018-12-11,165.66,163.61
2018-12-12,166.06,165.05
2018-12-13,166.06,165.1
2018-12-14,163.19,161.08
2018-12-17,160.41,157.43
2018-12-18,158.67,158.42
2018-12-19,158.24,154.53
2018-12-20,154.16,152.29
2018-12-21,153.06,147.57
2018-12-24,146.14,143.5
2018-12-26,145.12,152.46
2018-12-27,150.57,153.05
2018-12-28,154.01,152.97
2018-12-31,154.47,154.26
2019-01-02,150.99,154.88
2019-01-03,152.6,149.82
2019-01-04,152.18,156.23
2019-01-07,156.54,158.09
2019-01-08,159.56,159.52
2019-01-09,160.15,160.82
2019-01-10,159.59,161.28
2019-01-11,160.32,160.69
2019-01-14,159.32,159.27
2019-01-15,159.97,162.38
2019-01-16,162.63,162.35
2019-01-17,161.84,163.63
2019-01-18,164.84,165.25
2019-01-22,164.05,161.94
2019-01-23,162.77,162.15
2019-01-24,162.66,163.2
2019-01-25,164.48,165.15
2019-01-28,163.03,163.11
2019-01-29,163.2,161.57
2019-01-30,163.39,165.68
2019-01-31,166.65,168.16
2019-02-01,167.37,167.45
2019-02-04,167.51,169.53
2019-02-05,169.75,171.03
2019-02-06,171.06,170.52
2019-02-07,169.03,168.23
2019-02-08,166.73,168.56
2019-02-11,169.14,168.4
2019-02-12,169.59,170.89
2019-02-13,171.62,171.01
2019-02-14,170.38,171.22
2019-02-15,172.51,171.94
2019-02-19,171.39,172.28
2019-02-20,172.43,172.25
2019-02-21,171.77,171.62
2019-02-22,171.98,172.89
2019-02-25,174.2,173.52
2019-02-26,173.04,173.7
2019-02-27,172.92,173.59
2019-02-28,173.04,173.19
2019-03-01,174.41,174.39
2019-03-04,175.37,174.42
2019-03-05,174.52,174.55
2019-03-06,174.68,173.56
2019-03-07,173.09,171.43
2019-03-08,169.51,171.17
2019-03-11,171.86,174.73
2019-03-12,175.17,175.69
2019-03-13,176.6,177.01
2019-03-14,177.115,176.71
2019-03-15,177.43,178.35
2019-03-18,177.95,178.45
2019-03-19,179.16,179.05
2019-03-20,179.06,179.76
2019-03-21,179.24,182.57
2019-03-22,181.76,178.56
2019-03-25,177.92,178.22
2019-03-26,179.58,179.05
2019-03-27,179.27,177.9
2019-03-28,178.36,178.31
2019-03-29,179.63,179.66
2019-04-01,181.42,182.04
2019-04-02,182.23,182.73
2019-04-03,183.74,183.78
2019-04-04,183.81,183.71
2019-04-05,184.3,184.66
2019-04-08,184.37,185.13
2019-04-09,184.5,184.48
2019-04-10,184.75,185.47
2019-04-11,185.77,185.03
2019-04-12,185.86,185.83
2019-04-15,185.81,185.86
2019-04-16,186.51,186.5
2019-04-17,187.75,187.15
2019-04-18,187.48,187.39
2019-04-22,186.54,187.92
2019-04-23,188.37,190.31
2019-04-24,190.44,189.71
2019-04-25,191.15,190.48
2019-04-26,190.2,190.65
2019-04-29,190.62,191.02
2019-04-30,189.48,189.54
2019-05-01,190.76,188.93
2019-05-02,188.88,188.11
2019-05-03,189.69,191.11
2019-05-06,187.1,189.94
2019-05-07,187.86,186.24
2019-05-08,185.68,185.77
2019-05-09,183.76,184.77
2019-05-10,184.06,185.0
2019-05-13,180.3,178.58
2019-05-14,179.51,180.54
2019-05-15,179.39,183.09
2019-05-16,183.11,184.93
2019-05-17,183.1,183.04
2019-05-20,180.51,179.95
2019-05-21,181.5,181.83
2019-05-22,180.81,181.02
2019-05-23,179.0,178.25
2019-05-24,179.3,178.16
2019-05-28,178.67,177.49
2019-05-29,176.45,176.03
2019-05-30,176.54,176.77
2019-05-31,174.71,173.95
2019-06-03,173.52,170.12
2019-06-04,171.98,174.91
2019-06-05,176.6,176.21
2019-06-06,176.52,177.61
2019-06-07,178.5,181.04
2019-06-10,182.23,183.15
2019-06-11,185.07,183.4
2019-06-12,182.88,182.34
2019-06-13,183.12,183.42
2019-06-14,182.44,182.64
2019-06-17,183.01,183.74
2019-06-18,185.88,186.41
2019-06-19,186.73,187.11
2019-06-20,189.72,188.85
2019-06-21,188.57,188.57
2019-06-24,188.52,188.16
2019-06-25,188.06,184.93
2019-06-26,186.13,185.79
2019-06-27,186.47,186.5
2019-06-28,186.95,186.74
2019-07-01,190.3,189.26
2019-07-02,189.19,190.01
2019-07-03,190.45,191.44
2019-07-05,190.15,191.05
2019-07-08,189.86,189.71
2019-07-09,188.79,190.66
2019-07-10,191.79,192.56
2019-07-11,192.88,192.42
2019-07-12,192.63,193.53
2019-07-15,193.97,194.15
2019-07-16,193.86,193.15
2019-07-17,193.2,192.2
2019-07-18,191.3,192.42
2019-07-19,193.82,191.01
2019-07-22,191.5,192.53
2019-07-23,193.58,193.79
2019-07-24,193.07,195.15
2019-07-25,194.48,193.3
2019-07-26,194.52,195.29
2019-07-29,195.18,194.62
2019-07-30,193.16,193.78
2019-07-31,194.31,191.1
2019-08-01,191.51,190.15
2019-08-02,188.82,187.35
2019-08-05,183.51,180.73
2019-08-06,182.38,183.26
2019-08-07,181.32,184.25
2019-08-08,185.15,188.26
2019-08-09,187.32,186.49
2019-08-12,185.34,184.35
2019-08-13,184.27,188.39
2019-08-14,185.31,182.76
2019-08-15,183.11,182.55
2019-08-16,184.11,185.48
2019-08-19,188.03,188.43
2019-08-20,188.0,186.97
2019-08-21,188.66,188.63
2019-08-22,188.98,188.02
2019-08-23,186.76,182.07
2019-08-26,184.19,184.82
2019-08-27,186.08,184.43
2019-08-28,183.84,185.09
2019-08-29,187.37,187.92
2019-08-30,188.94,187.47
2019-09-03,186.26,185.65
2019-09-04,187.43,188.33
2019-09-05,190.39,191.78
2019-09-06,192.03,191.59
2019-09-09,192.18,191.19
2019-09-10,190.19,190.64
2019-09-11,190.98,192.43
2019-09-12,193.64,193.23
2019-09-13,192.95,192.54
2019-09-16,191.3,191.68
2019-09-17,191.7,192.6
2019-09-18,192.2,192.52
2019-09-19,192.86,192.84
2019-09-20,193.11,190.8
2019-09-23,190.36,190.5
2019-09-24,191.37,187.97
2019-09-25,187.79,190.08
2019-09-26,189.87,189.38
2019-09-27,189.7,187.03
2019-09-30,187.75,188.81
2019-10-01,189.54,187.27
2019-10-02,186.01,184.05
2019-10-03,184.07,186.07
2019-10-04,186.99,188.81
2019-10-07,188.23,188.24
2019-10-08,187.01,185.42
2019-10-09,186.96,187.23
2019-10-10,187.25,188.68
2019-10-11,190.8,191.11
2019-10-14,190.82,191.09
2019-10-15,191.65,193.52
2019-10-16,192.88,193.04
2019-10-17,194.18,193.55
2019-10-18,193.26,191.69
2019-10-21,192.65,193.39
2019-10-22,194.06,191.85
2019-10-23,191.43,192.22
2019-10-24,193.62,194.09
2019-10-25,193.09,195.64
2019-10-28,196.57,197.57
2019-10-29,197.24,196.04
2019-10-30,196.42,196.99
2019-10-31,197.56,197.08
2019-11-01,197.93,198.87
2019-11-04,200.19,200.1
2019-11-05,200.35,200.21
2019-11-06,199.98,199.76
2019-11-07,200.76,200.43
2019-11-08,200.02,201.23
2019-11-11,200.23,200.96
2019-11-12,201.13,201.54
2019-11-13,200.84,201.59
2019-11-14,200.83,201.43
2019-11-15,202.61,202.91
2019-11-18,202.61,203.07
2019-11-19,203.84,203.37
2019-11-20,202.85,202.15
2019-11-21,201.94,201.7
2019-11-22,202.17,201.83
2019-11-25,202.67,204.22
2019-11-26,204.32,204.61
2019-11-27,205.13,206.04
2019-11-29,205.59,205.1
2019-12-02,205.11,203.0
2019-12-03,200.32,201.41
2019-12-04,202.49,202.43
2019-12-05,203.15,202.83
2019-12-06,204.25,205.0
2019-12-09,204.63,204.07
2019-12-10,204.17,203.9
2019-12-11,204.37,204.98
2019-12-12,204.77,206.51
2019-12-13,206.36,207.19
2019-12-16,208.5,209.27
2019-12-17,209.5,209.39
2019-12-18,209.6,209.55
2019-12-19,209.64,210.86
2019-12-20,211.81,211.71
2019-12-23,212.03,211.81
2019-12-24,211.97,211.92
2019-12-26,212.26,213.79
2019-12-27,214.55,213.61
2019-12-30,213.51,212.21
2019-12-31,211.62,212.61
2020-01-02,214.4,216.16
2020-01-03,213.29,214.18
2020-01-06,212.49,215.56
2020-01-07,215.64,215.53
2020-01-08,215.47,217.15
2020-01-09,218.91,218.99
2020-01-10,219.76,218.43
2020-01-13,219.31,220.95
2020-01-14,220.75,220.08
2020-01-15,220.18,220.17
2020-01-16,221.24,222.28
2020-01-17,223.24,223.38
2020-01-21,222.73,223.28
2020-01-22,224.38,223.87
2020-01-23,223.71,224.59
2020-01-24,225.62,222.7
2020-01-27,217.72,218.1
2020-01-28,219.6,221.45
2020-01-29,222.66,221.81
2020-01-30,220.37,222.6
2020-01-31,223.5,219.07
2020-02-03,220.14,222.38
2020-02-04,225.39,227.47
2020-02-05,230.22,228.22
2020-02-06,228.77,230.19
2020-02-07,229.16,229.2
2020-02-10,228.43,231.97
2020-02-11,233.21,232.01
2020-02-12,233.34,234.27
2020-02-13,232.62,233.97
2020-02-14,234.28,234.64
2020-02-18,233.47,234.73
2020-02-19,236.07,236.98
2020-02-20,236.46,234.78
2020-02-21,233.64,230.27
2020-02-24,221.84,221.39
2020-02-25,223.19,215.37
2020-02-26,216.67,216.48
2020-02-27,211.05,205.64
2020-02-28,198.92,205.8
2020-03-02,208.88,216.42
2020-03-03,217.11,209.48
2020-03-04,213.32,218.22
2020-03-05,212.69,211.59
2020-03-06,204.67,208.02
2020-03-09,193.48,193.57
2020-03-10,201.11,204.11
2020-03-11,199.35,195.22
2020-03-12,182.09,177.32
2020-03-13,187.07,192.34
2020-03-16,174.15,169.3
2020-03-17,175.47,182.14
2020-03-18,171.605,176.6
2020-03-19,175.69,177.66
2020-03-20,181.74,170.7
2020-03-23,170.92,170.46
2020-03-24,179.91,183.66
2020-03-25,184.42,182.3
2020-03-26,183.87,191.9
2020-03-27,186.93,185.3
2020-03-30,187.1,192.04
2020-03-31,191.53,190.4
2020-04-01,184.81,182.31
2020-04-02,181.59,186.01
2020-04-03,185.5,183.37
2020-04-06,190.38,196.48
2020-04-07,202.14,196.4
2020-04-08,198.084,200.57
2020-04-09,202.27,200.86
2020-04-13,199.92,203.03
2020-04-14,207.17,211.86
2020-04-15,208.48,209.43
2020-04-16,211.78,213.25
2020-04-17,215.96,215.29
2020-04-20,213.27,212.74
2020-04-21,210.63,204.89
2020-04-22,209.14,210.97
2020-04-23,211.8,210.52
2020-04-24,210.94,213.84
2020-04-27,216.18,215.56
2020-04-28,217.27,211.5
2020-04-29,216.21,219.0
2020-04-30,220.01,218.91
2020-05-01,214.54,212.74
2020-05-04,211.61,215.22
2020-05-05,217.4,217.66
2020-05-06,219.37,219.0
2020-05-07,221.75,221.82
2020-05-08,223.55,224.86
2020-05-11,223.5,226.87
2020-05-12,227.48,222.12
2020-05-13,222.65,219.34
2020-05-14,218.12,221.83
2020-05-15,218.77,223.27
2020-05-18,226.28,227.43
2020-05-19,227.66,226.86
2020-05-20,229.48,231.39
2020-05-21,231.49,228.87
2020-05-22,228.46,229.66
2020-05-26,233.44,229.04
2020-05-27,228.51,230.29
2020-05-28,229.05,229.99
2020-05-29,230.43,233.36
2020-06-01,232.4,234.06
2020-06-02,234.42,235.63
2020-06-03,236.23,236.69
2020-06-04,236.32,235.03
2020-06-05,236.06,239.69
2020-06-08,239.54,241.55
2020-06-09,240.66,243.3
2020-06-10,245.0,246.22
2020-06-11,242.29,234.02
2020-06-12,239.09,235.88
2020-06-15,232.44,238.75
2020-06-16,243.78,242.85
2020-06-17,244.4,243.62
2020-06-18,243.29,244.28
2020-06-19,246.74,244.24
2020-06-22,243.77,246.74
2020-06-23,248.39,248.84
2020-06-24,247.99,243.71
2020-06-25,243.91,246.03
2020-06-26,245.75,240.22
2020-06-29,239.98,242.84
2020-06-30,242.77,247.6
2020-07-01,247.66,250.49
2020-07-02,252.97,252.19
2020-07-06,255.46,258.39
2020-07-07,258.1,256.61
2020-07-08,258.0,259.99
2020-07-09,261.89,262.18
2020-07-10,262.0,263.97
2020-07-13,266.87,258.54
2020-07-14,256.07,260.37
2020-07-15,261.68,260.9
2020-07-16,257.97,259.12
2020-07-17,259.71,259.42
2020-07-20,260.12,266.78
2020-07-21,268.41,264.0
2020-07-22,264.46,264.93
2020-07-23,264.55,258.01
2020-07-24,254.12,255.56
2020-07-27,257.36,260.12
2020-07-28,259.33,256.81
2020-07-29,258.33,259.77
2020-07-30,257.78,261.13
2020-07-31,265.83,265.79
2020-08-03,268.05,269.38
2020-08-04,268.74,270.38
2020-08-05,270.83,271.05
2020-08-06,270.78,274.64
2020-08-07,274.04,271.47
2020-08-10,271.74,270.31
2020-08-11,269.1,265.19
2020-08-12,267.37,271.86
2020-08-13,272.64,272.48
2020-08-14,273.01,272.16
2020-08-17,273.91,275.32
2020-08-18,276.41,277.97
2020-08-19,277.93,276.1
2020-08-20,275.3,279.93
2020-08-21,280.07,281.87
2020-08-24,285.06,283.63
2020-08-25,282.78,285.86
2020-08-26,287.11,291.96
2020-08-27,293.08,291.05
2020-08-28,292.27,292.53
2020-08-31,293.16,294.88
2020-09-01,297.6,299.92
2020-09-02,303.26,302.76
2020-09-03,298.2,287.41
2020-09-04,285.76,283.58
2020-09-08,272.27,269.95
2020-09-09,275.54,277.88
2020-09-10,280.97,272.34
2020-09-11,274.33,270.45
2020-09-14,274.28,275.16
2020-09-15,278.9,279.06
2020-09-16,279.77,274.61
2020-09-17,267.52,270.32
2020-09-18,271.62,266.87
2020-09-21,262.52,267.51
2020-09-22,270.05,272.48
2020-09-23,272.15,264.16
2020-09-24,261.58,265.39
2020-09-25,265.82,271.56
2020-09-28,276.615,277.2
2020-09-29,276.72,275.95
2020-09-30,276.09,277.84
2020-10-01,281.79,282.25
2020-10-02,276.01,274.31
2020-10-05,276.34,280.16
2020-10-06,279.29,275.16
2020-10-07,277.83,279.92
2020-10-08,282.32,281.41
2020-10-09,283.09,285.71
2020-10-12,290.6,294.53
2020-10-13,296.34,294.52
2020-10-14,295.32,292.06
2020-10-15,287.25,290.1
2020-10-16,291.8,288.51
2020-10-19,290.49,283.8
2020-10-20,284.56,284.41
2020-10-21,284.67,284.19
2020-10-22,285.05,284.18
2020-10-23,284.79,284.74
2020-10-26,282.32,280.47
2020-10-27,281.42,282.66
2020-10-28,278.13,271.64
2020-10-29,273.04,276.39
2020-10-30,274.375,269.38
2020-11-02,271.73,269.98
2020-11-03,271.86,274.65
2020-11-04,283.56,286.91
2020-11-05,293.41,294.39
2020-11-06,293.58,294.61
2020-11-09,297.31,288.59
2020-11-10,285.26,283.42
2020-11-11,285.92,289.76
2020-11-12,290.72,288.4
2020-11-13,290.01,290.93
2020-11-16,290.68,293.2
2020-11-17,293.4,292.27
2020-11-18,291.7,290.11
2020-11-19,289.48,292.38
2020-11-20,292.3,290.38
2020-11-23,291.41,290.39
2020-11-24,291.49,294.47
2020-11-25,295.44,296.28
2020-11-27,298.29,299.01
2020-11-30,299.3,299.62
2020-12-01,301.87,303.46
2020-12-02,302.22,303.85
2020-12-03,304.07,304.28
2020-12-04,304.33,305.52
2020-12-07,305.71,307.25
2020-12-08,306.76,308.29
2020-12-09,308.07,301.31
2020-12-10,299.21,302.52
2020-12-11,300.81,301.85
2020-12-14,303.08,304.04
2020-12-15,306.37,307.29
2020-12-16,307.7,308.98
2020-12-17,310.63,311.0
2020-12-18,311.66,310.06
2020-12-21,306.46,308.92
2020-12-22,309.85,309.76
2020-12-23,309.81,308.2
2020-12-24,308.47,309.56
2020-12-28,312.25,312.68
2020-12-29,314.05,312.96
2020-12-30,314.16,312.97
2020-12-31,312.87,313.74
2021-01-04,315.11,309.31
2021-01-05,308.29,311.86
2021-01-06,307.0,307.54
2021-01-07,310.28,314.98
2021-01-08,317.34,319.03
2021-01-11,315.98,314.42
2021-01-12,314.46,313.92
2021-01-13,314.19,316.04
2021-01-14,316.5,314.35
2021-01-15,314.13,311.86
2021-01-19,314.25,316.41
2021-01-20,320.14,323.77
2021-01-21,325.15,326.36
2021-01-22,325.29,325.42
2021-01-25,328.91,328.11
2021-01-26,328.85,328.59
2021-01-27,326.26,319.43
2021-01-28,320.67,321.32
2021-01-29,319.58,314.56
2021-02-01,318.11,322.42
2021-02-02,325.48,327.68
2021-02-03,329.82,326.38
2021-02-04,327.82,330.24
2021-02-05,331.22,331.36
2021-02-08,333.1,333.58
2021-02-09,332.62,333.51
2021-02-10,334.99,332.75
2021-02-11,334.33,334.58
2021-02-12,333.71,336.45
2021-02-16,337.27,335.54
2021-02-17,332.47,333.93
2021-02-18,330.23,332.47
2021-02-19,333.86,331.02
2021-02-22,326.5,322.44
2021-02-23,317.0,321.48
2021-02-24,318.74,324.13
2021-02-25,321.39,312.83
2021-02-26,315.85,314.14
2021-03-01,319.48,323.59
2021-03-02,324.25,318.4
2021-03-03,317.27,309.16
2021-03-04,308.78,304.1
2021-03-05,306.95,308.68
2021-03-08,308.12,299.94
2021-03-09,307.47,311.77
2021-03-10,316.16,310.88
2021-03-11,315.77,318.04
2021-03-12,313.86,315.46
2021-03-15,315.79,318.83
2021-03-16,321.09,320.58
2021-03-17,317.45,321.9
2021-03-18,316.87,312.04
2021-03-19,311.87,313.14
2021-03-22,315.21,318.61
2021-03-23,319.73,317.22
2021-03-24,318.63,311.87
2021-03-25,309.968,311.33
2021-03-26,311.11,316.0
2021-03-29,315.45,315.91
2021-03-30,313.89,314.32
2021-03-31,316.16,319.13
2021-04-01,323.07,324.57
2021-04-05,327.13,331.05
2021-04-06,330.73,330.82
2021-04-07,330.33,331.62
2021-04-08,334.56,335.08
2021-04-09,333.68,337.11
2021-04-12,336.04,336.67
2021-04-13,338.24,340.6
2021-04-14,340.85,336.51
2021-04-15,339.47,341.61
2021-04-16,342.15,342.01
2021-04-19,340.39,338.88
2021-04-20,338.2,336.41
2021-04-21,335.09,339.29
2021-04-22,338.89,335.2
2021-04-23,335.85,339.42
2021-04-26,339.67,341.63
2021-04-27,341.93,340.15
2021-04-28,339.81,339.0
2021-04-29,342.37,340.22
2021-04-30,337.7,337.99
2021-05-03,339.23,336.19
2021-05-04,333.56,330.14
2021-05-05,332.25,329.03
2021-05-06,328.76,331.51
2021-05-07,334.37,334.2
2021-05-10,332.78,325.76
2021-05-11,319.7,325.31
2021-05-12,320.23,316.89
2021-05-13,319.92,319.34
2021-05-14,322.6,326.39
2021-05-17,324.63,324.41
2021-05-18,325.39,322.22
2021-05-19,316.66,322.59
2021-05-20,324.12,328.83
2021-05-21,330.43,327.01
2021-05-24,329.37,332.51
2021-05-25,334.07,332.97
2021-05-26,333.66,334.13
2021-05-27,333.67,332.88
2021-05-28,334.12,333.93
2021-06-01,335.3,332.82
2021-06-02,333.25,333.47
2021-06-03,330.55,330.0
2021-06-04,331.85,335.6
2021-06-07,335.05,336.6
2021-06-08,338.395,336.76
2021-06-09,338.17,336.84
2021-06-10,337.19,340.35
2021-06-11,340.36,341.24
2021-06-14,341.68,344.51
2021-06-15,344.15,342.26
2021-06-16,342.74,341.01
2021-06-17,339.97,345.34
2021-06-18,343.63,342.63
2021-06-21,342.43,344.36
2021-06-22,344.15,347.57
2021-06-23,347.51,347.74
2021-06-24,349.73,349.89
2021-06-25,350.47,349.46
2021-06-28,350.78,353.71
2021-06-29,353.53,354.99
2021-06-30,354.83,354.43
2021-07-01,354.07,354.57
2021-07-02,356.52,358.64
2021-07-06,359.26,360.19
2021-07-07,362.45,360.95
2021-07-08,355.74,358.77
2021-07-09,358.17,361.01
2021-07-12,362.45,362.42
2021-07-13,362.03,362.42
2021-07-14,364.83,363.07
2021-07-15,362.98,360.52
2021-07-16,361.4,357.6
2021-07-19,354.05,354.67
2021-07-20,355.63,358.79
2021-07-21,358.35,361.56
2021-07-22,361.77,363.95
2021-07-23,365.31,368.2
2021-07-26,367.49,368.49
2021-07-27,368.22,364.43
2021-07-28,365.6,365.83
2021-07-29,365.25,366.48
2021-07-30,362.44,364.57
2021-08-02,366.28,364.6
2021-08-03,365.28,366.81
2021-08-04,366.77,367.34
2021-08-05,368.18,369.67
2021-08-06,368.37,368.05
2021-08-09,368.52,368.73
2021-08-10,369.26,366.84
2021-08-11,368.14,366.21
2021-08-12,365.69,367.53
2021-08-13,367.89,368.82
2021-08-16,367.67,368.98
2021-08-17,366.15,365.73
2021-08-18,365.18,362.21
2021-08-19,360.22,363.96
2021-08-20,365.06,367.73
2021-08-23,368.8,373.23
2021-08-24,373.84,374.37
2021-08-25,374.63,374.8
2021-08-26,373.92,372.42
2021-08-27,373.07,376.04
2021-08-30,376.85,380.26
2021-08-31,380.51,379.95
2021-09-01,381.04,380.58
2021-09-02,381.97,380.4
2021-09-03,379.22,381.57
2021-09-07,381.68,382.11
2021-09-08,381.93,380.78
2021-09-09,381.01,379.47
2021-09-10,381.23,376.59
2021-09-13,378.99,376.33
2021-09-14,377.86,375.26
2021-09-15,375.73,378.05
2021-09-16,376.68,378.31
2021-09-17,377.82,373.83
2021-09-20,367.46,365.7
2021-09-21,367.58,366.15
2021-09-22,367.09,369.57
2021-09-23,370.76,372.98
2021-09-24,370.65,373.33
2021-09-27,370.2,370.35
2021-09-28,365.67,359.87
2021-09-29,361.17,359.28
2021-09-30,360.97,357.96
2021-10-01,358.6,360.18
2021-10-04,358.52,352.62
2021-10-05,353.71,357.38
2021-10-06,354.08,359.67
2021-10-07,362.8,362.97
2021-10-08,364.08,361.16
2021-10-11,359.58,358.39
2021-10-12,359.88,357.14
2021-10-13,359.51,360.0
2021-10-14,363.69,366.63
2021-10-15,367.88,368.94
2021-10-18,367.61,372.65
2021-10-19,373.75,375.47
2021-10-20,375.94,374.98
2021-10-21,374.16,377.27
2021-10-22,375.98,374.1
2021-10-25,375.56,377.93
2021-10-26,380.23,379.12
2021-10-27,379.58,380.0
2021-10-28,381.95,384.22
2021-10-29,381.06,386.11
2021-11-01,386.56,387.43
2021-11-02,386.8,389.05
2021-11-03,389.55,393.18
2021-11-04,394.48,398.22
2021-11-05,400.04,398.6
2021-11-08,398.57,398.06
2021-11-09,399.16,395.32
2021-11-10,392.47,389.51
2021-11-11,392.57,390.59
2021-11-12,391.77,394.7
2021-11-15,395.91,394.61
2021-11-16,393.86,397.42
2021-11-17,397.75,397.63
2021-11-18,399.73,401.75
2021-11-19,403.43,403.99
2021-11-22,405.57,399.3
2021-11-23,398.11,397.48
2021-11-24,394.93,398.76
2021-11-26,396.11,391.2
2021-11-29,395.89,399.69
2021-11-30,398.78,393.82
2021-12-01,398.28,387.12
2021-12-02,385.8,389.91
2021-12-03,391.31,383.13
2021-12-06,383.63,386.2
2021-12-07,393.03,397.83
2021-12-08,398.17,399.61
2021-12-09,398.35,393.73
2021-12-10,396.62,398.01
2021-12-13,398.0,392.26
2021-12-14,387.3,388.2
2021-12-15,387.94,397.05
2021-12-16,398.04,386.84
2021-12-17,383.33,384.91
2021-12-20,379.565,380.69
2021-12-21,384.05,389.21
2021-12-22,388.91,393.95
2021-12-23,394.31,396.92
2021-12-27,398.25,403.48
2021-12-28,404.4,401.61
2021-12-29,401.75,401.55
2021-12-30,401.33,400.35
2021-12-31,399.66,397.85
2022-01-03,399.05,401.68
2022-01-04,402.24,396.47
2022-01-05,394.74,384.29
2022-01-06,382.42,384.02
2022-01-07,384.03,379.86
2022-01-10,374.82,380.11
2022-01-11,379.355,385.82
2022-01-12,388.46,387.35
2022-01-13,388.77,377.66
2022-01-14,375.07,380.01
2022-01-18,374.04,370.55
2022-01-19,372.15,366.48
2022-01-20,369.79,361.72
2022-01-21,359.47,351.69
2022-01-24,345.905,353.3
2022-01-25,346.67,345.11
2022-01-26,352.91,344.57
2022-01-27,349.4,341.1
2022-01-28,343.03,351.8
2022-01-31,353.2,363.05
2022-02-01,364.43,365.52
2022-02-02,369.76,368.49
2022-02-03,358.53,353.55
2022-02-04,354.08,358.01
2022-02-07,358.62,355.13
2022-02-08,353.96,359.12
2022-02-09,363.76,366.73
2022-02-10,359.52,358.43
2022-02-11,358.43,347.06
2022-02-14,346.49,347.49
2022-02-15,352.91,356.13
2022-02-16,353.82,356.04
2022-02-17,352.74,345.45
2022-02-18,346.41,341.51
2022-02-22,338.49,338.08
2022-02-23,341.32,329.42
2022-02-24,318.84,340.49
2022-02-25,341.31,345.77
2022-02-28,342.51,346.8
2022-03-01,345.75,341.49
2022-03-02,343.08,347.22
2022-03-03,349.93,342.26
2022-03-04,339.84,337.3
2022-03-07,337.29,324.86
2022-03-08,324.05,323.35
2022-03-09,331.75,334.99
2022-03-10,330.82,331.27
2022-03-11,334.32,324.4
2022-03-14,323.13,318.17
2022-03-15,320.88,328.15
2022-03-16,332.17,340.32
2022-03-17,338.37,344.44
2022-03-18,342.74,351.49
2022-03-21,350.2,350.08
2022-03-22,350.59,356.96
2022-03-23,354.01,351.83
2022-03-24,353.8,359.65
2022-03-25,359.59,359.35
2022-03-28,359.34,364.91
2022-03-29,368.9,371.19
2022-03-30,369.275,367.09
2022-03-31,367.24,362.54
2022-04-01,362.81,361.85
2022-04-04,362.71,369.3
2022-04-05,367.81,361.1
2022-04-06,355.65,353.26
2022-04-07,352.24,354.1
2022-04-08,352.32,349.15
2022-04-11,344.81,340.89
2022-04-12,345.76,339.45
2022-04-13,339.8,346.35
2022-04-14,346.44,338.43
2022-04-18,337.35,338.69
2022-04-19,338.03,346.26
2022-04-20,347.09,341.21
2022-04-21,345.19,334.15
2022-04-22,334.31,325.4
2022-04-25,323.73,329.58
2022-04-26,327.47,317.14
2022-04-27,317.24,316.76
2022-04-28,321.85,328.01
2022-04-29,323.7,313.25
2022-05-02,312.83,318.48
2022-05-03,318.5,318.82
2022-05-04,319.31,329.6
2022-05-05,325.17,313.0
2022-05-06,310.95,309.25
2022-05-09,303.48,297.15
2022-05-10,304.51,300.76
2022-05-11,298.44,291.84
2022-05-12,287.45,291.15
2022-05-13,295.72,301.94
2022-05-16,300.15,298.44
2022-05-17,304.45,306.17
2022-05-18,301.54,291.14
2022-05-19,289.29,289.58
2022-05-20,293.13,288.68
2022-05-23,289.75,293.48
2022-05-24,288.125,287.24
2022-05-25,285.71,291.26
2022-05-26,290.44,299.33
2022-05-27,302.54,309.1
2022-05-31,309.07,308.28
2022-06-01,310.47,306.0
2022-06-02,304.85,314.38
2022-06-03,309.03,306.2
2022-06-06,310.75,307.22
2022-06-07,303.81,309.87
2022-06-08,309.05,307.64
2022-06-09,305.91,299.4
2022-06-10,293.65,288.84
2022-06-13,279.75,275.41
2022-06-14,277.66,275.91
2022-06-15,279.415,282.8
2022-06-16,275.59,271.39
2022-06-17,272.18,274.69
2022-06-21,278.75,281.08
2022-06-22,278.52,280.67
2022-06-23,283.21,284.85
2022-06-24,287.74,294.61
2022-06-27,296.0,292.45
2022-06-28,293.0,283.54
2022-06-29,283.4,283.8
2022-06-30,280.75,280.28
2022-07-01,278.95,282.13
2022-07-05,278.31,286.96
2022-07-06,287.35,288.8
2022-07-07,289.63,294.98
2022-07-08,292.08,295.35
2022-07-11,292.88,289.04
2022-07-12,290.32,286.24
2022-07-13,280.6,285.65
2022-07-14,282.99,286.67
2022-07-15,289.73,291.87
2022-07-18,294.72,289.4
2022-07-19,293.11,298.3
2022-07-20,298.73,303.03
2022-07-21,303.5,307.38
2022-07-22,306.43,301.99
2022-07-25,302.02,300.27
2022-07-26,298.53,294.37
2022-07-27,299.04,306.81
2022-07-28,306.59,309.81
2022-07-29,311.385,315.46
2022-08-01,313.65,315.27
2022-08-02,312.92,314.33
2022-08-03,316.05,322.89
2022-08-04,322.97,324.4
2022-08-05,319.19,321.75
2022-08-08,322.69,320.71
2022-08-09,318.77,317.08
2022-08-10,324.59,325.93
2022-08-11,328.305,324.08
2022-08-12,326.175,330.39
2022-08-15,329.42,333.06
2022-08-16,332.055,332.28
2022-08-17,329.07,328.49
2022-08-18,328.44,329.28
2022-08-19,326.17,322.86
2022-08-22,318.5,314.36
2022-08-23,314.12,314.1
2022-08-24,313.61,315.01
2022-08-25,316.83,320.58
2022-08-26,320.28,307.44
2022-08-29,304.62,304.41
2022-08-30,306.1,301.02
2022-08-31,303.99,299.27
2022-09-01,296.72,299.4
2022-09-02,302.34,295.17
2022-09-06,295.66,293.05
2022-09-07,293.54,298.97
2022-09-08,296.85,300.52
2022-09-09,302.83,307.09
2022-09-12,308.5,310.74
2022-09-13,301.8,293.7
2022-09-14,294.865,296.03
2022-09-15,294.07,291.1
2022-09-16,287.72,289.32
2022-09-19,286.1,291.05
2022-09-20,288.49,288.73
2022-09-21,289.59,283.56
2022-09-22,282.0,280.07
2022-09-23,277.55,275.51
2022-09-26,275.03,274.37
2022-09-27,277.81,274.48
2022-09-28,274.46,279.94
2022-09-29,275.86,271.87
2022-09-30,271.03,267.26
2022-10-03,269.07,273.53
2022-10-04,278.99,282.13
2022-10-05,278.28,281.98
2022-10-06,280.96,279.76
2022-10-07,275.02,269.1
2022-10-10,269.3,266.41
2022-10-11,264.7,262.75
2022-10-12,263.4,262.66
2022-10-13,255.16,268.82
2022-10-14,271.2,260.74
2022-10-17,266.84,269.35
2022-10-18,276.53,271.48
2022-10-19,269.93,270.49
2022-10-20,269.58,269.11
2022-10-21,267.98,275.42
2022-10-24,275.69,278.45
2022-10-25,279.41,284.21
2022-10-26,278.46,277.93
2022-10-27,276.79,272.87
2022-10-28,272.23,281.22
2022-10-31,278.92,277.95
2022-11-01,281.495,275.11
2022-11-02,275.08,265.68
2022-11-03,263.01,260.49
2022-11-04,265.53,264.68
2022-11-07,265.75,267.59
2022-11-08,269.14,269.54
2022-11-09,267.76,263.32
2022-11-10,276.01,282.75
2022-11-11,282.56,287.96
2022-11-14,285.86,285.44
2022-11-15,292.21,289.39
2022-11-16,287.39,285.44
2022-11-17,280.88,284.81
2022-11-18,287.89,284.82
2022-11-21,283.4,281.89
2022-11-22,282.64,285.95
2022-11-23,285.97,288.82
2022-11-25,287.19,286.92
2022-11-28,284.9,282.71
2022-11-29,282.94,280.57
2022-11-30,280.84,293.36
2022-12-01,293.69,293.72
2022-12-02,288.54,292.55
2022-12-05,290.38,287.64
2022-12-06,287.48,281.68
2022-12-07,280.47,280.53
2022-12-08,281.91,283.85
2022-12-09,282.81,282.04
2022-12-12,282.22,285.58
2022-12-13,296.65,288.65
2022-12-14,288.05,286.51
2022-12-15,282.33,276.89
2022-12-16,276.2,274.25
2022-12-19,273.87,269.75
2022-12-20,268.56,269.54
2022-12-21,270.6,273.45
2022-12-22,270.38,266.76
2022-12-23,265.47,267.36
2022-12-27,266.74,263.58
2022-12-28,263.17,260.1
2022-12-29,262.96,266.44
2022-12-30,263.62,266.28
2023-01-03,268.65,264.48
2023-01-04,266.64,265.74
2023-01-05,264.04,261.58
2023-01-06,263.35,268.8
2023-01-09,270.83,270.54
2023-01-10,269.49,272.83
2023-01-11,273.92,277.55
2023-01-12,278.12,279.05
2023-01-13,276.5,280.97
2023-01-17,280.77,281.54
2023-01-18,283.11,277.88
2023-01-19,276.22,275.15
2023-01-20,276.79,282.68
2023-01-23,283.54,288.96
2023-01-24,287.31,288.37
2023-01-25,283.77,287.73
2023-01-26,291.22,293.34
2023-01-27,292.0,296.26
2023-01-30,292.93,290.27
2023-01-31,290.31,294.62
2023-02-01,294.41,300.92
2023-02-02,307.57,311.72
2023-02-03,304.94,306.18
2023-02-06,303.51,303.59
2023-02-07,303.46,309.88
2023-02-08,308.54,304.37
2023-02-09,308.84,301.68
2023-02-10,299.48,299.7
2023-02-13,301.13,304.5
2023-02-14,302.89,306.75
2023-02-15,304.9,309.1
2023-02-16,304.38,303.3
2023-02-17,301.07,301.16
2023-02-21,297.26,294.03
2023-02-22,294.62,294.25
2023-02-23,297.97,296.82
2023-02-24,291.76,291.85
2023-02-27,295.07,293.94
2023-02-28,293.3,293.56
2023-03-01,293.26,291.2
2023-03-02,288.66,293.61
2023-03-03,295.39,299.68
2023-03-06,300.94,300.02
2023-03-07,300.07,296.34
2023-03-08,296.77,297.82
2023-03-09,298.33,292.66
2023-03-10,292.83,288.55
2023-03-13,286.73,290.69
2023-03-14,294.31,297.37
2023-03-15,294.71,298.93
2023-03-16,298.0,306.81
2023-03-17,306.72,305.36
2023-03-20,304.26,305.97
2023-03-21,307.94,310.34
2023-03-22,310.27,306.12
2023-03-23,309.92,309.75
2023-03-24,309.32,310.89
2023-03-27,311.6,308.76
2023-03-28,308.17,307.12
2023-03-29,310.88,312.72
2023-03-30,315.24,315.68
2023-03-31,315.91,320.93
2023-04-03,318.77,320.15
2023-04-04,320.6,319.07
2023-04-05,318.1,315.92
2023-04-06,314.24,318.05
2023-04-10,315.07,317.87
2023-04-11,317.83,315.83
2023-04-12,317.82,313.04
2023-04-13,314.83,319.17
2023-04-14,317.59,318.57
2023-04-17,318.15,318.84
2023-04-18,320.99,318.86
2023-04-19,316.41,318.71
2023-04-20,315.69,316.28
2023-04-21,315.91,316.61
2023-04-24,316.38,315.95
2023-04-25,314.29,309.99
2023-04-26,313.44,311.87
2023-04-27,315.7,320.35
2023-04-28,320.11,322.56
2023-05-01,322.09,322.19
2023-05-02,322.12,319.38
2023-05-03,319.75,317.29
2023-05-04,317.06,316.17
2023-05-05,318.47,322.89
2023-05-08,322.42,323.69
2023-05-09,322.0,321.64
2023-05-10,324.12,325.14
2023-05-11,325.7,326.2
2023-05-12,326.74,325.03
2023-05-15,325.51,326.79
2023-05-16,326.06,327.16
2023-05-17,328.24,331.12
2023-05-18,331.52,337.27
2023-05-19,337.49,336.51
2023-05-22,336.25,337.64
2023-05-23,335.89,333.36
2023-05-24,331.37,331.65
2023-05-25,339.14,339.72
2023-05-26,340.76,348.4
2023-05-30,352.71,349.98
2023-05-31,348.37,347.99
2023-06-01,347.73,352.01
2023-06-02,353.8,354.65
2023-06-05,354.43,354.9
2023-06-06,354.28,354.84
2023-06-07,355.13,348.82
2023-06-08,349.12,353.15
2023-06-09,354.63,354.5
2023-06-12,356.19,360.49
2023-06-13,363.29,363.26
2023-06-14,363.27,365.9
2023-06-15,364.61,370.26
2023-06-16,372.72,367.93
2023-06-20,365.95,366.9
2023-06-21,365.74,361.9
2023-06-22,360.63,366.17
2023-06-23,362.21,362.54
2023-06-26,362.0,357.68
2023-06-27,359.25,363.83
2023-06-28,361.98,364.54
2023-06-29,364.24,363.81
2023-06-30,367.55,369.42
2023-07-03,370.07,370.29
2023-07-05,368.695,370.28
2023-07-06,366.51,367.46
2023-07-07,367.23,366.24
2023-07-10,365.96,366.36
2023-07-11,366.79,368.17
2023-07-12,372.34,372.82
2023-07-13,376.05,379.15
2023-07-14,379.585,379.07
2023-07-17,379.8,382.61
2023-07-18,381.96,385.74
2023-07-19,386.82,385.65
2023-07-20,382.61,376.76
2023-07-21,379.18,375.63
2023-07-24,376.62,376.23
2023-07-25,376.95,378.78
2023-07-26,377.72,377.52
2023-07-27,383.07,376.62
2023-07-28,380.74,383.48
2023-07-31,383.79,383.68
2023-08-01,382.31,382.79
2023-08-02,379.26,374.39
2023-08-03,371.94,373.79
2023-08-04,375.75,372.04
2023-08-07,373.88,375.19
2023-08-08,372.64,372.0
2023-08-09,372.29,367.91
2023-08-10,370.97,368.59
2023-08-11,365.99,366.24
2023-08-14,365.43,370.35
2023-08-15,369.36,366.42
2023-08-16,365.87,362.54
2023-08-17,363.96,358.58
2023-08-18,355.26,358.13
2023-08-21,359.62,363.9
2023-08-22,366.55,363.38
2023-08-23,364.58,369.11
2023-08-24,372.64,361.22
2023-08-25,362.07,364.02
2023-08-28,366.99,366.76
2023-08-29,366.56,374.77
2023-08-30,374.88,376.86
2023-08-31,376.94,377.99
2023-09-01,380.4,377.59
2023-09-05,376.77,378.07
2023-09-06,377.28,374.74
2023-09-07,370.21,372.06
2023-09-08,372.01,372.58
2023-09-11,375.66,376.97
2023-09-12,375.27,372.79
2023-09-13,373.03,374.21
2023-09-14,375.99,377.27
2023-09-15,375.91,370.81
2023-09-18,369.32,370.66
2023-09-19,369.32,369.87
2023-09-20,370.95,364.54
2023-09-21,360.8,357.86
2023-09-22,359.63,357.91
2023-09-25,356.93,359.61
2023-09-26,356.99,354.21
2023-09-27,355.38,355.04
2023-09-28,354.11,358.01
2023-09-29,361.54,358.27
2023-10-02,358.54,361.26
2023-10-03,358.78,354.92
2023-10-04,355.77,359.75
2023-10-05,359.74,358.69
2023-10-06,355.65,364.7
2023-10-09,362.3,366.56
2023-10-10,366.9,368.59
2023-10-11,369.94,371.22
2023-10-12,371.73,369.93
2023-10-13,370.57,365.28
2023-10-16,366.62,369.41
2023-10-17,365.81,368.2
2023-10-18,365.67,363.37
2023-10-19,364.81,359.97
2023-10-20,359.46,354.6
2023-10-23,353.26,355.67
2023-10-24,357.51,359.13
2023-10-25,356.7,350.34
2023-10-26,349.12,343.66
2023-10-27,346.43,345.31
2023-10-30,347.83,349.2
2023-10-31,349.23,350.87
2023-11-01,351.72,356.96
2023-11-02,361.54,363.44
2023-11-03,364.75,367.71
2023-11-06,368.49,369.21
2023-11-07,370.27,372.7
2023-11-08,373.08,372.94
2023-11-09,373.64,370.07
2023-11-10,371.82,378.39
2023-11-13,376.79,377.21
2023-11-14,383.71,385.33
2023-11-15,387.25,385.62
2023-11-16,384.84,385.95
2023-11-17,385.21,386.04
2023-11-20,386.05,390.74
2023-11-21,389.01,388.47
2023-11-22,390.57,390.06
2023-11-24,389.65,389.51
2023-11-27,389.01,389.17
2023-11-28,388.41,390.19
2023-11-29,392.69,389.81
2023-11-30,390.08,388.83
2023-12-01,387.75,389.94
2023-12-04,386.09,386.32
2023-12-05,384.39,387.29
2023-12-06,390.27,385.05
2023-12-07,388.07,390.43
2023-12-08,388.67,392.17
2023-12-11,391.74,395.52
2023-12-12,395.56,398.67
2023-12-13,399.62,403.74
2023-12-14,404.98,403.39
2023-12-15,404.18,405.34
2023-12-18,404.93,407.08
2023-12-19,407.54,409.16
2023-12-20,408.35,403.08
2023-12-21,407.06,407.77
2023-12-22,409.0,408.38
2023-12-26,409.25,410.88
2023-12-27,410.95,411.5
2023-12-28,412.67,411.3
2023-12-29,411.28,409.52
2024-01-02,405.84,402.59
2024-01-03,399.93,398.33
2024-01-04,396.44,396.28
2024-01-05,396.45,396.75
2024-01-08,397.99,404.95
2024-01-09,401.91,405.75
2024-01-10,406.07,408.5
2024-01-11,409.79,409.35
2024-01-12,410.4,409.56
2024-01-16,408.31,409.52
2024-01-17,406.17,407.21
2024-01-18,410.52,412.99
2024-01-19,415.22,421.18
2024-01-22,423.41,421.73
2024-01-23,422.43,423.48
2024-01-24,427.44,425.83
2024-01-25,428.36,426.35
2024-01-26,424.44,423.81
2024-01-29,424.27,428.15
2024-01-30,427.1,425.3
2024-01-31,420.85,416.97
2024-02-01,418.79,421.88
2024-02-02,423.8,429.01
2024-02-05,429.07,428.45
2024-02-06,429.61,427.59
2024-02-07,430.41,431.99
2024-02-08,432.11,432.79
2024-02-09,433.94,437.05
2024-02-12,436.94,435.34
2024-02-13,427.28,428.55
2024-02-14,431.26,433.22
2024-02-15,433.92,434.51
2024-02-16,434.89,430.57
2024-02-20,428.55,427.32
2024-02-21,424.55,425.61
2024-02-22,434.49,438.07
2024-02-23,439.65,436.78
2024-02-26,437.6,436.55
2024-02-27,437.67,437.6
2024-02-28,435.43,435.27
2024-02-29,438.23,439.0
2024-03-01,439.9,445.61
2024-03-04,445.61,444.02
2024-03-05,440.94,436.05
2024-03-06,440.32,438.79
2024-03-07,442.42,445.45
2024-03-08,445.81,439.02
2024-03-11,437.51,437.39
2024-03-12,439.73,443.66
2024-03-13,442.65,440.25
2024-03-14,441.5,439.14
2024-03-15,436.07,433.92
2024-03-18,438.73,437.48
2024-03-19,435.45,438.57
2024-03-20,439.78,443.77
2024-03-21,448.88,445.87
2024-03-22,445.35,446.38
2024-03-25,443.55,444.76
2024-03-26,446.3,443.32
2024-03-27,446.44,444.83
2024-03-28,444.78,444.01
2024-04-01,444.97,444.95
2024-04-02,440.08,441.11
2024-04-03,438.96,442.1
2024-04-04,446.33,435.34
2024-04-05,436.78,440.47
2024-04-08,441.41,440.6
2024-04-09,442.96,442.23
2024-04-10,437.0,438.37
2024-04-11,440.26,445.37
2024-04-12,441.1,438.27
2024-04-15,442.06,431.06
2024-04-16,430.9,431.1
2024-04-17,433.1,425.84
2024-04-18,426.49,423.41
2024-04-19,422.22,414.65
2024-04-22,417.31,418.82
2024-04-23,420.77,425.07
2024-04-24,428.2,426.51
2024-04-25,419.24,424.45
2024-04-26,427.62,431.0
2024-04-29,433.13,432.75
2024-04-30,431.15,424.59
2024-05-01,423.15,421.52
2024-05-02,425.3,426.9
2024-05-03,434.44,435.48
2024-05-06,437.3,440.25
2024-05-07,440.7,440.32
2024-05-08,437.67,440.06
2024-05-09,440.33,441.02
2024-05-10,442.54,442.06
2024-05-13,443.99,443.08
2024-05-14,442.65,445.93
2024-05-15,448.43,452.9
2024-05-16,452.71,451.98
2024-05-17,452.11,451.76
2024-05-20,451.98,454.91
2024-05-21,453.04,455.8
2024-05-22,456.06,455.71
2024-05-23,460.55,453.66
2024-05-24,455.29,457.95
2024-05-28,459.18,459.68
2024-05-29,455.48,456.44
2024-05-30,455.5,451.55
2024-05-31,451.78,450.71
2024-06-03,454.57,453.13
2024-06-04,452.87,454.37
2024-06-05,457.98,463.53
2024-06-06,464.22,463.37
2024-06-07,463.0,462.96
2024-06-10,461.82,464.83
2024-06-11,463.54,468.02
2024-06-12,471.99,474.15
2024-06-13,477.72,476.72
2024-06-14,476.52,479.19
2024-06-17,479.46,485.06
2024-06-18,485.01,485.21
2024-06-20,486.42,481.47
2024-06-21,481.19,480.18
2024-06-24,478.18,473.96
2024-06-25,476.07,479.38
2024-06-26,478.55,480.37
2024-06-27,480.12,481.61
2024-06-28,482.41,479.11
2024-07-01,480.04,481.92
2024-07-02,480.41,486.98
2024-07-03,486.22,491.04
2024-07-05,491.89,496.16
2024-07-08,496.53,497.34
2024-07-09,498.87,497.77
2024-07-10,499.71,502.96
2024-07-11,503.07,491.93
2024-07-12,492.51,494.82
2024-07-15,496.61,496.15
2024-07-16,497.62,496.34
2024-07-17,488.28,481.77
2024-07-18,485.53,479.49
2024-07-19,479.15,475.24
2024-07-22,481.16,482.32
2024-07-23,481.41,480.62
2024-07-24,473.82,463.38
2024-07-25,463.72,458.27
2024-07-26,462.65,462.97
2024-07-29,465.71,463.9
2024-07-30,465.85,457.53
2024-07-31,467.87,471.07
2024-08-01,471.76,459.66
2024-08-02,450.89,448.75
2024-08-05,424.71,435.37
2024-08-06,437.23,439.53
2024-08-07,446.49,434.77
2024-08-08,441.06,448.07
2024-08-09,446.74,450.41
2024-08-12,451.39,451.38
2024-08-13,455.82,462.58
2024-08-14,463.51,462.73
2024-08-15,468.76,474.42
2024-08-16,472.62,475.03
2024-08-19,475.17,481.27
2024-08-20,480.35,480.26
2024-08-21,481.05,482.5
2024-08-22,484.84,474.85
2024-08-23,479.24,480.0
2024-08-26,479.45,475.34
2024-08-27,473.69,476.76
2024-08-28,476.29,471.35
2024-08-29,473.28,470.66
2024-08-30,475.04,476.27
2024-09-03,473.2,461.81
2024-09-04,458.67,460.61
2024-09-05,458.97,461.04
2024-09-06,460.33,448.69
2024-09-09,453.06,454.46
2024-09-10,456.24,458.66
2024-09-11,459.91,468.62
2024-09-12,468.65,473.22
2024-09-13,472.48,475.34
2024-09-16,473.19,473.24
2024-09-17,476.29,473.49
2024-09-18,474.7,471.44
2024-09-19,482.61,483.36
2024-09-20,482.49,482.44
2024-09-23,482.95,483.04
2024-09-24,484.46,485.37
2024-09-25,484.74,485.82
2024-09-26,493.37,489.47
2024-09-27,490.5,486.75
2024-09-30,485.78,488.07
2024-10-01,487.7,481.27
2024-10-02,480.36,481.95
2024-10-03,479.74,481.59
2024-10-04,487.45,487.32
2024-10-07,485.39,482.1
2024-10-08,484.66,489.3
2024-10-09,489.0,493.15
2024-10-10,490.85,492.59
2024-10-11,490.74,493.36
2024-10-14,495.77,497.5
2024-10-15,497.83,490.85
2024-10-16,491.18,490.91
2024-10-17,496.44,491.25
2024-10-18,494.06,494.47
2024-10-21,493.25,495.42
2024-10-22,492.73,495.96
2024-10-23,493.59,488.36
2024-10-24,492.11,492.32
2024-10-25,495.14,495.32
2024-10-28,498.46,495.4
2024-10-29,495.72,500.16
2024-10-30,499.39,496.38
2024-10-31,492.38,483.85
2024-11-01,485.5,487.43
2024-11-04,486.82,486.01
2024-11-05,487.61,492.21
2024-11-06,500.56,505.58
2024-11-07,508.4,513.54
2024-11-08,513.035,514.14
2024-11-11,515.37,513.84
2024-11-12,513.77,512.91
2024-11-13,512.4,512.25
2024-11-14,511.91,508.69
2024-11-15,502.94,496.57
2024-11-18,498.13,500.02
2024-11-19,497.42,503.46
2024-11-20,503.16,503.17
2024-11-21,506.24,504.98
2024-11-22,504.42,505.79
2024-11-25,509.9,506.59
2024-11-26,508.08,509.31
2024-11-27,508.17,505.3
2024-11-29,505.93,509.74
2024-12-02,511.01,515.29
2024-12-03,513.95,516.87
2024-12-04,520.32,523.26
2024-12-05,523.31,521.81
2024-12-06,522.48,526.48
2024-12-09,525.55,522.38
2024-12-10,523.62,520.6
2024-12-11,525.0,529.92
2024-12-12,527.68,526.5
2024-12-13,530.46,530.53
2024-12-16,533.08,538.17
2024-12-17,536.36,535.8
2024-12-18,535.15,516.47
2024-12-19,521.19,514.17
2024-12-20,510.44,518.66
2024-12-23,519.55,522.87
2024-12-24,524.83,529.96
2024-12-26,528.32,529.6
2024-12-27,526.01,522.56
2024-12-30,515.51,515.61
2024-12-31,516.9,511.23
2025-01-02,514.3,510.23
2025-01-03,513.35,518.58
2025-01-06,524.02,524.54
2025-01-07,525.59,515.18
2025-01-08,515.08,515.27
2025-01-10,511.48,507.19
2025-01-13,501.2,505.56
2025-01-14,508.74,505.08
2025-01-15,513.03,516.7
2025-01-16,518.98,513.08
2025-01-17,522.85,521.74
2025-01-21,524.48,524.8
2025-01-22,529.57,531.51
2025-01-23,529.04,532.64
2025-01-24,533.02,529.63
2025-01-27,511.0,514.21
2025-01-28,515.22,521.81
2025-01-29,522.46,520.83
2025-01-30,523.71,523.05
2025-01-31,526.92,522.29
2025-02-03,513.47,518.11
2025-02-04,518.63,524.47
2025-02-05,521.82,526.85
2025-02-06,527.36,529.6
2025-02-07,530.14,522.92
2025-02-10,527.22,529.25
2025-02-11,525.96,527.99
2025-02-12,522.3,528.3
2025-02-13,529.98,535.9
2025-02-14,536.005,538.15
2025-02-18,539.73,539.37
2025-02-19,538.57,539.52
2025-02-20,538.73,537.23
2025-02-21,538.38,526.08
2025-02-24,527.88,519.87
2025-02-25,519.24,513.32
2025-02-26,515.53,514.56
2025-02-27,518.13,500.27
2025-02-28,500.13,508.17
2025-03-03,511.52,497.05
2025-03-04,494.18,495.55
2025-03-05,496.2,502.01
2025-03-06,493.69,488.2
2025-03-07,487.16,491.79
2025-03-10,483.45,472.73
2025-03-11,472.35,471.6
2025-03-12,479.16,476.92
2025-03-13,476.25,468.34
2025-03-14,473.73,479.66
2025-03-17,479.61,482.77
2025-03-18,479.41,474.54
2025-03-19,476.81,480.89
2025-03-20,476.88,479.26
2025-03-21,474.08,480.84
2025-03-24,487.74,490.66
2025-03-25,491.39,493.46
2025-03-26,492.3,484.38
2025-03-27,482.41,481.62
2025-03-28,479.81,468.94
2025-03-31,461.92,468.92
2025-04-01,467.3,472.7
2025-04-02,466.12,476.15
2025-04-03,456.44,450.66
2025-04-04,438.14,422.67
2025-04-07,408.66,423.69
2025-04-08,438.16,416.06
2025-04-09,415.57,466.0
2025-04-10,453.56,446.18
2025-04-11,444.65,454.4
2025-04-14,464.46,457.48
2025-04-15,458.54,457.99
2025-04-16,449.03,444.18
2025-04-17,447.17,444.1
2025-04-21,438.23,433.11
2025-04-22,438.82,444.48
2025-04-23,458.17,454.56
2025-04-24,456.48,467.35
2025-04-25,466.97,472.56
2025-04-28,473.03,472.41
2025-04-29,470.17,475.53
2025-04-30,467.13,475.47
2025-05-01,483.41,481.68
2025-05-02,486.54,488.83
2025-05-05,484.6,485.93
2025-05-06,479.56,481.41
2025-05-07,482.08,483.3
2025-05-08,488.53,488.29
2025-05-09,490.21,487.97
2025-05-12,506.99,507.85
2025-05-13,509.16,515.59
2025-05-14,516.77,518.68
2025-05-15,516.52,519.25
2025-05-16,520.66,521.51
2025-05-19,514.24,522.01
2025-05-20,519.47,520.27
2025-05-21,516.27,513.04
2025-05-22,513.66,514.0
2025-05-23,506.18,509.24
2025-05-27,516.15,521.22
2025-05-28,522.18,518.91
2025-05-29,526.33,519.93
2025-05-30,519.44,519.11
2025-06-02,517.24,523.21
2025-06-03,523.56,527.3
2025-06-04,528.01,528.77
2025-06-05,530.18,524.79
2025-06-06,530.0,529.92
2025-06-09,530.14,530.7
2025-06-10,531.17,534.21
2025-06-11,535.62,532.41
2025-06-12,531.09,533.66
2025-06-13,527.68,526.96
2025-06-16,530.5,534.29
2025-06-17,531.71,529.08
2025-06-18,530.1,528.99
2025-06-20,532.26,526.83
2025-06-23,526.81,531.65
2025-06-24,536.89,539.78
2025-06-25,542.06,541.16
2025-06-26,543.35,546.22
2025-06-27,547.26,548.09
2025-06-30,551.26,551.64
2025-07-01,549.73,546.99
2025-07-02,546.16,550.8
2025-07-03,553.18,556.22
2025-07-07,553.52,552.03
2025-07-08,553.38,552.34
2025-07-09,554.48,556.25
2025-07-10,556.89,555.45
2025-07-11,553.3,554.2
2025-07-14,553.99,556.21
2025-07-15,560.25,556.72
2025-07-16,557.28,557.29
2025-07-17,558.02,561.8
2025-07-18,563.12,561.26
2025-07-21,562.09,564.17
2025-07-22,564.3,561.25
2025-07-23,562.34,563.81
2025-07-24,565.13,565.01
2025-07-25,564.93,566.37
2025-07-28,567.74,568.14
2025-07-29,570.76,567.26
2025-07-30,568.18,568.02
2025-07-31,574.54,565.01
2025-08-01,558.83,553.88
2025-08-04,559.05,564.1
2025-08-05,565.39,560.27
2025-08-06,561.11,567.32
2025-08-07,571.67,569.24
2025-08-08,570.45,574.55
2025-08-11,574.69,572.85
2025-08-12,575.16,580.05
2025-08-13,582.76,580.34
2025-08-14,578.28,579.89
2025-08-15,579.8,577.34
2025-08-18,576.44,577.11
2025-08-19,576.39,569.28
2025-08-20,568.33,565.9
2025-08-21,564.35,563.28
2025-08-22,564.67,571.97
2025-08-25,570.4,570.32
2025-08-26,569.83,572.61
2025-08-27,571.59,573.49
2025-08-28,574.11,577.08
2025-08-29,574.655,570.4
2025-09-02,561.31,565.62
2025-09-03,569.23,570.07
2025-09-04,570.74,575.23
2025-09-05,580.49,576.06
2025-09-08,578.37,578.87
2025-09-09,579.67,580.51
2025-09-10,583.74,580.7
2025-09-11,583.24,584.08
2025-09-12,585.04,586.66
2025-09-15,588.44,591.68
2025-09-16,592.61,591.18
2025-09-17,591.1,590.0
2025-09-18,594.91,595.32
2025-09-19,597.33,599.35
2025-09-22,597.74,602.2
2025-09-23,602.37,598.2
2025-09-24,599.58,596.1
2025-09-25,592.2,593.53
2025-09-26,594.35,595.97
2025-09-29,599.11,598.73
2025-09-30,598.43,600.37
2025-10-01,597.17,603.25
2025-10-02,607.06,605.73
2025-10-03,606.51,603.18
2025-10-06,608.45,607.71
2025-10-07,609.02,604.51
2025-10-08,605.41,611.44
2025-10-09,611.48,610.7
2025-10-10,611.4,589.5
2025-10-13,599.68,602.01
2025-10-14,595.31,598.0
2025-10-15,604.01,602.22
2025-10-16,605.11,599.99
2025-10-17,597.95,603.93
2025-10-20,607.14,611.54
2025-10-21,611.64,611.38
2025-10-22,610.82,605.49
2025-10-23,604.91,610.58
2025-10-24,615.99,617.1
2025-10-27,624.52,628.09
2025-10-28,630.36,632.92
2025-10-29,635.59,635.77
2025-10-30,632.17,626.05
2025-10-31,634.17,629.07
2025-11-03,635.11,632.08
2025-11-04,623.28,619.25
2025-11-05,618.49,623.28
2025-11-06,621.79,611.67
2025-11-07,608.31,609.74
2025-11-10,618.92,623.23
2025-11-11,620.57,621.57
2025-11-12,624.84,621.08
2025-11-13,617.54,608.4
2025-11-14,599.55,608.86
2025-11-17,606.3,603.66
2025-11-18,599.62,596.31
2025-11-19,597.07,599.87
2025-11-20,611.62,585.67
2025-11-21,587.47,590.07
2025-11-24,595.28,605.16
2025-11-25,603.51,608.89
2025-11-26,612.51,614.27
2025-11-28,616.11,619.25
2025-12-01,613.63,617.17
2025-12-02,619.46,622.0
2025-12-03,619.62,623.52
2025-12-04,624.93,622.94
2025-12-05,624.38,625.48
2025-12-08,627.21,624.28
2025-12-09,623.01,625.05
2025-12-10,623.85,627.61
2025-12-11,623.82,625.58
2025-12-12,622.08,613.62
2025-12-15,618.37,610.54
2025-12-16,608.26,611.75
2025-12-17,613.06,600.41
2025-12-18,609.8,609.11
2025-12-19,611.95,617.05
2025-12-22,621.35,619.21
2025-12-23,618.2,622.11
2025-12-24,621.99,623.93
2025-12-26,624.66,623.89
2025-12-29,620.1,620.87
2025-12-30,619.84,619.43
2025-12-31,619.65,614.31
2026-01-02,620.06,613.12
2026-01-05,619.32,617.99
2026-01-06,619.23,623.42
2026-01-07,623.04,624.02
2026-01-08,623.03,620.47
2026-01-09,621.41,626.65
2026-01-12,622.31,627.17
2026-01-13,627.27,626.24
2026-01-14,622.24,619.55
2026-01-15,626.6,621.78
2026-01-16,625.5,621.26
2026-01-20,610.53,608.06
2026-01-21,609.47,616.28
2026-01-22,622.35,620.76
2026-01-23,619.73,622.72
2026-01-26,623.21,625.46
2026-01-27,628.91,631.13
2026-01-28,635.46,633.22
2026-01-29,632.65,629.43
2026-01-30,625.71,621.87
2026-02-02,618.7,626.14
2026-02-03,628.3,616.52
2026-02-04,615.02,605.75
2026-02-05,600.21,597.03
2026-02-06,600.19,609.65
2026-02-09,607.54,614.32
2026-02-10,615.305,611.47
2026-02-11,616.38,613.11
2026-02-12,614.71,600.64
2026-02-13,600.43,601.92
2026-02-17,598.375,601.3
2026-02-18,602.11,605.79
2026-02-19,602.81,603.47
2026-02-20,600.12,608.81
2026-02-23,606.605,601.41
2026-02-24,602.4,607.87
2026-02-25,611.07,616.68
2026-02-26,615.59,609.24
2026-02-27,602.98,607.29
2026-03-02,598.86,608.09
2026-03-03,596.33,601.58
2026-03-04,604.16,610.75
2026-03-05,607.4,608.91
2026-03-06,600.31,599.75
2026-03-09,594.225,607.76
2026-03-10,607.78,607.77
2026-03-11,608.95,607.69
2026-03-12,602.76,597.26
2026-03-13,599.73,593.72
2026-03-16,600.04,600.38
2026-03-17,603.14,603.31
2026-03-18,601.49,594.9
2026-03-19,589.51,593.02
2026-03-20,591.06,582.06
2026-03-23,590.52,588.0
2026-03-24,584.81,583.98
2026-03-25,589.14,587.82
2026-03-26,582.6,573.79
2026-03-27,570.81,562.58
2026-03-30,567.38,558.28
2026-03-31,564.29,577.18
2026-04-01,581.48,584.31
2026-04-02,573.97,584.98
2026-04-06,586.23,588.5
2026-04-07,585.64,588.59
2026-04-08,608.71,606.09
2026-04-09,605.93,610.19
2026-04-10,611.84,611.07
2026-04-13,609.48,617.39
2026-04-14,620.22,628.6
2026-04-15,629.08,637.4
2026-04-16,639.21,640.47
2026-04-17,645.59,648.85
2026-04-20,648.04,646.79
2026-04-21,648.41,644.33
2026-04-22,650.15,655.11
2026-04-23,653.55,651.42
2026-04-24,658.51,663.88
2026-04-27,663.4,664.23
2026-04-28,657.41,657.55
2026-04-29,658.63,661.57
2026-04-30,665.35,667.74
2026-05-01,669.16,674.15
2026-05-04,674.66,672.88
2026-05-05,677.96,681.61
2026-05-06,687.78,695.77
2026-05-07,696.58,694.94
2026-05-08,699.92,711.23
2026-05-11,710.36,713.29
2026-05-12,708.22,707.24
2026-05-13,709.96,714.71
2026-05-14,714.62,719.79
2026-05-15,710.14,708.93
2026-05-18,711.54,705.88
2026-05-19,699.81,701.53
2026-05-20,705.29,713.15
2026-05-21,708.99,714.51
2026-05-22,718.07,717.54
2026-05-26,725.96,730.28
2026-05-27,732.96,729.45
2026-05-28,729.73,735.6
2026-05-29,737.84,738.31
2026-06-01,737.04,742.74
2026-06-02,742.4,746.16
2026-06-03,747.31,744.21
2026-06-04,735.33,740.61
2026-06-05,730.06,705.06
2026-06-08,717.81,716.07
2026-06-09,722.98,707.83
2026-06-10,701.66,693.69
2026-06-11,699.29,717.12
2026-06-12,717.61,721.34
2026-06-15,738.1,744.0
2026-06-16,742.25,729.86
2026-06-17,735.19,722.51
2026-06-18,737.2,740.62
2026-06-22,742.02,737.95
2026-06-23,715.74,713.65
2026-06-24,715.37,710.62
2026-06-25,725.9,716.38
2026-06-26,707.13,706.52
2026-06-29,713.99,724.08
2026-06-30,724.18,736.4
2026-07-01,729.19,725.17
2026-07-02,725.58,712.6
2026-07-06,719.93,722.82
2026-07-07,714.17,709.43
2026-07-08,704.95,711.44
2026-07-09,718.33,723.28
2026-07-10,720.7,725.51
2026-07-13,717.72,711.74
2026-07-14,720.22,719.69
2026-07-15,723.85,717.74
2026-07-16,712.01,705.94
2026-07-17,691.65,695.33
2026-07-20,701.7081081146471,695.6115155936079
2026-07-21,706.2842493298414,709.0096681112707
2026-07-22,703.6195963510294,705.1897187673163
