date,open,close
2002-01-04,1316.455,1316.455
2002-01-07,1302.084,1302.084
2002-01-08,1292.714,1292.714
2002-01-09,1272.645,1272.645
2002-01-10,1281.261,1281.261
2002-01-11,1249.814,1249.814
2002-01-14,1205.146,1205.146
2002-01-15,1186.433,1186.433
2002-01-16,1201.877,1201.877
2002-01-17,1152.148,1152.148
2002-01-18,1149.483,1149.483
2002-01-21,1108.61,1108.61
2002-01-22,1109.994,1109.994
2002-01-23,1183.154,1183.154
2002-01-24,1189.583,1189.583
2002-01-25,1189.428,1189.428
2002-01-28,1112.835,1112.835
2002-01-29,1140.377,1140.377
2002-01-30,1145.855,1145.855
2002-01-31,1221.76,1221.76
2002-02-01,1215.743,1215.743
2002-02-04,1236.969,1236.969
2002-02-05,1246.842,1246.842
2002-02-06,1216.788,1216.788
2002-02-07,1241.023,1241.023
2002-02-08,1235.092,1235.092
2002-02-25,1254.611,1254.611
2002-02-26,1253.121,1253.121
2002-02-27,1255.997,1255.997
2002-02-28,1244.603,1244.603
2002-03-01,1227.229,1227.229
2002-03-04,1245.867,1245.867
2002-03-05,1275.614,1275.614
2002-03-06,1288.444,1288.444
2002-03-07,1328.388,1328.388
2002-03-08,1351.854,1351.854
2002-03-11,1377.037,1377.037
2002-03-12,1362.404,1362.404
2002-03-13,1343.138,1343.138
2002-03-14,1376.329,1376.329
2002-03-15,1338.702,1338.702
2002-03-18,1341.907,1341.907
2002-03-19,1368.378,1368.378
2002-03-20,1382.417,1382.417
2002-03-21,1385.79,1385.79
2002-03-22,1369.901,1369.901
2002-03-25,1373.012,1373.012
2002-03-26,1350.009,1350.009
2002-03-27,1354.098,1354.098
2002-03-28,1352.533,1352.533
2002-03-29,1313.466,1313.466
2002-04-01,1317.579,1317.579
2002-04-02,1296.574,1296.574
2002-04-03,1302.248,1302.248
2002-04-04,1337.728,1337.728
2002-04-05,1332.201,1332.201
2002-04-08,1333.705,1333.705
2002-04-09,1357.742,1357.742
2002-04-10,1366.716,1366.716
2002-04-11,1344.734,1344.734
2002-04-12,1350.689,1350.689
2002-04-15,1344.581,1344.581
2002-04-16,1341.502,1341.502
2002-04-17,1341.766,1341.766
2002-04-18,1326.546,1326.546
2002-04-19,1330.642,1330.642
2002-04-22,1324.867,1324.867
2002-04-23,1318.661,1318.661
2002-04-24,1309.727,1309.727
2002-04-25,1312.483,1312.483
2002-04-26,1331.714,1331.714
2002-04-29,1349.785,1349.785
2002-04-30,1353.607,1353.607
2002-05-08,1342.292,1342.292
2002-05-09,1344.783,1344.783
2002-05-10,1335.451,1335.451
2002-05-13,1319.814,1319.814
2002-05-14,1311.68,1311.68
2002-05-15,1300.119,1300.119
2002-05-16,1261.522,1261.522
2002-05-17,1277.235,1277.235
2002-05-20,1258.829,1258.829
2002-05-21,1298.878,1298.878
2002-05-22,1280.16,1280.16
2002-05-23,1284.836,1284.836
2002-05-24,1265.966,1265.966
2002-05-27,1270.336,1270.336
2002-05-28,1270.382,1270.382
2002-05-29,1246.019,1246.019
2002-05-30,1245.886,1245.886
2002-05-31,1238.577,1238.577
2002-06-03,1213.388,1213.388
2002-06-04,1219.523,1219.523
2002-06-05,1196.623,1196.623
2002-06-06,1245.613,1245.613
2002-06-07,1252.514,1252.514
2002-06-10,1243.743,1243.743
2002-06-11,1252.851,1252.851
2002-06-12,1246.843,1246.843
2002-06-13,1235.572,1235.572
2002-06-14,1222.119,1222.119
2002-06-17,1224.654,1224.654
2002-06-18,1248.837,1248.837
2002-06-19,1236.049,1236.049
2002-06-20,1245.081,1245.081
2002-06-21,1288.522,1288.522
2002-06-24,1409.505,1409.505
2002-06-25,1409.226,1409.226
2002-06-26,1417.307,1417.307
2002-06-27,1422.512,1422.512
2002-06-28,1431.175,1431.175
2002-07-01,1415.33,1415.33
2002-07-02,1425.814,1425.814
2002-07-03,1427.39,1427.39
2002-07-04,1412.617,1412.617
2002-07-05,1415.403,1415.403
2002-07-08,1423.696,1423.696
2002-07-09,1419.471,1419.471
2002-07-10,1392.901,1392.901
2002-07-11,1390.929,1390.929
2002-07-12,1389.45,1389.45
2002-07-15,1379.38,1379.38
2002-07-16,1382.412,1382.412
2002-07-17,1393.022,1393.022
2002-07-18,1397.411,1397.411
2002-07-19,1403.253,1403.253
2002-07-22,1380.282,1380.282
2002-07-23,1375.613,1375.613
2002-07-24,1372.892,1372.892
2002-07-25,1364.996,1364.996
2002-07-26,1361.409,1361.409
2002-07-29,1368.797,1368.797
2002-07-30,1371.909,1371.909
2002-07-31,1358.16,1358.16
2002-08-01,1355.303,1355.303
2002-08-02,1359.993,1359.993
2002-08-05,1353.479,1353.479
2002-08-06,1368.994,1368.994
2002-08-07,1366.795,1366.795
2002-08-08,1359.677,1359.677
2002-08-09,1350.311,1350.311
2002-08-12,1340.216,1340.216
2002-08-13,1342.357,1342.357
2002-08-14,1351.507,1351.507
2002-08-15,1340.968,1340.968
2002-08-16,1349.622,1349.622
2002-08-19,1347.16,1347.16
2002-08-20,1370.046,1370.046
2002-08-21,1370.957,1370.957
2002-08-22,1381.549,1381.549
2002-08-23,1379.419,1379.419
2002-08-26,1366.181,1366.181
2002-08-27,1369.76,1369.76
2002-08-28,1368.397,1368.397
2002-08-29,1362.67,1362.67
2002-08-30,1361.298,1361.298
2002-09-02,1362.152,1362.152
2002-09-03,1366.71,1366.71
2002-09-04,1358.78,1358.78
2002-09-05,1341.468,1341.468
2002-09-06,1334.343,1334.343
2002-09-09,1323.132,1323.132
2002-09-10,1324.21,1324.21
2002-09-11,1319.034,1319.034
2002-09-12,1322.232,1322.232
2002-09-13,1321.809,1321.809
2002-09-16,1302.617,1302.617
2002-09-17,1304.376,1304.376
2002-09-18,1295.561,1295.561
2002-09-19,1319.817,1319.817
2002-09-20,1305.747,1305.747
2002-09-23,1304.924,1304.924
2002-09-24,1299.185,1299.185
2002-09-25,1299.523,1299.523
2002-09-26,1291.378,1291.378
2002-09-27,1285.652,1285.652
2002-10-08,1272.939,1272.939
2002-10-09,1247.533,1247.533
2002-10-10,1241.552,1241.552
2002-10-11,1237.14,1237.14
2002-10-14,1243.744,1243.744
2002-10-15,1238.967,1238.967
2002-10-16,1247.72,1247.72
2002-10-17,1228.263,1228.263
2002-10-18,1233.668,1233.668
2002-10-21,1237.362,1237.362
2002-10-22,1254.739,1254.739
2002-10-23,1255.635,1255.635
2002-10-24,1244.559,1244.559
2002-10-25,1233.578,1233.578
2002-10-28,1219.425,1219.425
2002-10-29,1226.775,1226.775
2002-10-30,1225.94,1225.94
2002-10-31,1225.338,1225.338
2002-11-01,1227.849,1227.849
2002-11-04,1246.804,1246.804
2002-11-05,1265.73,1265.73
2002-11-06,1260.054,1260.054
2002-11-07,1259.87,1259.87
2002-11-08,1232.945,1232.945
2002-11-11,1218.356,1218.356
2002-11-12,1200.92,1200.92
2002-11-13,1206.419,1206.419
2002-11-14,1183.635,1183.635
2002-11-15,1186.923,1186.923
2002-11-18,1174.825,1174.825
2002-11-19,1182.636,1182.636
2002-11-20,1154.898,1154.898
2002-11-21,1125.38,1125.38
2002-11-22,1128.072,1128.072
2002-11-25,1133.17,1133.17
2002-11-26,1111.053,1111.053
2002-11-27,1118.964,1118.964
2002-11-28,1150.585,1150.585
2002-11-29,1164.618,1164.618
2002-12-02,1132.929,1132.929
2002-12-03,1144.629,1144.629
2002-12-04,1147.535,1147.535
2002-12-05,1139.751,1139.751
2002-12-06,1139.803,1139.803
2002-12-09,1136.246,1136.246
2002-12-10,1122.907,1122.907
2002-12-11,1117.437,1117.437
2002-12-12,1122.229,1122.229
2002-12-13,1132.079,1132.079
2002-12-16,1141.523,1141.523
2002-12-17,1148.599,1148.599
2002-12-18,1143.941,1143.941
2002-12-19,1145.069,1145.069
2002-12-20,1157.337,1157.337
2002-12-23,1159.43,1159.43
2002-12-24,1159.06,1159.06
2002-12-25,1151.16,1151.16
2002-12-26,1119.359,1119.359
2002-12-27,1120.276,1120.276
2002-12-30,1108.94,1108.94
2002-12-31,1103.641,1103.641
2003-01-02,1074.984,1074.984
2003-01-03,1073.524,1073.524
2003-01-06,1084.884,1084.884
2003-01-07,1081.622,1081.622
2003-01-08,1111.832,1111.832
2003-01-09,1132.17,1132.17
2003-01-10,1121.576,1121.576
2003-01-13,1124.33,1124.33
2003-01-14,1185.865,1185.865
2003-01-15,1177.971,1177.971
2003-01-16,1196.386,1196.386
2003-01-17,1190.895,1190.895
2003-01-20,1194.722,1194.722
2003-01-21,1172.131,1172.131
2003-01-22,1174.567,1174.567
2003-01-23,1167.635,1167.635
2003-01-24,1187.694,1187.694
2003-01-27,1203.319,1203.319
2003-01-28,1206.859,1206.859
2003-01-29,1207.597,1207.597
2003-02-10,1190.459,1190.459
2003-02-11,1201.294,1201.294
2003-02-12,1214.804,1214.804
2003-02-13,1208.841,1208.841
2003-02-14,1213.699,1213.699
2003-02-17,1204.697,1204.697
2003-02-18,1204.936,1204.936
2003-02-19,1216.578,1216.578
2003-02-20,1215.151,1215.151
2003-02-21,1191.628,1191.628
2003-02-24,1192.994,1192.994
2003-02-25,1214.853,1214.853
2003-02-26,1214.396,1214.396
2003-02-27,1215.457,1215.457
2003-02-28,1213.862,1213.862
2003-03-03,1223.408,1223.408
2003-03-04,1222.38,1222.38
2003-03-05,1217.888,1217.888
2003-03-06,1202.44,1202.44
2003-03-07,1198.744,1198.744
2003-03-10,1178.153,1178.153
2003-03-11,1177.802,1177.802
2003-03-12,1182.417,1182.417
2003-03-13,1175.157,1175.157
2003-03-14,1177.61,1177.61
2003-03-17,1179.234,1179.234
2003-03-18,1173.789,1173.789
2003-03-19,1180.228,1180.228
2003-03-20,1175.861,1175.861
2003-03-21,1185.422,1185.422
2003-03-24,1187.641,1187.641
2003-03-25,1176.095,1176.095
2003-03-26,1171.199,1171.199
2003-03-27,1201.371,1201.371
2003-03-28,1199.264,1199.264
2003-03-31,1215.168,1215.168
2003-04-01,1223.559,1223.559
2003-04-02,1222.971,1222.971
2003-04-03,1215.34,1215.34
2003-04-04,1223.558,1223.558
2003-04-07,1217.924,1217.924
2003-04-08,1221.567,1221.567
2003-04-09,1243.057,1243.057
2003-04-10,1255.237,1255.237
2003-04-11,1274.998,1274.998
2003-04-14,1306.513,1306.513
2003-04-15,1317.288,1317.288
2003-04-16,1304.1,1304.1
2003-04-17,1307.715,1307.715
2003-04-18,1300.411,1300.411
2003-04-21,1274.61,1274.61
2003-04-22,1274.685,1274.685
2003-04-23,1254.131,1254.131
2003-04-24,1218.685,1218.685
2003-04-25,1205.381,1205.381
2003-04-28,1250.681,1250.681
2003-04-29,1231.565,1231.565
2003-04-30,1239.952,1239.952
2003-05-12,1251.309,1251.309
2003-05-13,1216.426,1216.426
2003-05-14,1243.103,1243.103
2003-05-15,1273.37,1273.37
2003-05-16,1274.258,1274.258
2003-05-19,1275.861,1275.861
2003-05-20,1261.327,1261.327
2003-05-21,1259.015,1259.015
2003-05-22,1270.432,1270.432
2003-05-23,1283.668,1283.668
2003-05-26,1292.69,1292.69
2003-05-27,1293.681,1293.681
2003-05-28,1277.692,1277.692
2003-05-29,1294.772,1294.772
2003-05-30,1300.865,1300.865
2003-06-02,1300.486,1300.486
2003-06-03,1285.652,1285.652
2003-06-04,1296.444,1296.444
2003-06-05,1279.539,1279.539
2003-06-06,1262.064,1262.064
2003-06-09,1249.165,1249.165
2003-06-10,1255.928,1255.928
2003-06-11,1278.265,1278.265
2003-06-12,1273.513,1273.513
2003-06-13,1277.323,1277.323
2003-06-16,1273.558,1273.558
2003-06-17,1268.924,1268.924
2003-06-18,1266.721,1266.721
2003-06-19,1253.681,1253.681
2003-06-20,1244.656,1244.656
2003-06-23,1231.938,1231.938
2003-06-24,1235.123,1235.123
2003-06-25,1226.643,1226.643
2003-06-26,1238.48,1238.48
2003-06-27,1220.736,1220.736
2003-06-30,1214.547,1214.547
2003-07-01,1215.199,1215.199
2003-07-02,1227.952,1227.952
2003-07-03,1231.166,1231.166
2003-07-04,1229.975,1229.975
2003-07-07,1232.076,1232.076
2003-07-08,1239.848,1239.848
2003-07-09,1231.798,1231.798
2003-07-10,1257.815,1257.815
2003-07-11,1255.934,1255.934
2003-07-14,1251.089,1251.089
2003-07-15,1254.364,1254.364
2003-07-16,1259.896,1259.896
2003-07-17,1269.398,1269.398
2003-07-18,1241.574,1241.574
2003-07-21,1232.145,1232.145
2003-07-22,1235.299,1235.299
2003-07-23,1239.445,1239.445
2003-07-24,1231.023,1231.023
2003-07-25,1218.666,1218.666
2003-07-28,1213.148,1213.148
2003-07-29,1219.762,1219.762
2003-07-30,1221.757,1221.757
2003-07-31,1222.737,1222.737
2003-08-01,1226.239,1226.239
2003-08-04,1240.07,1240.07
2003-08-05,1239.046,1239.046
2003-08-06,1232.936,1232.936
2003-08-07,1232.974,1232.974
2003-08-08,1218.112,1218.112
2003-08-11,1222.201,1222.201
2003-08-12,1225.855,1225.855
2003-08-13,1210.561,1210.561
2003-08-14,1203.244,1203.244
2003-08-15,1201.323,1201.323
2003-08-18,1197.986,1197.986
2003-08-19,1201.664,1201.664
2003-08-20,1195.681,1195.681
2003-08-21,1194.629,1194.629
2003-08-22,1191.432,1191.432
2003-08-25,1177.297,1177.297
2003-08-26,1179.329,1179.329
2003-08-27,1178.401,1178.401
2003-08-28,1169.38,1169.38
2003-08-29,1178.574,1178.574
2003-09-01,1199.814,1199.814
2003-09-02,1197.298,1197.298
2003-09-03,1198.441,1198.441
2003-09-04,1196.501,1196.501
2003-09-05,1183.913,1183.913
2003-09-08,1177.829,1177.829
2003-09-09,1172.051,1172.051
2003-09-10,1176.036,1176.036
2003-09-11,1176.927,1176.927
2003-09-12,1164.18,1164.18
2003-09-15,1152.357,1152.357
2003-09-16,1159.716,1159.716
2003-09-17,1147.304,1147.304
2003-09-18,1148.082,1148.082
2003-09-19,1149.287,1149.287
2003-09-22,1141.139,1141.139
2003-09-23,1147.289,1147.289
2003-09-24,1150.492,1150.492
2003-09-25,1136.692,1136.692
2003-09-26,1131.295,1131.295
2003-09-29,1116.547,1116.547
2003-09-30,1127.144,1127.144
2003-10-08,1131.27,1131.27
2003-10-09,1128.767,1128.767
2003-10-10,1155.42,1155.42
2003-10-13,1151.778,1151.778
2003-10-14,1142.3,1142.3
2003-10-15,1139.015,1139.015
2003-10-16,1124.371,1124.371
2003-10-17,1128.099,1128.099
2003-10-20,1120.359,1120.359
2003-10-21,1124.543,1124.543
2003-10-22,1152.83,1152.83
2003-10-23,1143.713,1143.713
2003-10-24,1140.034,1140.034
2003-10-27,1130.456,1130.456
2003-10-28,1130.705,1130.705
2003-10-29,1123.223,1123.223
2003-10-30,1110.799,1110.799
2003-10-31,1111.617,1111.617
2003-11-03,1123.48,1123.48
2003-11-04,1145.168,1145.168
2003-11-05,1138.913,1138.913
2003-11-06,1118.919,1118.919
2003-11-07,1103.777,1103.777
2003-11-10,1108.027,1108.027
2003-11-11,1108.89,1108.89
2003-11-12,1089.306,1089.306
2003-11-13,1091.708,1091.708
2003-11-14,1100.016,1100.016
2003-11-17,1095.945,1095.945
2003-11-18,1080.997,1080.997
2003-11-19,1098.051,1098.051
2003-11-20,1129.132,1129.132
2003-11-21,1115.469,1115.469
2003-11-24,1147.589,1147.589
2003-11-25,1151.543,1151.543
2003-11-26,1155.265,1155.265
2003-11-27,1136.018,1136.018
2003-11-28,1142.975,1142.975
2003-12-01,1168.507,1168.507
2003-12-02,1168.402,1168.402
2003-12-03,1172.469,1172.469
2003-12-04,1178.653,1178.653
2003-12-05,1176.661,1176.661
2003-12-08,1164.427,1164.427
2003-12-09,1169.277,1169.277
2003-12-10,1184.676,1184.676
2003-12-11,1184.634,1184.634
2003-12-12,1183.107,1183.107
2003-12-15,1184.674,1184.674
2003-12-16,1178.35,1178.35
2003-12-17,1169.412,1169.412
2003-12-18,1173.397,1173.397
2003-12-19,1163.64,1163.64
2003-12-22,1195.437,1195.437
2003-12-23,1201.081,1201.081
2003-12-24,1212.333,1212.333
2003-12-25,1209.06,1209.06
2003-12-26,1208.523,1208.523
2003-12-29,1199.254,1199.254
2003-12-30,1207.098,1207.098
2003-12-31,1194.744,1194.744
2004-01-02,1204.613,1204.613
2004-01-05,1240.467,1240.467
2004-01-06,1251.135,1251.135
2004-01-07,1266.268,1266.268
2004-01-08,1284.338,1284.338
2004-01-09,1266.406,1266.406
2004-01-12,1294.684,1294.684
2004-01-13,1293.184,1293.184
2004-01-14,1277.961,1277.961
2004-01-15,1273.616,1273.616
2004-01-16,1284.296,1284.296
2004-01-29,1311.947,1311.947
2004-01-30,1281.334,1281.334
2004-02-02,1307.267,1307.267
2004-02-03,1320.996,1320.996
2004-02-04,1348.864,1348.864
2004-02-05,1353.851,1353.851
2004-02-06,1347.221,1347.221
2004-02-09,1368.841,1368.841
2004-02-10,1363.062,1363.062
2004-02-11,1354.749,1354.749
2004-02-12,1345.658,1345.658
2004-02-13,1342.335,1342.335
2004-02-16,1373.3,1373.3
2004-02-17,1380.365,1380.365
2004-02-18,1391.355,1391.355
2004-02-19,1385.978,1385.978
2004-02-20,1391.095,1391.095
2004-02-23,1359.239,1359.239
2004-02-24,1356.314,1356.314
2004-02-25,1329.442,1329.442
2004-02-26,1335.863,1335.863
2004-02-27,1351.61,1351.61
2004-03-01,1366.914,1366.914
2004-03-02,1363.194,1363.194
2004-03-03,1341.215,1341.215
2004-03-04,1349.848,1349.848
2004-03-05,1341.758,1341.758
2004-03-08,1317.296,1317.296
2004-03-09,1314.167,1314.167
2004-03-10,1344.989,1344.989
2004-03-11,1357.843,1357.843
2004-03-12,1358.514,1358.514
2004-03-15,1389.676,1389.676
2004-03-16,1395.365,1395.365
2004-03-17,1398.017,1398.017
2004-03-18,1372.163,1372.163
2004-03-19,1393.571,1393.571
2004-03-22,1399.55,1399.55
2004-03-23,1389.52,1389.52
2004-03-24,1385.374,1385.374
2004-03-25,1385.862,1385.862
2004-03-26,1386.477,1386.477
2004-03-29,1371.7,1371.7
2004-03-30,1372.049,1372.049
2004-03-31,1384.954,1384.954
2004-04-01,1396.632,1396.632
2004-04-02,1405.918,1405.918
2004-04-05,1401.97,1401.97
2004-04-06,1410.428,1410.428
2004-04-07,1408.774,1408.774
2004-04-08,1402.771,1402.771
2004-04-09,1370.276,1370.276
2004-04-12,1364.681,1364.681
2004-04-13,1353.83,1353.83
2004-04-14,1332.075,1332.075
2004-04-15,1318.852,1318.852
2004-04-16,1331.082,1331.082
2004-04-19,1312.002,1312.002
2004-04-20,1301.086,1301.086
2004-04-21,1289.654,1289.654
2004-04-22,1296.435,1296.435
2004-04-23,1276.307,1276.307
2004-04-26,1276.949,1276.949
2004-04-27,1264.344,1264.344
2004-04-28,1258.112,1258.112
2004-04-29,1233.6,1233.6
2004-04-30,1239.72,1239.72
2004-05-10,1206.586,1206.586
2004-05-11,1212.575,1212.575
2004-05-12,1240.016,1240.016
2004-05-13,1234.578,1234.578
2004-05-14,1207.261,1207.261
2004-05-17,1195.189,1195.189
2004-05-18,1209.609,1209.609
2004-05-19,1209.579,1209.579
2004-05-20,1201.713,1201.713
2004-05-21,1209.213,1209.213
2004-05-24,1200.789,1200.789
2004-05-25,1177.712,1177.712
2004-05-26,1183.013,1183.013
2004-05-27,1208.682,1208.682
2004-05-28,1201.721,1201.721
2004-05-31,1206.841,1206.841
2004-06-01,1224.105,1224.105
2004-06-02,1211.932,1211.932
2004-06-03,1193.554,1193.554
2004-06-04,1192.776,1192.776
2004-06-07,1176.263,1176.263
2004-06-08,1160.331,1160.331
2004-06-09,1137.546,1137.546
2004-06-10,1139.51,1139.51
2004-06-11,1140.528,1140.528
2004-06-14,1115.406,1115.406
2004-06-15,1134.898,1134.898
2004-06-16,1141.093,1141.093
2004-06-17,1116.504,1116.504
2004-06-18,1103.403,1103.403
2004-06-21,1109.391,1109.391
2004-06-22,1119.882,1119.882
2004-06-23,1110.319,1110.319
2004-06-24,1099.903,1099.903
2004-06-25,1081.958,1081.958
2004-06-28,1069.506,1069.506
2004-06-29,1084.617,1084.617
2004-06-30,1078.485,1078.485
2004-07-01,1112.389,1112.389
2004-07-02,1114.945,1114.945
2004-07-05,1116.416,1116.416
2004-07-06,1121.284,1121.284
2004-07-07,1110.624,1110.624
2004-07-08,1113.027,1113.027
2004-07-09,1106.915,1106.915
2004-07-12,1083.178,1083.178
2004-07-13,1086.815,1086.815
2004-07-14,1088.779,1088.779
2004-07-15,1104.007,1104.007
2004-07-16,1132.799,1132.799
2004-07-19,1134.501,1134.501
2004-07-20,1125.876,1125.876
2004-07-21,1125.662,1125.662
2004-07-22,1097.859,1097.859
2004-07-23,1101.599,1101.599
2004-07-26,1087.268,1087.268
2004-07-27,1083.398,1083.398
2004-07-28,1089.52,1089.52
2004-07-29,1104.167,1104.167
2004-07-30,1088.677,1088.677
2004-08-02,1080.55,1080.55
2004-08-03,1073.583,1073.583
2004-08-04,1103.551,1103.551
2004-08-05,1088.814,1088.814
2004-08-06,1088.241,1088.241
2004-08-09,1093.479,1093.479
2004-08-10,1098.586,1098.586
2004-08-11,1086.077,1086.077
2004-08-12,1074.817,1074.817
2004-08-13,1077.245,1077.245
2004-08-16,1067.596,1067.596
2004-08-17,1072.51,1072.51
2004-08-18,1071.827,1071.827
2004-08-19,1059.198,1059.198
2004-08-20,1060.229,1060.229
2004-08-23,1047.212,1047.212
2004-08-24,1059.42,1059.42
2004-08-25,1055.526,1055.526
2004-08-26,1050.995,1050.995
2004-08-27,1039.238,1039.238
2004-08-30,1038.344,1038.344
2004-08-31,1055.97,1055.97
2004-09-01,1040.055,1040.055
2004-09-02,1045.369,1045.369
2004-09-03,1043.537,1043.537
2004-09-06,1039.668,1039.668
2004-09-07,1041.485,1041.485
2004-09-08,1031.606,1031.606
2004-09-09,1012.556,1012.556
2004-09-10,1015.151,1015.151
2004-09-13,993.263,993.263
2004-09-14,1023.406,1023.406
2004-09-15,1066.282,1066.282
2004-09-16,1077.915,1077.915
2004-09-17,1112.767,1112.767
2004-09-20,1152.126,1152.126
2004-09-21,1143.458,1143.458
2004-09-22,1120.108,1120.108
2004-09-23,1157.928,1157.928
2004-09-24,1135.973,1135.973
2004-09-27,1128.048,1128.048
2004-09-28,1136.339,1136.339
2004-09-29,1124.008,1124.008
2004-09-30,1109.324,1109.324
2004-10-08,1131.915,1131.915
2004-10-11,1126.332,1126.332
2004-10-12,1103.547,1103.547
2004-10-13,1104.178,1104.178
2004-10-14,1060.127,1060.127
2004-10-15,1061.642,1061.642
2004-10-18,1063.472,1063.472
2004-10-19,1066.636,1066.636
2004-10-20,1062.902,1062.902
2004-10-21,1049.968,1049.968
2004-10-22,1063.143,1063.143
2004-10-25,1049.19,1049.19
2004-10-26,1059.254,1059.254
2004-10-27,1069.685,1069.685
2004-10-28,1068.678,1068.678
2004-10-29,1050.299,1050.299
2004-11-01,1038.428,1038.428
2004-11-02,1035.733,1035.733
2004-11-03,1054.693,1054.693
2004-11-04,1032.723,1032.723
2004-11-05,1033.804,1033.804
2004-11-08,1034.805,1034.805
2004-11-09,1037.21,1037.21
2004-11-10,1076.281,1076.281
2004-11-11,1070.271,1070.271
2004-11-12,1072.619,1072.619
2004-11-15,1084.706,1084.706
2004-11-16,1084.652,1084.652
2004-11-17,1074.394,1074.394
2004-11-18,1085.034,1085.034
2004-11-19,1091.371,1091.371
2004-11-22,1094.351,1094.351
2004-11-23,1084.879,1084.879
2004-11-24,1077.671,1077.671
2004-11-25,1076.343,1076.343
2004-11-26,1074.986,1074.986
2004-11-29,1061.352,1061.352
2004-11-30,1062.814,1062.814
2004-12-01,1058.15,1058.15
2004-12-02,1056.061,1056.061
2004-12-03,1058.334,1058.334
2004-12-06,1060.254,1060.254
2004-12-07,1048.181,1048.181
2004-12-08,1049.176,1049.176
2004-12-09,1059.531,1059.531
2004-12-10,1043.554,1043.554
2004-12-13,1037.452,1037.452
2004-12-14,1034.293,1034.293
2004-12-15,1037.883,1037.883
2004-12-16,1033.272,1033.272
2004-12-17,1022.996,1022.996
2004-12-20,1009.373,1009.373
2004-12-21,1008.119,1008.119
2004-12-22,1034.033,1034.033
2004-12-23,1015.51,1015.51
2004-12-24,1016.398,1016.398
2004-12-27,1012.445,1012.445
2004-12-28,1010.697,1010.697
2004-12-29,1005.527,1005.527
2004-12-30,1003.989,1003.989
2004-12-31,1000.0,1000.0
2005-01-04,994.769,982.794
2005-01-05,981.577,992.564
2005-01-06,993.331,983.174
2005-01-07,983.045,983.958
2005-01-10,983.76,993.879
2005-01-11,994.189,997.135
2005-01-12,996.651,996.748
2005-01-13,996.078,996.877
2005-01-14,996.617,988.306
2005-01-17,979.111,967.452
2005-01-18,967.374,974.689
2005-01-19,974.333,967.21
2005-01-20,963.213,956.245
2005-01-21,954.462,982.604
2005-01-24,1001.854,998.133
2005-01-25,995.637,997.775
2005-01-26,995.78,989.928
2005-01-27,987.342,974.631
2005-01-28,974.631,969.209
2005-01-31,965.785,954.879
2005-02-01,953.33,955.951
2005-02-02,956.701,1006.913
2005-02-03,1005.563,993.215
2005-02-04,992.25,1016.858
2005-02-16,1023.324,1023.584
2005-02-17,1024.43,1020.606
2005-02-18,1020.122,1006.055
2005-02-21,1006.693,1025.633
2005-02-22,1026.837,1046.744
2005-02-23,1046.812,1043.944
2005-02-24,1042.253,1045.46
2005-02-25,1046.274,1046.761
2005-02-28,1046.206,1039.989
2005-03-01,1039.351,1035.934
2005-03-02,1036.368,1021.32
2005-03-03,1019.876,1027.71
2005-03-04,1027.927,1023.667
2005-03-07,1024.48,1029.871
2005-03-08,1033.786,1048.987
2005-03-09,1051.26,1046.544
2005-03-10,1046.692,1022.413
2005-03-11,1021.084,1027.429
2005-03-14,1027.175,1031.026
2005-03-15,1030.857,1013.523
2005-03-16,1011.85,1003.065
2005-03-17,1001.968,992.863
2005-03-18,991.887,978.665
2005-03-21,977.296,981.893
2005-03-22,981.707,964.024
2005-03-23,962.816,959.01
2005-03-24,957.43,964.801
2005-03-25,964.245,962.955
2005-03-28,961.652,960.696
2005-03-29,960.419,955.19
2005-03-30,952.713,937.034
2005-03-31,934.848,942.203
2005-04-01,941.431,978.145
2005-04-04,968.49,962.168
2005-04-05,960.54,955.598
2005-04-06,955.598,973.668
2005-04-07,975.97,984.733
2005-04-08,984.665,1003.445
2005-04-11,1003.879,995.421
2005-04-12,993.711,978.697
2005-04-13,987.95,1000.9
2005-04-14,1004.64,986.975
2005-04-15,982.613,974.082
2005-04-18,970.907,963.772
2005-04-19,962.916,965.886
2005-04-20,964.151,950.867
2005-04-21,948.861,943.981
2005-04-22,942.908,939.101
2005-04-25,935.993,930.07
2005-04-26,928.428,937.083
2005-04-27,938.57,926.604
2005-04-28,923.529,942.073
2005-04-29,940.806,932.395
2005-05-09,934.65,909.174
2005-05-10,905.543,913.076
2005-05-11,911.838,901.851
2005-05-12,899.968,885.82
2005-05-13,883.505,887.543
2005-05-16,885.389,875.271
2005-05-17,873.077,881.462
2005-05-18,881.141,883.196
2005-05-19,882.842,884.171
2005-05-20,883.513,882.763
2005-05-23,880.281,863.341
2005-05-24,861.195,868.456
2005-05-25,867.658,868.451
2005-05-26,867.758,857.331
2005-05-27,855.595,849.508
2005-05-30,847.634,855.612
2005-05-31,856.561,855.946
2005-06-01,855.206,837.532
2005-06-02,835.467,818.379
2005-06-03,816.546,818.033
2005-06-06,816.731,838.997
2005-06-07,841.579,837.282
2005-06-08,848.536,905.773
2005-06-09,907.569,912.604
2005-06-10,911.941,894.556
2005-06-13,894.997,892.959
2005-06-14,895.391,883.537
2005-06-15,881.208,866.834
2005-06-16,866.659,879.237
2005-06-17,883.605,880.345
2005-06-20,881.623,906.255
2005-06-21,906.306,896.166
2005-06-22,894.769,900.646
2005-06-23,900.059,893.572
2005-06-24,892.061,898.301
2005-06-27,904.209,916.043
2005-06-28,913.48,903.716
2005-06-29,906.751,898.898
2005-06-30,897.102,878.686
2005-07-01,875.935,859.494
2005-07-04,855.317,855.932
2005-07-05,853.679,849.679
2005-07-06,850.253,842.556
2005-07-07,841.748,844.729
2005-07-08,842.62,829.489
2005-07-11,837.863,824.097
2005-07-12,821.911,851.816
2005-07-13,850.469,846.231
2005-07-14,844.94,849.59
2005-07-15,849.873,841.001
2005-07-18,839.221,832.995
2005-07-19,831.501,835.608
2005-07-20,835.301,842.641
2005-07-21,842.746,843.987
2005-07-22,847.541,859.693
2005-07-25,858.328,856.86
2005-07-26,856.189,876.48
2005-07-27,876.942,894.012
2005-07-28,893.879,890.885
2005-07-29,889.41,888.164
2005-08-01,887.718,891.607
2005-08-02,892.13,903.598
2005-08-03,905.181,909.57
2005-08-04,907.42,904.15
2005-08-05,904.039,923.803
2005-08-08,926.571,927.471
2005-08-09,926.973,933.089
2005-08-10,933.26,940.37
2005-08-11,940.785,953.992
2005-08-12,954.719,938.316
2005-08-15,937.705,954.502
2005-08-16,955.27,945.058
2005-08-17,943.405,953.012
2005-08-18,954.155,920.671
2005-08-19,918.091,923.038
2005-08-22,923.108,931.673
2005-08-23,931.809,923.414
2005-08-24,923.558,930.651
2005-08-25,930.975,930.118
2005-08-26,930.246,928.258
2005-08-29,928.341,917.371
2005-08-30,916.086,914.88
2005-08-31,915.122,927.916
2005-09-01,928.52,944.559
2005-09-02,945.978,947.871
2005-09-05,949.077,952.717
2005-09-06,953.41,936.61
2005-09-07,934.991,952.758
2005-09-08,954.273,955.282
2005-09-09,955.112,949.065
2005-09-12,949.779,949.506
2005-09-13,949.584,963.774
2005-09-14,964.97,970.193
2005-09-15,970.58,969.598
2005-09-16,969.619,967.495
2005-09-19,967.44,971.136
2005-09-20,971.379,961.919
2005-09-21,961.374,944.408
2005-09-22,942.726,923.274
2005-09-23,921.51,916.154
2005-09-26,915.84,918.485
2005-09-27,918.866,904.214
2005-09-28,903.328,903.719
2005-09-29,904.28,915.975
2005-09-30,916.587,917.392
2005-10-10,917.211,907.321
2005-10-11,906.628,919.72
2005-10-12,920.453,923.485
2005-10-13,923.426,916.499
2005-10-14,916.337,904.828
2005-10-17,903.266,897.623
2005-10-18,897.366,902.366
2005-10-19,902.036,898.744
2005-10-20,898.891,899.915
2005-10-21,899.645,904.414
2005-10-24,905.129,906.652
2005-10-25,905.967,894.272
2005-10-26,892.617,875.82
2005-10-27,873.472,875.849
2005-10-28,875.862,867.729
2005-10-31,866.618,876.282
2005-11-01,875.956,872.865
2005-11-02,873.393,882.478
2005-11-03,882.189,874.575
2005-11-04,873.353,878.361
2005-11-07,877.617,877.278
2005-11-08,876.432,881.524
2005-11-09,881.513,879.252
2005-11-10,878.625,862.968
2005-11-11,861.221,864.79
2005-11-14,864.081,862.149
2005-11-15,862.067,856.635
2005-11-16,855.449,863.119
2005-11-17,863.077,862.658
2005-11-18,862.579,882.241
2005-11-21,882.79,883.871
2005-11-22,883.931,869.617
2005-11-23,868.005,876.229
2005-11-24,875.827,881.493
2005-11-25,881.248,884.105
2005-11-28,883.241,880.167
2005-11-29,879.254,871.31
2005-11-30,870.452,873.825
2005-12-01,873.474,873.067
2005-12-02,872.93,869.936
2005-12-05,869.427,859.61
2005-12-06,858.108,866.075
2005-12-07,865.724,873.838
2005-12-08,874.132,874.056
2005-12-09,873.693,887.358
2005-12-12,887.064,888.518
2005-12-13,887.996,889.101
2005-12-14,888.604,898.153
2005-12-15,898.382,896.434
2005-12-16,895.827,902.561
2005-12-19,902.049,902.91
2005-12-20,902.746,907.318
2005-12-21,907.053,903.144
2005-12-22,902.371,908.754
2005-12-23,908.96,915.89
2005-12-26,916.668,922.378
2005-12-27,922.439,919.36
2005-12-28,919.051,920.919
2005-12-29,921.144,932.031
2005-12-30,933.45,923.451
2006-01-04,926.559,941.428
2006-01-05,943.85,959.134
2006-01-06,961.915,970.032
2006-01-09,971.089,975.253
2006-01-10,975.282,978.154
2006-01-11,977.644,973.477
2006-01-12,972.389,983.716
2006-01-13,985.039,978.809
2006-01-16,977.886,961.439
2006-01-17,959.395,964.29
2006-01-18,964.16,983.622
2006-01-19,985.232,991.222
2006-01-20,991.572,993.34
2006-01-23,993.744,996.162
2006-01-24,997.791,999.093
2006-01-25,998.828,1009.597
2006-02-06,1013.425,1033.234
2006-02-07,1034.678,1029.937
2006-02-08,1028.445,1033.072
2006-02-09,1033.192,1019.599
2006-02-10,1019.416,1032.337
2006-02-13,1034.381,1031.614
2006-02-14,1032.645,1038.531
2006-02-15,1040.332,1041.66
2006-02-16,1041.665,1020.121
2006-02-17,1020.063,1020.368
2006-02-20,1020.74,1021.639
2006-02-21,1020.977,1038.816
2006-02-22,1039.649,1037.885
2006-02-23,1038.253,1041.373
2006-02-24,1041.97,1049.444
2006-02-27,1055.947,1047.845
2006-02-28,1046.713,1053.01
2006-03-01,1051.759,1056.619
2006-03-02,1055.858,1038.666
2006-03-03,1037.988,1041.677
2006-03-06,1041.659,1038.873
2006-03-07,1037.928,1014.973
2006-03-08,1012.578,1009.271
2006-03-09,1006.965,1004.344
2006-03-10,1004.747,1008.897
2006-03-13,1008.803,1019.864
2006-03-14,1020.468,1018.272
2006-03-15,1018.154,1028.958
2006-03-16,1028.96,1027.616
2006-03-17,1027.637,1024.015
2006-03-20,1024.502,1037.659
2006-03-21,1037.949,1040.757
2006-03-22,1041.138,1047.666
2006-03-23,1047.349,1048.537
2006-03-24,1049.122,1042.601
2006-03-27,1042.629,1050.707
2006-03-28,1050.068,1055.982
2006-03-29,1058.738,1065.294
2006-03-30,1065.843,1055.634
2006-03-31,1053.854,1061.088
2006-04-03,1061.962,1079.322
2006-04-04,1080.857,1089.371
2006-04-05,1091.175,1099.97
2006-04-06,1102.543,1103.237
2006-04-07,1102.944,1103.154
2006-04-10,1104.321,1117.91
2006-04-11,1120.163,1123.308
2006-04-12,1123.782,1117.073
2006-04-13,1116.837,1093.925
2006-04-14,1091.689,1118.607
2006-04-17,1120.186,1124.414
2006-04-18,1127.506,1131.281
2006-04-19,1135.614,1138.241
2006-04-20,1139.642,1134.381
2006-04-21,1133.205,1149.158
2006-04-24,1156.908,1142.698
2006-04-25,1139.495,1141.93
2006-04-26,1142.902,1155.726
2006-04-27,1157.379,1155.268
2006-04-28,1143.587,1172.347
2006-05-08,1179.581,1218.445
2006-05-09,1226.315,1251.611
2006-05-10,1257.984,1265.933
2006-05-11,1267.219,1255.035
2006-05-12,1255.234,1296.257
2006-05-15,1312.137,1352.155
2006-05-16,1368.134,1331.127
2006-05-17,1331.686,1335.523
2006-05-18,1322.652,1331.201
2006-05-19,1334.069,1366.097
2006-05-22,1366.316,1373.674
2006-05-23,1365.1,1317.654
2006-05-24,1325.683,1308.242
2006-05-25,1304.695,1307.697
2006-05-26,1312.236,1331.02
2006-05-29,1339.896,1366.292
2006-05-30,1375.298,1378.756
2006-05-31,1377.449,1365.451
2006-06-01,1364.178,1402.879
2006-06-02,1406.617,1390.116
2006-06-05,1391.461,1403.163
2006-06-06,1400.267,1399.142
2006-06-07,1398.184,1320.233
2006-06-08,1309.07,1325.979
2006-06-09,1320.813,1294.185
2006-06-12,1283.827,1297.67
2006-06-13,1296.408,1298.276
2006-06-14,1291.69,1283.88
2006-06-15,1283.721,1285.385
2006-06-16,1290.003,1318.01
2006-06-19,1306.263,1334.893
2006-06-20,1333.619,1338.223
2006-06-21,1336.842,1333.532
2006-06-22,1331.926,1331.553
2006-06-23,1329.106,1339.446
2006-06-26,1341.609,1363.413
2006-06-27,1365.043,1363.896
2006-06-28,1361.792,1362.885
2006-06-29,1365.252,1395.124
2006-06-30,1402.595,1393.963
2006-07-03,1398.736,1420.328
2006-07-04,1423.078,1411.013
2006-07-05,1409.901,1393.009
2006-07-06,1391.638,1418.675
2006-07-07,1423.718,1410.429
2006-07-10,1410.496,1412.124
2006-07-11,1414.136,1418.575
2006-07-12,1419.073,1419.199
2006-07-13,1415.875,1346.088
2006-07-14,1333.743,1357.129
2006-07-17,1354.137,1372.254
2006-07-18,1370.896,1373.416
2006-07-19,1370.287,1336.644
2006-07-20,1335.412,1345.194
2006-07-21,1344.601,1356.033
2006-07-24,1340.279,1358.122
2006-07-25,1359.323,1374.17
2006-07-26,1377.784,1371.295
2006-07-27,1370.749,1355.545
2006-07-28,1354.919,1341.393
2006-07-31,1338.039,1294.328
2006-08-01,1292.709,1282.057
2006-08-02,1281.889,1275.088
2006-08-03,1277.632,1271.744
2006-08-04,1272.362,1241.908
2006-08-07,1233.488,1224.102
2006-08-08,1225.04,1252.386
2006-08-09,1254.374,1251.298
2006-08-10,1251.163,1271.473
2006-08-11,1273.266,1275.654
2006-08-14,1275.139,1245.721
2006-08-15,1243.16,1265.863
2006-08-16,1266.821,1283.567
2006-08-17,1280.284,1271.627
2006-08-18,1270.225,1267.866
2006-08-21,1235.426,1270.562
2006-08-22,1270.103,1285.268
2006-08-23,1284.817,1285.68
2006-08-24,1284.835,1292.401
2006-08-25,1293.502,1295.437
2006-08-28,1298.464,1325.894
2006-08-29,1328.611,1330.155
2006-08-30,1328.37,1334.671
2006-08-31,1335.588,1338.694
2006-09-01,1339.309,1318.099
2006-09-04,1315.707,1337.243
2006-09-05,1339.59,1340.682
2006-09-06,1341.403,1346.367
2006-09-07,1348.174,1328.377
2006-09-08,1327.555,1332.153
2006-09-11,1331.89,1338.755
2006-09-12,1338.815,1347.639
2006-09-13,1348.849,1338.386
2006-09-14,1338.35,1338.278
2006-09-15,1338.409,1362.322
2006-09-18,1367.645,1375.563
2006-09-19,1377.716,1378.309
2006-09-20,1376.118,1378.459
2006-09-21,1378.456,1387.37
2006-09-22,1389.867,1374.852
2006-09-25,1372.808,1372.399
2006-09-26,1370.856,1357.646
2006-09-27,1357.275,1371.117
2006-09-28,1372.134,1387.002
2006-09-29,1389.075,1403.265
2006-10-09,1420.362,1436.074
2006-10-10,1437.689,1437.245
2006-10-11,1436.681,1435.906
2006-10-12,1436.198,1426.5
2006-10-13,1424.301,1430.882
2006-10-16,1432.306,1418.517
2006-10-17,1416.949,1414.448
2006-10-18,1413.906,1437.593
2006-10-19,1438.842,1439.377
2006-10-20,1440.668,1440.182
2006-10-23,1439.54,1408.715
2006-10-24,1408.578,1440.054
2006-10-25,1443.108,1446.825
2006-10-26,1447.088,1456.095
2006-10-27,1455.978,1439.05
2006-10-30,1436.66,1446.239
2006-10-31,1447.055,1464.473
2006-11-01,1465.667,1479.409
2006-11-02,1480.551,1479.656
2006-11-03,1481.582,1488.291
2006-11-06,1477.44,1507.891
2006-11-07,1512.649,1516.104
2006-11-08,1512.362,1498.173
2006-11-09,1491.801,1524.714
2006-11-10,1525.226,1504.062
2006-11-13,1498.064,1475.779
2006-11-14,1475.445,1493.776
2006-11-15,1494.114,1534.762
2006-11-16,1540.258,1533.288
2006-11-17,1528.007,1562.084
2006-11-20,1567.344,1593.158
2006-11-21,1591.47,1612.249
2006-11-22,1610.049,1624.028
2006-11-23,1623.714,1634.914
2006-11-24,1629.894,1636.58
2006-11-27,1632.659,1651.801
2006-11-28,1649.681,1644.014
2006-11-29,1617.69,1667.142
2006-11-30,1671.665,1714.358
2006-12-01,1719.278,1729.224
2006-12-04,1731.897,1780.736
2006-12-05,1785.443,1794.231
2006-12-06,1794.256,1779.411
2006-12-07,1774.185,1775.714
2006-12-08,1752.771,1711.584
2006-12-11,1705.911,1789.924
2006-12-12,1798.464,1802.788
2006-12-13,1805.424,1803.856
2006-12-14,1807.079,1836.143
2006-12-15,1842.883,1867.636
2006-12-18,1875.005,1916.108
2006-12-19,1924.799,1921.444
2006-12-20,1912.904,1936.547
2006-12-21,1935.784,1908.985
2006-12-22,1896.48,1895.644
2006-12-25,1898.819,1939.104
2006-12-26,1941.795,1938.238
2006-12-27,1940.412,1982.877
2006-12-28,1988.016,1979.933
2006-12-29,1991.876,2041.047
2007-01-04,2073.25,2067.092
2007-01-05,2051.152,2072.883
2007-01-08,2072.005,2131.556
2007-01-09,2137.485,2200.086
2007-01-10,2210.757,2255.966
2007-01-11,2257.01,2231.629
2007-01-12,2215.859,2173.747
2007-01-15,2170.943,2287.342
2007-01-16,2310.963,2353.874
2007-01-17,2360.41,2308.931
2007-01-18,2292.173,2317.095
2007-01-19,2320.873,2396.093
2007-01-22,2424.815,2491.313
2007-01-23,2508.265,2508.13
2007-01-24,2508.523,2536.428
2007-01-25,2512.459,2452.831
2007-01-26,2415.746,2512.922
2007-01-29,2529.943,2576.917
2007-01-30,2586.523,2551.884
2007-01-31,2544.3,2385.335
2007-02-01,2350.596,2395.172
2007-02-02,2397.058,2298.003
2007-02-05,2282.77,2271.797
2007-02-06,2271.372,2316.04
2007-02-07,2330.428,2369.787
2007-02-08,2376.629,2410.601
2007-02-09,2412.644,2397.245
2007-02-12,2397.849,2485.392
2007-02-13,2498.345,2522.63
2007-02-14,2527.56,2588.349
2007-02-15,2607.626,2668.633
2007-02-16,2692.67,2676.735
2007-02-26,2679.265,2707.676
2007-02-27,2717.812,2457.492
2007-02-28,2413.422,2544.571
2007-03-01,2550.26,2473.544
2007-03-02,2468.672,2508.729
2007-03-05,2503.816,2475.606
2007-03-06,2467.741,2520.293
2007-03-07,2532.975,2589.436
2007-03-08,2597.715,2627.63
2007-03-09,2632.8,2611.393
2007-03-12,2612.957,2616.172
2007-03-13,2620.715,2640.169
2007-03-14,2609.927,2597.357
2007-03-15,2595.543,2645.546
2007-03-16,2656.009,2604.226
2007-03-19,2533.711,2659.413
2007-03-20,2669.635,2672.771
2007-03-21,2685.925,2702.597
2007-03-22,2720.459,2711.322
2007-03-23,2710.362,2716.266
2007-03-26,2725.397,2764.034
2007-03-27,2770.348,2784.023
2007-03-28,2787.239,2797.649
2007-03-29,2802.377,2783.305
2007-03-30,2768.71,2781.784
2007-04-02,2793.957,2850.107
2007-04-03,2861.898,2888.115
2007-04-04,2893.377,2911.821
2007-04-05,2909.5,2945.045
2007-04-06,2921.727,2972.008
2007-04-09,2988.377,3038.172
2007-04-10,3053.355,3081.568
2007-04-11,3092.085,3121.319
2007-04-12,3129.247,3176.437
2007-04-13,3182.777,3169.233
2007-04-16,3177.303,3255.998
2007-04-17,3273.43,3283.604
2007-04-18,3294.213,3304.501
2007-04-19,3297.946,3150.303
2007-04-20,3165.674,3289.282
2007-04-23,3330.798,3431.318
2007-04-24,3462.48,3445.196
2007-04-25,3432.024,3448.281
2007-04-26,3465.112,3493.581
2007-04-27,3499.941,3470.523
2007-04-30,3487.358,3558.709
2007-05-08,3643.813,3686.03
2007-05-09,3699.296,3701.277
2007-05-10,3703.525,3724.51
2007-05-11,3696.294,3702.612
2007-05-14,3648.269,3734.42
2007-05-15,3739.049,3604.636
2007-05-16,3597.997,3700.287
2007-05-17,3716.438,3778.605
2007-05-18,3771.271,3776.629
2007-05-21,3650.803,3831.443
2007-05-22,3849.043,3870.489
2007-05-23,3879.759,3938.945
2007-05-24,3953.887,3919.748
2007-05-25,3907.73,3985.252
2007-05-28,4033.921,4072.578
2007-05-29,4090.903,4168.289
2007-05-30,3906.041,3886.459
2007-05-31,3828.916,3927.952
2007-06-01,3953.1,3803.954
2007-06-04,3804.958,3511.431
2007-06-05,3406.999,3634.633
2007-06-06,3652.893,3677.58
2007-06-07,3694.55,3802.304
2007-06-08,3814.185,3837.867
2007-06-11,3876.067,3931.862
2007-06-12,3953.959,4036.109
2007-06-13,4071.735,4118.268
2007-06-14,4103.523,4075.821
2007-06-15,4043.111,4099.381
2007-06-18,4178.762,4227.569
2007-06-19,4227.592,4253.0
2007-06-20,4268.655,4157.599
2007-06-21,4140.693,4197.28
2007-06-22,4203.134,4051.426
2007-06-25,4066.453,3877.59
2007-06-26,3804.413,3928.213
2007-06-27,3946.876,4040.484
2007-06-28,4038.378,3858.522
2007-06-29,3769.331,3764.078
2007-07-02,3746.175,3757.655
2007-07-03,3782.778,3832.227
2007-07-04,3840.412,3743.582
2007-07-05,3688.312,3537.435
2007-07-06,3517.599,3710.283
2007-07-09,3743.869,3821.302
2007-07-10,3832.756,3775.621
2007-07-11,3751.489,3789.874
2007-07-12,3799.185,3816.921
2007-07-13,3825.033,3820.124
2007-07-16,3824.911,3697.966
2007-07-17,3684.335,3789.651
2007-07-18,3776.94,3807.574
2007-07-19,3796.915,3806.997
2007-07-20,3808.082,3971.884
2007-07-23,4009.063,4156.723
2007-07-24,4187.327,4161.352
2007-07-25,4163.364,4255.463
2007-07-26,4282.676,4303.185
2007-07-27,4277.551,4307.143
2007-07-30,4305.178,4410.297
2007-07-31,4402.518,4460.564
2007-08-01,4479.299,4290.477
2007-08-02,4311.599,4436.192
2007-08-03,4472.894,4598.379
2007-08-06,4642.78,4703.984
2007-08-07,4715.389,4724.547
2007-08-08,4680.071,4668.087
2007-08-09,4666.421,4777.286
2007-08-10,4765.852,4726.683
2007-08-13,4724.516,4721.192
2007-08-14,4721.446,4795.568
2007-08-15,4804.676,4798.75
2007-08-16,4772.356,4721.942
2007-08-17,4694.2,4626.583
2007-08-20,4749.204,4885.427
2007-08-21,4915.524,4972.711
2007-08-22,4899.93,5051.688
2007-08-23,5075.51,5135.93
2007-08-24,5161.15,5217.581
2007-08-27,5250.619,5243.147
2007-08-28,5220.639,5251.77
2007-08-29,5215.655,5171.822
2007-08-30,5193.726,5241.228
2007-08-31,5255.091,5296.813
2007-09-03,5335.049,5419.169
2007-09-04,5421.254,5360.333
2007-09-05,5357.553,5363.251
2007-09-06,5389.486,5412.037
2007-09-07,5382.911,5294.795
2007-09-10,5226.736,5377.222
2007-09-11,5384.559,5124.092
2007-09-12,5102.576,5202.856
2007-09-13,5230.645,5349.97
2007-09-14,5362.465,5397.278
2007-09-17,5389.501,5498.908
2007-09-18,5524.099,5476.839
2007-09-19,5487.377,5419.268
2007-09-20,5436.641,5494.915
2007-09-21,5508.505,5468.098
2007-09-24,5481.382,5513.895
2007-09-25,5524.016,5454.615
2007-09-26,5433.63,5361.021
2007-09-27,5364.529,5427.657
2007-09-28,5479.853,5580.813
2007-10-08,5703.28,5653.136
2007-10-09,5638.633,5675.927
2007-10-10,5694.986,5685.759
2007-10-11,5695.128,5760.078
2007-10-12,5777.898,5737.221
2007-10-15,5761.869,5821.447
2007-10-16,5851.538,5877.202
2007-10-17,5862.378,5824.117
2007-10-18,5813.239,5615.747
2007-10-19,5651.032,5614.06
2007-10-22,5543.793,5472.677
2007-10-23,5467.832,5540.09
2007-10-24,5564.478,5588.014
2007-10-25,5549.664,5333.792
2007-10-26,5279.1,5394.807
2007-10-29,5428.683,5508.357
2007-10-30,5529.965,5596.068
2007-10-31,5663.756,5688.543
2007-11-01,5701.487,5605.232
2007-11-02,5514.852,5472.93
2007-11-05,5438.811,5360.305
2007-11-06,5331.31,5317.549
2007-11-07,5348.556,5350.629
2007-11-08,5321.863,5093.669
2007-11-09,5042.756,5040.525
2007-11-12,4916.817,4978.252
2007-11-13,5024.521,4939.244
2007-11-14,5013.782,5145.888
2007-11-15,5129.813,5081.113
2007-11-16,4999.843,5007.662
2007-11-19,5017.404,4994.416
2007-11-20,4964.564,5069.382
2007-11-21,5087.248,4997.62
2007-11-22,4902.627,4772.617
2007-11-23,4733.365,4856.161
2007-11-26,4931.599,4800.082
2007-11-27,4759.006,4711.152
2007-11-28,4724.467,4648.751
2007-11-29,4708.384,4842.07
2007-11-30,4841.076,4737.408
2007-12-03,4714.921,4772.674
2007-12-04,4786.641,4829.214
2007-12-05,4829.953,4965.947
2007-12-06,4986.251,4971.055
2007-12-07,4979.841,5041.35
2007-12-10,4961.67,5133.562
2007-12-11,5162.088,5140.0
2007-12-12,5108.578,5077.39
2007-12-13,5051.784,4884.298
2007-12-14,4827.392,4977.652
2007-12-17,4976.239,4857.289
2007-12-18,4827.26,4829.909
2007-12-19,4877.769,4946.285
2007-12-20,4968.031,5037.195
2007-12-21,5016.459,5101.852
2007-12-24,5142.156,5207.134
2007-12-25,5217.558,5216.813
2007-12-26,5231.969,5265.026
2007-12-27,5286.98,5367.53
2007-12-28,5379.518,5338.275
2008-01-02,5349.763,5385.103
2008-01-03,5381.147,5422.034
2008-01-04,5430.63,5483.65
2008-01-07,5480.442,5556.593
2008-01-08,5575.95,5528.054
2008-01-09,5507.116,5613.758
2008-01-10,5631.645,5672.154
2008-01-11,5688.563,5699.147
2008-01-14,5717.525,5731.757
2008-01-15,5743.431,5696.45
2008-01-16,5642.566,5505.717
2008-01-17,5445.803,5365.624
2008-01-18,5358.183,5414.468
2008-01-21,5424.64,5145.734
2008-01-22,5015.428,4753.868
2008-01-23,4787.171,4975.111
2008-01-24,5034.533,5027.213
2008-01-25,5022.896,5077.429
2008-01-28,5038.507,4731.883
2008-01-29,4742.901,4762.083
2008-01-30,4817.161,4710.652
2008-01-31,4693.607,4620.401
2008-02-01,4623.621,4571.945
2008-02-04,4695.546,4950.124
2008-02-05,4942.875,4921.829
2008-02-13,4858.814,4816.084
2008-02-14,4858.849,4880.252
2008-02-15,4846.024,4813.311
2008-02-18,4875.215,4910.992
2008-02-19,4926.839,5020.753
2008-02-20,5032.777,4908.717
2008-02-21,4878.569,4876.03
2008-02-22,4850.882,4702.241
2008-02-25,4704.316,4519.783
2008-02-26,4637.6,4515.533
2008-02-27,4543.097,4639.768
2008-02-28,4651.157,4622.056
2008-02-29,4616.24,4674.55
2008-03-03,4648.735,4790.744
2008-03-04,4813.401,4671.148
2008-03-05,4650.518,4628.724
2008-03-06,4645.069,4685.03
2008-03-07,4641.755,4621.685
2008-03-10,4588.727,4431.589
2008-03-11,4393.282,4441.184
2008-03-12,4534.811,4309.648
2008-03-13,4266.273,4198.96
2008-03-14,4179.438,4157.871
2008-03-17,4138.877,3965.279
2008-03-18,3924.87,3763.948
2008-03-19,3837.603,3888.861
2008-03-20,3833.205,4001.832
2008-03-21,3998.197,4037.83
2008-03-24,4086.07,3857.091
2008-03-25,3780.459,3905.774
2008-03-26,3926.864,3914.37
2008-03-27,3847.439,3748.92
2008-03-28,3712.98,3918.156
2008-03-31,3802.206,3790.53
2008-04-01,3776.268,3582.855
2008-04-02,3621.388,3547.977
2008-04-03,3518.223,3650.698
2008-04-07,3611.958,3845.822
2008-04-08,3852.011,3891.059
2008-04-09,3857.275,3688.125
2008-04-10,3641.66,3754.715
2008-04-11,3794.297,3783.728
2008-04-14,3699.142,3536.327
2008-04-15,3513.068,3583.299
2008-04-16,3573.664,3494.016
2008-04-17,3493.238,3386.63
2008-04-18,3356.562,3272.499
2008-04-21,3516.425,3267.554
2008-04-22,3207.881,3296.277
2008-04-23,3267.359,3453.727
2008-04-24,3739.321,3774.504
2008-04-25,3781.912,3803.07
2008-04-28,3740.951,3729.154
2008-04-29,3704.927,3776.943
2008-04-30,3793.853,3959.119
2008-05-05,4015.212,4055.779
2008-05-06,4021.073,4010.888
2008-05-07,3986.129,3821.319
2008-05-08,3774.044,3925.041
2008-05-09,3960.886,3878.924
2008-05-12,3804.985,3904.92
2008-05-13,3786.534,3851.687
2008-05-14,3843.47,3975.782
2008-05-15,4006.658,3948.088
2008-05-16,3948.034,3936.121
2008-05-19,3926.314,3914.072
2008-05-20,3911.096,3710.818
2008-05-21,3668.181,3783.049
2008-05-22,3732.641,3711.444
2008-05-23,3697.89,3675.147
2008-05-26,3643.012,3559.217
2008-05-27,3549.986,3576.197
2008-05-28,3583.284,3676.23
2008-05-29,3666.196,3580.868
2008-05-30,3585.605,3611.33
2008-06-02,3600.234,3625.826
2008-06-03,3624.572,3614.111
2008-06-04,3601.54,3546.916
2008-06-05,3529.978,3512.138
2008-06-06,3519.116,3489.502
2008-06-10,3344.453,3206.562
2008-06-11,3155.943,3140.299
2008-06-12,3123.64,3084.633
2008-06-13,3087.337,2979.117
2008-06-16,2981.085,2952.242
2008-06-17,2950.399,2842.676
2008-06-18,2820.237,2991.273
2008-06-19,2967.402,2773.076
2008-06-20,2795.465,2849.668
2008-06-23,2798.428,2789.941
2008-06-24,2775.69,2851.915
2008-06-25,2844.922,2969.537
2008-06-26,2964.516,2980.907
2008-06-27,2886.18,2816.021
2008-06-30,2782.844,2791.819
2008-07-01,2799.195,2698.347
2008-07-02,2702.634,2699.597
2008-07-03,2654.479,2760.612
2008-07-04,2751.213,2741.852
2008-07-07,2747.611,2882.763
2008-07-08,2900.571,2901.841
2008-07-09,2926.996,3015.126
2008-07-10,2970.984,2973.728
2008-07-11,2962.861,2953.498
2008-07-14,2927.24,2975.874
2008-07-15,2987.061,2852.979
2008-07-16,2818.763,2745.596
2008-07-17,2790.259,2718.068
2008-07-18,2746.536,2815.462
2008-07-21,2792.829,2911.051
2008-07-22,2905.276,2904.743
2008-07-23,2923.049,2883.32
2008-07-24,2905.043,2977.362
2008-07-25,2939.321,2939.202
2008-07-28,2959.113,2960.851
2008-07-29,2921.248,2905.63
2008-07-30,2940.02,2884.384
2008-07-31,2894.246,2805.21
2008-08-01,2786.123,2840.788
2008-08-04,2816.936,2773.15
2008-08-05,2780.761,2703.079
2008-08-06,2723.523,2721.693
2008-08-07,2717.661,2720.442
2008-08-08,2719.375,2591.462
2008-08-11,2579.805,2456.811
2008-08-12,2431.383,2444.155
2008-08-13,2427.495,2444.672
2008-08-14,2429.977,2443.512
2008-08-15,2440.39,2447.615
2008-08-18,2451.311,2313.402
2008-08-19,2285.515,2348.472
2008-08-20,2332.386,2532.94
2008-08-21,2494.262,2443.979
2008-08-22,2421.249,2404.928
2008-08-25,2408.026,2400.548
2008-08-26,2370.528,2331.532
2008-08-27,2322.539,2325.292
2008-08-28,2325.262,2335.865
2008-08-29,2347.4,2391.64
2008-09-01,2372.638,2309.171
2008-09-02,2292.686,2285.411
2008-09-03,2279.598,2245.964
2008-09-04,2238.645,2251.146
2008-09-05,2193.038,2183.432
2008-09-08,2189.822,2126.518
2008-09-09,2135.223,2139.145
2008-09-10,2124.965,2143.176
2008-09-11,2135.453,2072.126
2008-09-12,2071.061,2077.846
2008-09-16,2050.316,2000.651
2008-09-17,1981.252,1929.135
2008-09-18,1876.965,1895.99
2008-09-19,2065.779,2073.113
2008-09-22,2228.366,2207.614
2008-09-23,2141.6,2123.478
2008-09-24,2072.652,2138.853
2008-09-25,2143.729,2223.532
2008-09-26,2234.459,2243.657
2008-10-06,2206.563,2128.696
2008-10-07,2043.923,2102.448
2008-10-08,2041.991,2022.881
2008-10-09,2059.585,1995.297
2008-10-10,1913.265,1906.96
2008-10-13,1889.754,1985.486
2008-10-14,2054.408,1934.619
2008-10-15,1911.032,1914.356
2008-10-16,1833.482,1820.903
2008-10-17,1837.914,1833.262
2008-10-20,1828.414,1896.733
2008-10-21,1901.244,1881.406
2008-10-22,1854.6,1833.323
2008-10-23,1794.681,1834.78
2008-10-24,1831.463,1781.598
2008-10-27,1746.668,1654.671
2008-10-28,1614.616,1705.82
2008-10-29,1723.234,1658.223
2008-10-30,1669.968,1697.656
2008-10-31,1688.09,1663.66
2008-11-03,1648.556,1653.542
2008-11-04,1646.201,1627.759
2008-11-05,1641.264,1691.42
2008-11-06,1648.127,1649.776
2008-11-07,1618.753,1677.827
2008-11-10,1714.123,1801.665
2008-11-11,1795.301,1781.361
2008-11-12,1758.479,1801.823
2008-11-13,1777.031,1874.082
2008-11-14,1893.309,1943.654
2008-11-17,1934.737,1987.225
2008-11-18,1974.378,1839.819
2008-11-19,1831.597,1953.163
2008-11-20,1916.7,1932.428
2008-11-21,1872.265,1920.735
2008-11-24,1913.993,1837.642
2008-11-25,1870.055,1834.294
2008-11-26,1832.114,1843.495
2008-11-27,1961.891,1870.473
2008-11-28,1851.103,1829.924
2008-12-01,1823.769,1864.205
2008-12-02,1821.543,1868.631
2008-12-03,1884.601,1952.668
2008-12-04,1980.445,1982.928
2008-12-05,1969.741,2013.175
2008-12-08,2040.474,2095.036
2008-12-09,2104.124,2040.847
2008-12-10,2028.514,2096.393
2008-12-11,2087.43,2046.337
2008-12-12,2027.069,1960.38
2008-12-15,1991.551,1975.034
2008-12-16,1956.995,1994.45
2008-12-17,2002.029,2001.42
2008-12-18,2001.048,2045.102
2008-12-19,2037.369,2052.114
2008-12-22,2050.77,2017.549
2008-12-23,2019.231,1918.955
2008-12-24,1893.225,1887.075
2008-12-25,1891.526,1870.765
2008-12-26,1868.344,1862.096
2008-12-29,1852.413,1854.757
2008-12-30,1852.949,1833.435
2008-12-31,1835.105,1817.722
2009-01-05,1848.326,1882.959
2009-01-06,1880.672,1942.795
2009-01-07,1942.671,1931.178
2009-01-08,1894.664,1887.991
2009-01-09,1886.488,1918.365
2009-01-12,1911.736,1920.687
2009-01-13,1892.655,1876.185
2009-01-14,1873.626,1955.244
2009-01-15,1935.386,1954.874
2009-01-16,1965.44,1990.214
2009-01-19,2010.579,2012.465
2009-01-20,2006.525,2025.19
2009-01-21,1993.67,2021.71
2009-01-22,2034.286,2044.551
2009-01-23,2039.522,2032.682
2009-02-02,2052.439,2057.063
2009-02-03,2056.795,2108.91
2009-02-04,2118.563,2166.414
2009-02-05,2164.546,2150.971
2009-02-06,2158.084,2237.28
2009-02-09,2271.593,2296.672
2009-02-10,2288.071,2326.755
2009-02-11,2287.232,2331.138
2009-02-12,2335.401,2318.343
2009-02-13,2321.56,2399.065
2009-02-16,2421.187,2462.245
2009-02-17,2460.569,2385.293
2009-02-18,2331.662,2275.843
2009-02-19,2295.653,2298.412
2009-02-20,2300.806,2344.32
2009-02-23,2333.809,2410.481
2009-02-24,2376.697,2301.849
2009-02-25,2325.039,2304.251
2009-02-26,2295.426,2190.185
2009-02-27,2164.54,2140.489
2009-03-02,2123.367,2164.666
2009-03-03,2109.841,2142.154
2009-03-04,2150.239,2285.149
2009-03-05,2314.079,2304.919
2009-03-06,2260.756,2286.576
2009-03-09,2302.011,2202.527
2009-03-10,2175.306,2240.782
2009-03-11,2288.053,2220.38
2009-03-12,2208.041,2215.7
2009-03-13,2229.25,2205.422
2009-03-16,2197.248,2241.614
2009-03-17,2244.11,2322.403
2009-03-18,2335.417,2332.652
2009-03-19,2337.524,2382.564
2009-03-20,2389.892,2379.838
2009-03-23,2384.67,2439.395
2009-03-24,2477.567,2451.783
2009-03-25,2435.633,2401.327
2009-03-26,2407.762,2479.789
2009-03-27,2500.998,2498.931
2009-03-30,2501.312,2484.487
2009-03-31,2436.778,2507.789
2009-04-01,2519.886,2548.222
2009-04-02,2558.768,2576.4
2009-04-03,2597.916,2570.503
2009-04-07,2570.625,2576.95
2009-04-08,2563.722,2479.348
2009-04-09,2477.419,2517.669
2009-04-10,2540.108,2595.53
2009-04-13,2621.979,2656.518
2009-04-14,2651.197,2676.872
2009-04-15,2662.728,2686.99
2009-04-16,2690.515,2687.106
2009-04-17,2675.668,2650.691
2009-04-20,2643.726,2707.667
2009-04-21,2670.277,2675.442
2009-04-22,2687.857,2576.281
2009-04-23,2555.527,2593.564
2009-04-24,2605.703,2572.888
2009-04-27,2566.92,2513.292
2009-04-28,2490.526,2518.531
2009-04-29,2518.854,2605.37
2009-04-30,2616.485,2622.926
2009-05-04,2635.129,2714.301
2009-05-05,2733.107,2727.014
2009-05-06,2721.817,2764.979
2009-05-07,2783.577,2767.076
2009-05-08,2751.499,2789.219
2009-05-11,2808.139,2725.316
2009-05-12,2702.742,2788.562
2009-05-13,2792.42,2814.005
2009-05-14,2781.048,2792.597
2009-05-15,2800.571,2796.116
2009-05-18,2782.585,2810.573
2009-05-19,2836.337,2840.084
2009-05-20,2843.545,2812.865
2009-05-21,2795.828,2750.01
2009-05-22,2733.017,2740.677
2009-05-25,2684.213,2752.716
2009-05-26,2757.31,2719.764
2009-05-27,2734.418,2759.712
2009-06-01,2798.927,2858.342
2009-06-02,2878.528,2865.099
2009-06-03,2865.732,2939.387
2009-06-04,2924.267,2953.751
2009-06-05,2966.065,2939.306
2009-06-08,2937.635,2948.478
2009-06-09,2948.949,2960.556
2009-06-10,2972.423,2989.595
2009-06-11,2982.969,2961.629
2009-06-12,2955.569,2906.286
2009-06-15,2911.423,2966.192
2009-06-16,2936.508,2961.22
2009-06-17,2957.576,3010.588
2009-06-18,3014.437,3057.428
2009-06-19,3061.903,3080.001
2009-06-22,3106.387,3082.563
2009-06-23,3036.404,3083.895
2009-06-24,3079.495,3120.73
2009-06-25,3125.662,3117.921
2009-06-26,3126.228,3128.421
2009-06-29,3132.113,3179.972
2009-06-30,3191.641,3166.474
2009-07-01,3153.537,3237.903
2009-07-02,3248.204,3282.359
2009-07-03,3254.93,3327.135
2009-07-06,3333.096,3374.753
2009-07-07,3368.33,3340.493
2009-07-08,3306.428,3352.269
2009-07-09,3348.221,3396.304
2009-07-10,3398.911,3398.31
2009-07-13,3382.574,3361.011
2009-07-14,3375.873,3454.753
2009-07-15,3467.132,3493.305
2009-07-16,3516.778,3501.24
2009-07-17,3499.51,3519.809
2009-07-20,3532.519,3591.123
2009-07-21,3603.402,3539.832
2009-07-22,3532.632,3606.924
2009-07-23,3613.598,3651.969
2009-07-24,3672.206,3667.556
2009-07-27,3680.15,3743.626
2009-07-28,3745.549,3755.818
2009-07-29,3741.784,3558.508
2009-07-30,3587.047,3634.818
2009-07-31,3670.191,3734.622
2009-08-03,3754.218,3787.033
2009-08-04,3803.061,3786.615
2009-08-05,3781.401,3740.936
2009-08-06,3707.907,3663.12
2009-08-07,3655.462,3555.095
2009-08-10,3589.716,3544.539
2009-08-11,3558.645,3556.375
2009-08-12,3546.5,3397.4
2009-08-13,3398.889,3440.82
2009-08-14,3437.951,3344.462
2009-08-17,3283.436,3140.271
2009-08-18,3110.708,3171.986
2009-08-19,3178.281,3014.568
2009-08-20,3021.251,3144.39
2009-08-21,3135.373,3203.624
2009-08-24,3222.397,3229.6
2009-08-25,3210.851,3109.83
2009-08-26,3082.68,3172.386
2009-08-27,3149.566,3156.301
2009-08-28,3152.037,3046.781
2009-08-31,3003.543,2830.271
2009-09-01,2804.584,2843.7
2009-09-02,2824.641,2890.926
2009-09-03,2898.449,3051.964
2009-09-04,3055.347,3077.142
2009-09-07,3097.789,3104.208
2009-09-08,3084.199,3170.967
2009-09-09,3188.311,3194.909
2009-09-10,3179.187,3162.914
2009-09-11,3152.815,3238.133
2009-09-14,3248.348,3293.394
2009-09-15,3298.81,3302.642
2009-09-16,3290.387,3258.236
2009-09-17,3274.582,3320.096
2009-09-18,3325.061,3199.689
2009-09-21,3163.512,3208.604
2009-09-22,3196.009,3131.026
2009-09-23,3130.142,3060.069
2009-09-24,3041.82,3080.926
2009-09-25,3057.106,3058.528
2009-09-28,3066.368,2972.643
2009-09-29,2975.531,2972.286
2009-09-30,2992.98,3004.805
2009-10-09,3078.753,3163.708
2009-10-12,3181.581,3151.632
2009-10-13,3144.022,3198.517
2009-10-14,3209.065,3227.399
2009-10-15,3258.546,3239.643
2009-10-16,3250.102,3241.709
2009-10-19,3238.848,3329.158
2009-10-20,3355.358,3377.574
2009-10-21,3375.027,3369.285
2009-10-22,3364.145,3347.32
2009-10-23,3354.984,3413.252
2009-10-26,3421.696,3414.239
2009-10-27,3384.294,3314.722
2009-10-28,3303.773,3329.327
2009-10-29,3265.186,3247.051
2009-10-30,3305.376,3280.372
2009-11-02,3205.835,3392.803
2009-11-03,3402.528,3435.425
2009-11-04,3443.517,3453.888
2009-11-05,3458.865,3464.318
2009-11-06,3491.075,3483.021
2009-11-09,3487.107,3495.788
2009-11-10,3520.395,3503.776
2009-11-11,3500.586,3495.674
2009-11-12,3506.952,3499.992
2009-11-13,3489.538,3518.722
2009-11-16,3541.053,3625.798
2009-11-17,3644.962,3628.354
2009-11-18,3633.851,3630.229
2009-11-19,3638.073,3642.437
2009-11-20,3630.576,3631.013
2009-11-23,3636.529,3665.509
2009-11-24,3680.746,3548.08
2009-11-25,3541.512,3629.629
2009-11-26,3635.79,3485.773
2009-11-27,3440.343,3382.51
2009-11-30,3415.077,3511.669
2009-12-01,3507.559,3560.831
2009-12-02,3578.869,3597.329
2009-12-03,3596.952,3590.876
2009-12-04,3581.627,3643.491
2009-12-07,3644.625,3668.832
2009-12-08,3670.807,3624.019
2009-12-09,3579.282,3554.478
2009-12-10,3579.826,3577.237
2009-12-11,3589.408,3575.02
2009-12-14,3572.531,3612.753
2009-12-15,3594.51,3583.341
2009-12-16,3568.28,3560.723
2009-12-17,3571.052,3480.153
2009-12-18,3450.045,3391.735
2009-12-21,3386.326,3396.622
2009-12-22,3402.228,3305.543
2009-12-23,3303.729,3336.48
2009-12-24,3346.763,3438.817
2009-12-25,3434.326,3424.783
2009-12-28,3432.82,3478.433
2009-12-29,3481.903,3500.737
2009-12-30,3503.816,3558.857
2009-12-31,3561.367,3575.684
2010-01-04,3592.468,3535.229
2010-01-05,3545.186,3564.038
2010-01-06,3558.7,3541.727
2010-01-07,3543.16,3471.456
2010-01-08,3456.908,3480.13
2010-01-11,3593.106,3482.052
2010-01-12,3477.842,3534.916
2010-01-13,3448.291,3421.144
2010-01-14,3433.472,3469.051
2010-01-15,3472.524,3482.738
2010-01-18,3471.777,3500.684
2010-01-19,3506.806,3507.482
2010-01-20,3512.246,3394.434
2010-01-21,3397.043,3408.574
2010-01-22,3364.452,3366.197
2010-01-25,3340.013,3328.014
2010-01-26,3328.113,3242.797
2010-01-27,3243.038,3198.566
2010-01-28,3195.289,3206.57
2010-01-29,3190.315,3204.155
2010-02-01,3198.23,3152.707
2010-02-02,3170.778,3146.189
2010-02-03,3160.712,3230.715
2010-02-04,3206.431,3218.802
2010-02-05,3147.721,3153.087
2010-02-08,3152.253,3150.988
2010-02-09,3147.761,3169.19
2010-02-10,3195.142,3214.13
2010-02-11,3216.688,3220.398
2010-02-12,3232.879,3251.278
2010-02-22,3248.947,3233.345
2010-02-23,3225.393,3198.634
2010-02-24,3177.082,3244.483
2010-02-25,3252.153,3292.128
2010-02-26,3286.095,3281.666
2010-03-01,3290.007,3324.423
2010-03-02,3327.103,3311.236
2010-03-03,3313.023,3335.081
2010-03-04,3338.674,3250.573
2010-03-05,3253.164,3259.764
2010-03-08,3268.397,3286.178
2010-03-09,3285.62,3305.863
2010-03-10,3304.036,3279.694
2010-03-11,3282.199,3276.705
2010-03-12,3277.309,3233.126
2010-03-15,3231.216,3183.183
2010-03-16,3183.775,3203.971
2010-03-17,3214.216,3273.916
2010-03-18,3277.883,3267.555
2010-03-19,3270.978,3293.871
2010-03-22,3297.824,3302.628
2010-03-23,3305.554,3275.573
2010-03-24,3282.052,3276.669
2010-03-25,3270.39,3229.128
2010-03-26,3226.8,3275.002
2010-03-29,3295.763,3358.54
2010-03-30,3361.353,3366.708
2010-03-31,3369.193,3345.607
2010-04-01,3349.884,3391.935
2010-04-02,3400.139,3407.346
2010-04-06,3422.849,3405.145
2010-04-07,3403.088,3386.949
2010-04-08,3381.306,3346.744
2010-04-09,3348.773,3379.17
2010-04-12,3388.355,3351.478
2010-04-13,3350.726,3391.716
2010-04-14,3394.635,3403.707
2010-04-15,3407.025,3394.574
2010-04-16,3388.286,3356.332
2010-04-19,3313.499,3176.423
2010-04-20,3176.414,3173.374
2010-04-21,3178.877,3236.679
2010-04-22,3222.68,3201.541
2010-04-23,3198.784,3190.003
2010-04-26,3195.457,3171.997
2010-04-27,3163.101,3108.409
2010-04-28,3080.324,3097.353
2010-04-29,3114.941,3060.064
2010-04-30,3060.12,3067.365
2010-05-04,3005.487,3019.449
2010-05-05,2981.777,3036.394
2010-05-06,3014.907,2896.856
2010-05-07,2835.879,2836.789
2010-05-10,2842.366,2858.233
2010-05-11,2916.335,2800.817
2010-05-12,2781.708,2818.16
2010-05-13,2818.578,2886.911
2010-05-14,2865.58,2868.023
2010-05-17,2828.882,2714.715
2010-05-18,2711.407,2771.348
2010-05-19,2748.952,2762.174
2010-05-20,2739.219,2726.022
2010-05-21,2656.419,2768.791
2010-05-24,2787.751,2873.469
2010-05-25,2851.256,2813.943
2010-05-26,2814.444,2813.944
2010-05-27,2808.048,2859.979
2010-05-28,2885.857,2850.302
2010-05-31,2835.334,2773.264
2010-06-01,2755.284,2744.162
2010-06-02,2729.328,2757.527
2010-06-03,2769.096,2736.076
2010-06-04,2721.359,2744.391
2010-06-07,2692.831,2695.715
2010-06-08,2694.106,2699.336
2010-06-09,2711.642,2782.133
2010-06-10,2755.94,2750.023
2010-06-11,2766.196,2758.866
2010-06-17,2778.533,2742.733
2010-06-18,2739.032,2696.166
2010-06-21,2698.984,2780.663
2010-06-22,2772.886,2783.72
2010-06-23,2768.695,2758.495
2010-06-24,2753.712,2757.498
2010-06-25,2744.122,2736.287
2010-06-28,2734.507,2716.777
2010-06-29,2717.465,2592.019
2010-06-30,2572.912,2563.07
2010-07-01,2557.92,2526.071
2010-07-02,2523.035,2534.105
2010-07-05,2507.354,2512.651
2010-07-06,2504.869,2562.902
2010-07-07,2561.106,2580.477
2010-07-08,2591.509,2575.921
2010-07-09,2578.555,2647.104
2010-07-12,2647.421,2676.218
2010-07-13,2649.658,2634.593
2010-07-14,2640.925,2653.609
2010-07-15,2650.334,2608.519
2010-07-16,2597.0,2616.128
2010-07-19,2592.087,2682.472
2010-07-20,2685.459,2741.503
2010-07-21,2744.696,2747.335
2010-07-22,2738.027,2781.286
2010-07-23,2787.521,2793.076
2010-07-26,2798.762,2811.055
2010-07-27,2803.755,2795.724
2010-07-28,2796.483,2863.724
2010-07-29,2866.772,2877.976
2010-07-30,2871.481,2868.846
2010-08-02,2868.279,2917.275
2010-08-03,2925.254,2865.971
2010-08-04,2858.354,2876.434
2010-08-05,2874.66,2850.829
2010-08-06,2848.155,2897.659
2010-08-09,2894.103,2918.241
2010-08-10,2920.404,2832.638
2010-08-11,2823.15,2850.211
2010-08-12,2822.791,2816.386
2010-08-13,2818.41,2855.547
2010-08-16,2851.219,2922.083
2010-08-17,2927.258,2942.291
2010-08-18,2945.979,2937.362
2010-08-19,2940.767,2955.395
2010-08-20,2943.334,2898.333
2010-08-23,2895.707,2896.192
2010-08-24,2892.129,2911.827
2010-08-25,2893.986,2843.023
2010-08-26,2853.105,2850.093
2010-08-27,2847.448,2858.566
2010-08-30,2874.247,2915.01
2010-08-31,2905.154,2903.188
2010-09-01,2907.663,2884.042
2010-09-02,2917.735,2921.393
2010-09-03,2926.939,2920.205
2010-09-06,2935.89,2975.09
2010-09-07,2979.298,2983.108
2010-09-08,2970.002,2980.967
2010-09-09,2986.867,2926.46
2010-09-10,2928.001,2932.554
2010-09-13,2933.594,2962.319
2010-09-14,2971.547,2965.009
2010-09-15,2965.539,2913.194
2010-09-16,2908.322,2857.789
2010-09-17,2864.717,2861.369
2010-09-20,2865.04,2849.828
2010-09-21,2859.43,2857.476
2010-09-27,2869.928,2905.029
2010-09-28,2900.536,2880.907
2010-09-29,2877.269,2874.812
2010-09-30,2859.06,2935.574
2010-10-08,2965.652,3044.233
2010-10-11,3069.188,3132.895
2010-10-12,3121.636,3172.726
2010-10-13,3176.886,3217.577
2010-10-14,3245.133,3224.14
2010-10-15,3204.723,3327.683
2010-10-18,3345.804,3306.16
2010-10-19,3300.517,3375.674
2010-10-20,3304.221,3396.879
2010-10-21,3404.721,3374.685
2010-10-22,3365.597,3378.655
2010-10-25,3386.85,3481.081
2010-10-26,3491.474,3466.084
2010-10-27,3451.427,3403.872
2010-10-28,3390.426,3397.692
2010-10-29,3400.262,3379.983
2010-11-01,3390.413,3472.995
2010-11-02,3484.232,3463.131
2010-11-03,3462.74,3420.341
2010-11-04,3426.46,3480.505
2010-11-05,3538.988,3520.798
2010-11-08,3534.191,3548.566
2010-11-09,3547.44,3523.954
2010-11-10,3507.195,3499.111
2010-11-11,3490.738,3509.975
2010-11-12,3484.606,3291.833
2010-11-15,3298.737,3314.893
2010-11-16,3311.616,3169.538
2010-11-17,3124.109,3103.906
2010-11-18,3134.937,3147.962
2010-11-19,3168.165,3178.846
2010-11-22,3148.215,3171.941
2010-11-23,3156.478,3107.176
2010-11-24,3088.992,3177.043
2010-11-25,3197.965,3223.484
2010-11-26,3214.132,3194.853
2010-11-29,3183.54,3190.05
2010-11-30,3187.529,3136.985
2010-12-01,3127.262,3136.024
2010-12-02,3185.76,3155.059
2010-12-03,3161.93,3158.156
2010-12-06,3168.875,3165.57
2010-12-07,3152.733,3200.339
2010-12-08,3194.895,3171.882
2010-12-09,3155.996,3123.366
2010-12-10,3107.379,3161.977
2010-12-13,3176.335,3261.061
2010-12-14,3270.201,3269.474
2010-12-15,3270.781,3247.644
2010-12-16,3246.013,3230.665
2010-12-17,3229.297,3225.661
2010-12-20,3239.022,3178.657
2010-12-21,3184.7,3249.509
2010-12-22,3253.821,3215.453
2010-12-23,3210.67,3188.607
2010-12-24,3170.642,3162.955
2010-12-27,3176.107,3099.709
2010-12-28,3084.823,3044.931
2010-12-29,3049.928,3061.83
2010-12-30,3063.05,3064.098
2010-12-31,3069.053,3128.261
2011-01-04,3155.557,3189.682
2011-01-05,3170.181,3175.662
2011-01-06,3177.835,3159.643
2011-01-07,3156.362,3166.624
2011-01-10,3162.085,3108.187
2011-01-11,3096.249,3124.922
2011-01-12,3135.18,3142.337
2011-01-13,3153.985,3141.284
2011-01-14,3129.667,3091.862
2011-01-17,3067.433,2974.35
2011-01-18,2965.424,2977.648
2011-01-19,2978.457,3044.851
2011-01-20,3037.862,2944.713
2011-01-21,2935.233,2983.456
2011-01-24,2986.092,2954.232
2011-01-25,2949.647,2938.654
2011-01-26,2939.773,2978.431
2011-01-27,2953.589,3026.466
2011-01-28,3020.122,3036.735
2011-01-31,3035.418,3076.508
2011-02-01,3083.493,3077.283
2011-02-09,3055.398,3040.949
2011-02-10,3034.079,3104.163
2011-02-11,3100.274,3120.956
2011-02-14,3123.246,3219.143
2011-02-15,3223.222,3217.671
2011-02-16,3211.135,3248.527
2011-02-17,3255.626,3245.907
2011-02-18,3240.051,3211.876
2011-02-21,3192.146,3257.908
2011-02-22,3267.615,3163.578
2011-02-23,3152.441,3174.742
2011-02-24,3170.236,3190.935
2011-02-25,3190.872,3197.617
2011-02-28,3200.677,3239.559
2011-03-01,3241.714,3254.893
2011-03-02,3237.116,3243.298
2011-03-03,3248.156,3221.718
2011-03-04,3223.507,3270.666
2011-03-07,3287.405,3334.51
2011-03-08,3335.71,3337.457
2011-03-09,3344.1,3338.858
2011-03-10,3330.444,3280.259
2011-03-11,3263.081,3247.376
2011-03-14,3238.905,3262.92
2011-03-15,3250.595,3203.961
2011-03-16,3204.919,3248.195
2011-03-17,3216.288,3197.1
2011-03-18,3228.915,3215.685
2011-03-21,3220.677,3207.11
2011-03-22,3217.8,3222.961
2011-03-23,3222.325,3264.926
2011-03-24,3269.575,3251.361
2011-03-25,3256.179,3294.484
2011-03-28,3307.405,3290.571
2011-03-29,3288.564,3257.979
2011-03-30,3256.722,3256.08
2011-03-31,3257.164,3223.288
2011-04-01,3227.564,3272.729
2011-04-06,3269.19,3311.067
2011-04-07,3313.467,3324.419
2011-04-08,3321.54,3353.358
2011-04-11,3363.37,3333.427
2011-04-12,3324.754,3326.771
2011-04-13,3311.324,3372.031
2011-04-14,3374.324,3353.56
2011-04-15,3345.134,3358.944
2011-04-18,3346.149,3359.438
2011-04-19,3334.912,3295.812
2011-04-20,3300.418,3295.758
2011-04-21,3312.271,3317.367
2011-04-22,3317.083,3299.942
2011-04-25,3292.48,3249.574
2011-04-26,3242.529,3230.96
2011-04-27,3242.619,3209.503
2011-04-28,3224.413,3161.776
2011-04-29,3161.158,3192.723
2011-05-03,3192.845,3211.132
2011-05-04,3192.844,3129.028
2011-05-05,3115.003,3126.117
2011-05-06,3093.809,3121.396
2011-05-09,3126.26,3129.759
2011-05-10,3135.146,3153.221
2011-05-11,3153.648,3145.085
2011-05-12,3123.158,3101.603
2011-05-13,3105.303,3128.093
2011-05-16,3120.436,3100.463
2011-05-17,3097.071,3116.028
2011-05-18,3109.294,3139.379
2011-05-19,3148.353,3120.639
2011-05-20,3120.579,3121.596
2011-05-23,3115.312,3022.98
2011-05-24,3013.715,3026.223
2011-05-25,3020.323,2990.343
2011-05-26,3011.466,2978.381
2011-05-27,2980.721,2963.308
2011-05-30,2956.575,2954.506
2011-05-31,2958.607,3001.556
2011-06-01,2996.085,3004.173
2011-06-02,2970.634,2955.705
2011-06-03,2951.579,2986.349
2011-06-07,2977.681,3004.262
2011-06-08,3003.581,3008.652
2011-06-09,3000.404,2951.889
2011-06-10,2947.927,2961.932
2011-06-13,2940.391,2950.348
2011-06-14,2947.655,2993.559
2011-06-15,2984.962,2963.119
2011-06-16,2939.681,2917.578
2011-06-17,2916.405,2892.157
2011-06-20,2888.935,2874.896
2011-06-21,2883.354,2909.073
2011-06-22,2913.666,2908.582
2011-06-23,2899.013,2957.629
2011-06-24,2946.609,3027.47
2011-06-27,3028.496,3036.491
2011-06-28,3040.183,3041.734
2011-06-29,3039.047,3000.169
2011-06-30,3003.23,3044.089
2011-07-01,3052.12,3049.745
2011-07-04,3064.935,3121.98
2011-07-05,3122.899,3122.5
2011-07-06,3116.121,3113.712
2011-07-07,3123.29,3101.68
2011-07-08,3105.486,3109.183
2011-07-11,3097.874,3113.206
2011-07-12,3089.136,3056.905
2011-07-13,3060.42,3106.247
2011-07-14,3112.587,3115.745
2011-07-15,3105.497,3128.889
2011-07-18,3131.803,3122.6
2011-07-19,3108.472,3095.125
2011-07-20,3113.705,3091.567
2011-07-21,3092.271,3059.139
2011-07-22,3066.192,3067.985
2011-07-25,3050.897,2968.289
2011-07-26,2965.721,2977.766
2011-07-27,2961.576,3000.052
2011-07-28,2973.642,2981.002
2011-07-29,2981.021,2972.079
2011-08-01,2969.106,2977.721
2011-08-02,2958.85,2956.383
2011-08-03,2930.193,2954.87
2011-08-04,2962.913,2960.309
2011-08-05,2881.737,2897.417
2011-08-08,2864.514,2793.897
2011-08-09,2720.953,2798.19
2011-08-10,2845.352,2824.12
2011-08-11,2779.715,2866.924
2011-08-12,2881.554,2875.365
2011-08-15,2883.174,2917.883
2011-08-16,2920.829,2897.581
2011-08-17,2893.849,2886.013
2011-08-18,2887.103,2834.254
2011-08-19,2789.346,2807.664
2011-08-22,2809.329,2777.787
2011-08-23,2788.699,2821.003
2011-08-24,2834.577,2810.016
2011-08-25,2818.701,2903.837
2011-08-26,2889.382,2901.216
2011-08-29,2875.784,2852.809
2011-08-30,2875.144,2841.74
2011-08-31,2843.993,2846.776
2011-09-01,2852.386,2834.535
2011-09-02,2828.839,2803.854
2011-09-05,2780.834,2743.817
2011-09-06,2727.749,2723.303
2011-09-07,2738.789,2779.09
2011-09-08,2788.832,2756.105
2011-09-09,2770.153,2751.095
2011-09-13,2712.443,2720.283
2011-09-14,2729.256,2733.108
2011-09-15,2734.552,2729.051
2011-09-16,2744.218,2733.987
2011-09-19,2718.318,2679.27
2011-09-20,2675.043,2689.845
2011-09-21,2691.701,2771.011
2011-09-22,2745.146,2685.688
2011-09-23,2644.294,2669.478
2011-09-26,2645.245,2610.919
2011-09-27,2634.925,2637.879
2011-09-28,2654.83,2610.59
2011-09-29,2593.559,2588.185
2011-09-30,2595.582,2581.351
2011-10-10,2588.349,2557.082
2011-10-11,2625.163,2551.994
2011-10-12,2537.398,2644.758
2011-10-13,2636.863,2662.601
2011-10-14,2655.358,2653.782
2011-10-17,2658.947,2666.951
2011-10-18,2646.841,2592.209
2011-10-19,2599.917,2583.081
2011-10-20,2566.603,2520.532
2011-10-21,2522.257,2507.877
2011-10-24,2517.059,2576.669
2011-10-25,2572.708,2625.425
2011-10-26,2613.272,2651.652
2011-10-27,2658.428,2657.478
2011-10-28,2694.542,2709.017
2011-10-31,2704.535,2695.307
2011-11-01,2672.508,2697.534
2011-11-02,2658.547,2742.39
2011-11-03,2752.627,2744.301
2011-11-04,2770.572,2763.746
2011-11-07,2750.991,2736.248
2011-11-08,2745.059,2727.71
2011-11-09,2739.154,2751.654
2011-11-10,2720.836,2699.588
2011-11-11,2705.243,2695.002
2011-11-14,2717.544,2750.195
2011-11-15,2746.773,2744.68
2011-11-16,2745.858,2670.116
2011-11-17,2671.953,2662.017
2011-11-18,2643.667,2606.495
2011-11-21,2608.556,2609.687
2011-11-22,2592.229,2609.475
2011-11-23,2613.291,2584.011
2011-11-24,2565.686,2588.915
2011-11-25,2585.137,2569.973
2011-11-28,2578.344,2573.321
2011-11-29,2595.086,2608.569
2011-11-30,2600.099,2521.52
2011-12-01,2596.153,2583.613
2011-12-02,2570.56,2557.311
2011-12-05,2561.2,2521.385
2011-12-06,2515.044,2516.341
2011-12-07,2517.341,2528.228
2011-12-08,2525.041,2525.001
2011-12-09,2506.624,2503.461
2011-12-12,2497.922,2477.692
2011-12-13,2467.016,2421.928
2011-12-14,2415.944,2397.48
2011-12-15,2382.441,2340.788
2011-12-16,2339.976,2390.129
2011-12-19,2370.418,2384.408
2011-12-20,2376.709,2377.073
2011-12-21,2397.275,2339.108
2011-12-22,2325.27,2341.335
2011-12-23,2337.382,2359.159
2011-12-26,2345.555,2335.702
2011-12-27,2332.826,2305.035
2011-12-28,2295.866,2307.928
2011-12-29,2297.288,2311.361
2011-12-30,2318.673,2345.742
2012-01-04,2361.499,2298.753
2012-01-05,2290.78,2276.385
2012-01-06,2274.352,2290.601
2012-01-09,2291.182,2368.57
2012-01-10,2365.768,2447.349
2012-01-11,2444.757,2435.608
2012-01-12,2426.82,2435.219
2012-01-13,2438.405,2394.334
2012-01-16,2376.953,2345.649
2012-01-17,2347.568,2460.601
2012-01-18,2464.92,2422.189
2012-01-19,2423.857,2468.35
2012-01-20,2476.73,2504.086
2012-01-30,2508.877,2460.72
2012-01-31,2462.338,2464.26
2012-02-01,2458.233,2428.994
2012-02-02,2437.47,2486.238
2012-02-03,2478.336,2506.09
2012-02-06,2511.172,2504.322
2012-02-07,2489.032,2457.954
2012-02-08,2456.422,2528.236
2012-02-09,2525.589,2529.231
2012-02-10,2521.676,2533.624
2012-02-13,2504.41,2531.981
2012-02-14,2528.967,2522.107
2012-02-15,2515.829,2549.607
2012-02-16,2544.641,2536.074
2012-02-17,2551.815,2537.086
2012-02-20,2571.907,2540.706
2012-02-21,2544.835,2562.453
2012-02-22,2564.315,2597.476
2012-02-23,2595.779,2606.256
2012-02-24,2607.339,2648.017
2012-02-27,2658.121,2656.573
2012-02-28,2652.342,2662.463
2012-02-29,2655.858,2634.143
2012-03-01,2622.737,2633.345
2012-03-02,2637.961,2679.934
2012-03-05,2687.74,2662.698
2012-03-06,2654.799,2621.052
2012-03-07,2596.479,2603.005
2012-03-08,2612.403,2635.791
2012-03-09,2644.1,2664.302
2012-03-12,2663.243,2654.402
2012-03-13,2653.681,2681.073
2012-03-14,2694.475,2605.106
2012-03-15,2602.661,2585.546
2012-03-16,2591.8,2623.52
2012-03-19,2617.662,2630.013
2012-03-20,2622.66,2584.445
2012-03-21,2597.375,2587.793
2012-03-22,2586.938,2583.747
2012-03-23,2575.327,2552.94
2012-03-26,2551.425,2555.442
2012-03-27,2565.551,2547.143
2012-03-28,2538.458,2474.9
2012-03-29,2463.688,2443.122
2012-03-30,2447.939,2454.899
2012-04-05,2449.208,2512.832
2012-04-06,2509.445,2519.83
2012-04-09,2510.533,2495.146
2012-04-10,2490.283,2519.788
2012-04-11,2494.517,2520.036
2012-04-12,2522.828,2570.436
2012-04-13,2575.052,2580.454
2012-04-16,2564.231,2574.044
2012-04-17,2572.364,2541.883
2012-04-18,2550.905,2599.908
2012-04-19,2598.329,2596.056
2012-04-20,2591.51,2626.839
2012-04-23,2624.751,2606.038
2012-04-24,2594.801,2604.866
2012-04-25,2598.228,2625.99
2012-04-26,2632.718,2631.487
2012-04-27,2630.549,2626.157
2012-05-02,2660.673,2683.487
2012-05-03,2679.517,2691.518
2012-05-04,2689.624,2715.879
2012-05-07,2699.447,2717.778
2012-05-08,2717.408,2709.116
2012-05-09,2685.187,2657.514
2012-05-10,2657.87,2657.214
2012-05-11,2652.313,2636.917
2012-05-14,2653.806,2615.534
2012-05-15,2597.644,2617.374
2012-05-16,2610.161,2574.647
2012-05-17,2577.961,2613.942
2012-05-18,2595.547,2573.976
2012-05-21,2572.369,2587.231
2012-05-22,2598.167,2627.525
2012-05-23,2621.786,2616.869
2012-05-24,2613.095,2595.26
2012-05-25,2595.261,2573.103
2012-05-28,2562.596,2614.689
2012-05-29,2615.145,2650.854
2012-05-30,2646.37,2642.258
2012-05-31,2623.158,2632.042
2012-06-01,2633.601,2632.998
2012-06-04,2598.733,2559.026
2012-06-05,2565.186,2558.842
2012-06-06,2564.226,2557.401
2012-06-07,2579.425,2542.184
2012-06-08,2558.843,2524.329
2012-06-11,2529.599,2558.265
2012-06-12,2543.765,2540.178
2012-06-13,2546.791,2580.636
2012-06-14,2573.329,2560.421
2012-06-15,2565.189,2568.054
2012-06-18,2576.629,2581.212
2012-06-19,2577.362,2558.621
2012-06-20,2563.643,2552.611
2012-06-21,2547.048,2512.185
2012-06-25,2501.163,2456.518
2012-06-26,2442.562,2454.915
2012-06-27,2452.666,2447.195
2012-06-28,2451.664,2425.729
2012-06-29,2418.862,2461.612
2012-07-02,2473.545,2465.238
2012-07-03,2464.85,2468.721
2012-07-04,2474.527,2464.919
2012-07-05,2450.3,2430.37
2012-07-06,2435.059,2472.614
2012-07-09,2455.892,2416.036
2012-07-10,2411.003,2406.706
2012-07-11,2402.184,2425.572
2012-07-12,2420.036,2449.181
2012-07-13,2441.013,2450.633
2012-07-16,2452.595,2399.731
2012-07-17,2391.897,2414.201
2012-07-18,2412.062,2414.335
2012-07-19,2407.443,2424.322
2012-07-20,2415.71,2398.455
2012-07-23,2379.885,2365.431
2012-07-24,2353.22,2375.992
2012-07-25,2368.384,2360.083
2012-07-26,2360.134,2347.488
2012-07-27,2353.942,2349.108
2012-07-30,2350.782,2335.793
2012-07-31,2336.882,2332.922
2012-08-01,2332.129,2358.651
2012-08-02,2354.073,2334.882
2012-08-03,2340.25,2353.737
2012-08-06,2350.117,2385.611
2012-08-07,2383.257,2388.873
2012-08-08,2390.959,2389.795
2012-08-09,2388.43,2411.7
2012-08-10,2409.937,2399.751
2012-08-13,2394.504,2351.931
2012-08-14,2352.659,2357.016
2012-08-15,2350.022,2331.615
2012-08-16,2327.91,2319.67
2012-08-17,2318.432,2313.476
2012-08-20,2294.901,2301.788
2012-08-21,2301.932,2313.703
2012-08-22,2315.14,2295.586
2012-08-23,2298.18,2302.199
2012-08-24,2295.684,2275.677
2012-08-27,2268.485,2228.204
2012-08-28,2226.898,2238.411
2012-08-29,2230.199,2214.814
2012-08-30,2204.515,2211.37
2012-08-31,2205.573,2204.868
2012-09-03,2201.123,2228.369
2012-09-04,2231.716,2204.407
2012-09-05,2199.743,2199.875
2012-09-06,2204.436,2217.823
2012-09-07,2233.912,2317.179
2012-09-10,2320.557,2326.666
2012-09-11,2316.532,2311.89
2012-09-12,2325.925,2320.071
2012-09-13,2316.679,2298.461
2012-09-14,2324.012,2315.542
2012-09-17,2312.055,2258.705
2012-09-18,2249.425,2235.239
2012-09-19,2237.218,2246.236
2012-09-20,2236.191,2195.951
2012-09-21,2190.327,2199.063
2012-09-24,2183.969,2215.516
2012-09-25,2209.975,2210.154
2012-09-26,2208.906,2184.891
2012-09-27,2186.004,2251.717
2012-09-28,2235.057,2293.106
2012-10-08,2291.961,2270.054
2012-10-09,2281.753,2320.157
2012-10-10,2314.593,2324.117
2012-10-11,2315.897,2302.533
2012-10-12,2311.284,2304.531
2012-10-15,2306.006,2294.857
2012-10-16,2293.244,2298.162
2012-10-17,2307.358,2300.803
2012-10-18,2307.487,2336.077
2012-10-19,2335.105,2332.47
2012-10-22,2320.468,2341.592
2012-10-23,2340.89,2312.077
2012-10-24,2303.401,2307.779
2012-10-25,2306.733,2291.239
2012-10-26,2291.31,2247.907
2012-10-29,2241.802,2235.854
2012-10-30,2236.316,2239.882
2012-10-31,2241.432,2254.82
2012-11-01,2256.609,2297.884
2012-11-02,2297.898,2306.774
2012-11-05,2302.742,2301.88
2012-11-06,2301.98,2292.206
2012-11-07,2288.763,2287.505
2012-11-08,2269.582,2245.405
2012-11-09,2241.756,2240.924
2012-11-12,2242.96,2251.848
2012-11-13,2250.842,2212.44
2012-11-14,2213.086,2223.11
2012-11-15,2210.751,2193.623
2012-11-16,2189.511,2177.24
2012-11-19,2175.184,2174.985
2012-11-20,2180.205,2164.881
2012-11-21,2165.408,2194.896
2012-11-22,2181.179,2177.546
2012-11-23,2184.409,2192.676
2012-11-26,2187.24,2175.599
2012-11-27,2168.589,2150.638
2012-11-28,2142.5,2129.161
2012-11-29,2128.803,2115.676
2012-11-30,2114.244,2139.661
2012-12-03,2136.696,2108.85
2012-12-04,2104.928,2131.473
2012-12-05,2128.387,2207.878
2012-12-06,2205.605,2203.602
2012-12-07,2203.887,2246.757
2012-12-10,2254.915,2271.046
2012-12-11,2263.209,2258.5
2012-12-12,2257.73,2267.767
2012-12-13,2260.601,2242.635
2012-12-14,2245.636,2355.865
2012-12-17,2359.201,2366.7
2012-12-18,2361.095,2368.12
2012-12-19,2362.802,2371.109
2012-12-20,2361.322,2384.816
2012-12-21,2386.376,2372.002
2012-12-24,2368.007,2381.217
2012-12-25,2373.88,2448.395
2012-12-26,2445.987,2457.619
2012-12-27,2464.779,2444.594
2012-12-28,2448.076,2480.049
2012-12-31,2485.559,2522.952
2013-01-04,2551.814,2524.409
2013-01-07,2518.047,2535.985
2013-01-08,2534.647,2525.33
2013-01-09,2518.104,2526.126
2013-01-10,2525.59,2530.569
2013-01-11,2533.495,2483.23
2013-01-14,2474.176,2577.725
2013-01-15,2579.132,2595.856
2013-01-16,2591.365,2577.092
2013-01-17,2570.711,2552.758
2013-01-18,2568.692,2595.439
2013-01-21,2605.649,2610.898
2013-01-22,2610.392,2596.898
2013-01-23,2588.198,2607.456
2013-01-24,2606.427,2582.755
2013-01-25,2580.881,2571.674
2013-01-28,2577.267,2651.863
2013-01-29,2655.377,2675.866
2013-01-30,2678.433,2688.711
2013-01-31,2690.951,2686.882
2013-02-01,2677.187,2743.324
2013-02-04,2753.688,2748.028
2013-02-05,2727.93,2771.675
2013-02-06,2771.908,2775.844
2013-02-07,2771.53,2759.87
2013-02-08,2755.649,2771.725
2013-02-18,2784.065,2737.471
2013-02-19,2735.045,2685.606
2013-02-20,2686.093,2702.635
2013-02-21,2675.741,2610.549
2013-02-22,2607.65,2596.604
2013-02-25,2607.149,2604.96
2013-02-26,2587.375,2567.595
2013-02-27,2576.046,2594.677
2013-02-28,2611.94,2673.327
2013-03-01,2671.842,2668.836
2013-03-04,2619.42,2545.715
2013-03-05,2547.893,2622.807
2013-03-06,2634.87,2650.202
2013-03-07,2639.783,2619.479
2013-03-08,2622.684,2606.927
2013-03-11,2600.278,2592.372
2013-03-12,2590.391,2555.615
2013-03-13,2551.726,2527.486
2013-03-14,2517.745,2534.273
2013-03-15,2533.722,2539.873
2013-03-18,2526.077,2502.493
2013-03-19,2507.396,2525.097
2013-03-20,2526.968,2610.174
2013-03-21,2611.58,2614.988
2013-03-22,2612.256,2618.308
2013-03-25,2628.407,2613.097
2013-03-26,2601.964,2575.05
2013-03-27,2575.726,2583.53
2013-03-28,2535.988,2499.302
2013-03-29,2502.782,2495.083
2013-04-01,2486.428,2493.187
2013-04-02,2495.843,2486.391
2013-04-03,2493.877,2483.547
2013-04-08,2443.24,2472.299
2013-04-09,2477.29,2489.43
2013-04-10,2487.984,2485.309
2013-04-11,2502.5,2477.876
2013-04-12,2476.322,2462.112
2013-04-15,2453.967,2436.818
2013-04-16,2419.508,2459.592
2013-04-17,2457.881,2458.473
2013-04-18,2440.707,2464.851
2013-04-19,2469.951,2533.827
2013-04-22,2525.113,2530.67
2013-04-23,2532.201,2449.471
2013-04-24,2452.781,2495.579
2013-04-25,2486.857,2467.875
2013-04-26,2477.724,2447.306
2013-05-02,2434.603,2449.639
2013-05-03,2457.543,2492.912
2013-05-06,2502.978,2525.983
2013-05-07,2519.364,2529.938
2013-05-08,2542.266,2542.798
2013-05-09,2542.374,2527.794
2013-05-10,2519.517,2540.836
2013-05-13,2542.412,2530.768
2013-05-14,2525.998,2493.338
2013-05-15,2493.968,2506.925
2013-05-16,2501.117,2552.709
2013-05-17,2550.452,2592.048
2013-05-20,2597.151,2609.607
2013-05-21,2607.393,2614.853
2013-05-22,2613.411,2618.034
2013-05-23,2604.93,2582.849
2013-05-24,2591.419,2597.228
2013-05-27,2593.522,2599.587
2013-05-28,2600.632,2644.359
2013-05-29,2648.927,2642.561
2013-05-30,2633.955,2634.323
2013-05-31,2638.71,2606.426
2013-06-03,2605.969,2602.623
2013-06-04,2600.499,2565.666
2013-06-05,2565.329,2560.539
2013-06-06,2552.817,2527.845
2013-06-07,2526.913,2484.16
2013-06-13,2448.717,2399.937
2013-06-14,2404.423,2416.771
2013-06-17,2422.762,2403.839
2013-06-18,2413.088,2418.745
2013-06-19,2408.28,2400.765
2013-06-20,2386.104,2321.466
2013-06-21,2283.151,2317.394
2013-06-24,2308.069,2171.21
2013-06-25,2146.053,2165.421
2013-06-26,2170.326,2168.297
2013-06-27,2172.848,2160.735
2013-06-28,2149.03,2200.639
2013-07-01,2187.092,2213.317
2013-07-02,2211.803,2221.984
2013-07-03,2211.044,2203.828
2013-07-04,2187.181,2221.979
2013-07-05,2227.35,2226.849
2013-07-08,2194.423,2163.619
2013-07-09,2160.699,2162.669
2013-07-10,2163.098,2224.065
2013-07-11,2232.157,2326.688
2013-07-12,2319.023,2275.373
2013-07-15,2289.762,2307.297
2013-07-16,2300.83,2317.848
2013-07-17,2311.443,2282.836
2013-07-18,2272.947,2245.328
2013-07-19,2248.133,2190.478
2013-07-22,2170.089,2202.189
2013-07-23,2211.587,2265.845
2013-07-24,2253.376,2249.151
2013-07-25,2255.223,2237.683
2013-07-26,2226.429,2224.008
2013-07-29,2205.083,2175.97
2013-07-30,2184.007,2189.388
2013-07-31,2211.75,2193.021
2013-08-01,2206.004,2245.364
2013-08-02,2263.495,2247.263
2013-08-05,2249.976,2278.329
2013-08-06,2270.672,2293.641
2013-08-07,2292.379,2280.623
2013-08-08,2277.253,2276.782
2013-08-09,2288.51,2286.01
2013-08-12,2296.22,2352.794
2013-08-13,2352.883,2359.068
2013-08-14,2362.619,2349.08
2013-08-15,2348.839,2321.576
2013-08-16,2314.261,2304.144
2013-08-19,2286.203,2331.43
2013-08-20,2325.862,2312.465
2013-08-21,2320.584,2308.589
2013-08-22,2302.668,2303.932
2013-08-23,2314.866,2286.929
2013-08-26,2294.759,2335.616
2013-08-27,2332.8,2340.881
2013-08-28,2326.096,2328.056
2013-08-29,2338.564,2318.311
2013-08-30,2315.913,2313.91
2013-09-02,2319.957,2320.344
2013-09-03,2326.231,2354.502
2013-09-04,2352.537,2350.699
2013-09-05,2350.927,2341.735
2013-09-06,2336.767,2357.782
2013-09-09,2374.26,2440.609
2013-09-10,2446.454,2474.894
2013-09-11,2483.791,2482.889
2013-09-12,2480.468,2507.455
2013-09-13,2502.54,2488.902
2013-09-16,2501.077,2478.39
2013-09-17,2480.81,2427.322
2013-09-18,2426.04,2432.51
2013-09-23,2441.516,2472.288
2013-09-24,2470.715,2443.885
2013-09-25,2440.835,2429.03
2013-09-26,2422.631,2384.443
2013-09-27,2382.218,2394.971
2013-09-30,2406.205,2409.037
2013-10-08,2406.415,2441.811
2013-10-09,2432.94,2453.583
2013-10-10,2455.64,2429.317
2013-10-11,2442.364,2468.508
2013-10-14,2472.267,2472.542
2013-10-15,2475.324,2467.517
2013-10-16,2459.077,2421.371
2013-10-17,2432.645,2413.33
2013-10-18,2415.118,2426.054
2013-10-21,2431.915,2471.322
2013-10-22,2470.255,2445.891
2013-10-23,2451.556,2418.491
2013-10-24,2412.235,2400.511
2013-10-25,2400.517,2368.559
2013-10-28,2372.571,2365.954
2013-10-29,2369.216,2372.053
2013-10-30,2371.853,2407.471
2013-10-31,2398.395,2373.718
2013-11-01,2373.962,2384.96
2013-11-04,2397.21,2380.454
2013-11-05,2366.884,2383.769
2013-11-06,2371.324,2353.568
2013-11-07,2351.871,2340.552
2013-11-08,2329.084,2307.945
2013-11-11,2305.94,2315.889
2013-11-12,2319.362,2340.0
2013-11-13,2325.36,2288.116
2013-11-14,2291.269,2304.501
2013-11-15,2306.549,2350.734
2013-11-18,2367.883,2428.903
2013-11-19,2427.928,2412.163
2013-11-20,2428.767,2424.85
2013-11-21,2412.451,2409.989
2013-11-22,2415.29,2397.962
2013-11-25,2385.784,2388.629
2013-11-26,2387.826,2387.416
2013-11-27,2386.362,2414.481
2013-11-28,2419.15,2439.53
2013-11-29,2442.676,2438.944
2013-12-02,2423.969,2418.788
2013-12-03,2410.693,2442.784
2013-12-04,2439.824,2475.135
2013-12-05,2476.453,2468.197
2013-12-06,2463.043,2452.287
2013-12-09,2460.028,2450.872
2013-12-10,2456.23,2453.322
2013-12-11,2440.503,2412.763
2013-12-12,2406.766,2410.015
2013-12-13,2388.659,2406.639
2013-12-16,2408.678,2367.923
2013-12-17,2369.255,2356.376
2013-12-18,2356.703,2357.226
2013-12-19,2366.205,2332.41
2013-12-20,2335.052,2278.136
2013-12-23,2283.8,2284.602
2013-12-24,2291.125,2288.248
2013-12-25,2291.748,2305.11
2013-12-26,2299.972,2265.334
2013-12-27,2268.535,2303.478
2013-12-30,2313.38,2299.458
2013-12-31,2289.01,2330.026
2014-01-02,2323.433,2321.978
2014-01-03,2311.968,2290.779
2014-01-06,2286.371,2238.637
2014-01-07,2222.306,2238.001
2014-01-08,2240.635,2241.911
2014-01-09,2236.967,2222.221
2014-01-10,2216.521,2204.851
2014-01-13,2206.996,2193.679
2014-01-14,2192.844,2212.846
2014-01-15,2210.024,2208.941
2014-01-16,2209.448,2211.844
2014-01-17,2203.821,2178.488
2014-01-20,2173.651,2165.993
2014-01-21,2168.42,2187.41
2014-01-22,2190.432,2243.796
2014-01-23,2242.245,2231.889
2014-01-24,2225.758,2245.678
2014-01-27,2233.015,2215.919
2014-01-28,2220.785,2219.855
2014-01-29,2225.711,2227.781
2014-01-30,2223.163,2202.45
2014-02-07,2187.343,2212.483
2014-02-10,2221.54,2267.534
2014-02-11,2267.735,2285.562
2014-02-12,2286.187,2291.246
2014-02-13,2288.451,2279.554
2014-02-14,2278.4,2295.575
2014-02-17,2308.791,2311.647
2014-02-18,2310.309,2282.442
2014-02-19,2280.927,2308.656
2014-02-20,2314.088,2287.436
2014-02-21,2284.03,2264.294
2014-02-24,2246.715,2214.509
2014-02-25,2216.515,2157.909
2014-02-26,2147.737,2163.405
2014-02-27,2170.81,2154.108
2014-02-28,2149.446,2178.971
2014-03-03,2173.907,2190.37
2014-03-04,2183.858,2184.273
2014-03-05,2187.352,2163.976
2014-03-06,2159.397,2173.634
2014-03-07,2170.043,2168.358
2014-03-10,2149.676,2097.787
2014-03-11,2092.608,2108.661
2014-03-12,2102.801,2114.134
2014-03-13,2119.547,2140.333
2014-03-14,2129.87,2122.836
2014-03-17,2132.793,2143.038
2014-03-18,2146.124,2138.133
2014-03-19,2131.283,2120.87
2014-03-20,2116.185,2086.967
2014-03-21,2079.871,2158.798
2014-03-24,2161.898,2176.554
2014-03-25,2170.78,2174.44
2014-03-26,2181.231,2171.047
2014-03-27,2168.344,2155.707
2014-03-28,2154.515,2151.965
2014-03-31,2156.054,2146.305
2014-04-01,2143.717,2163.115
2014-04-02,2166.067,2180.727
2014-04-03,2188.642,2165.008
2014-04-04,2157.982,2185.472
2014-04-08,2179.92,2237.316
2014-04-09,2239.791,2238.62
2014-04-10,2241.452,2273.761
2014-04-11,2269.565,2270.666
2014-04-14,2267.943,2268.613
2014-04-15,2261.411,2229.463
2014-04-16,2223.468,2232.526
2014-04-17,2238.779,2224.803
2014-04-18,2215.879,2224.479
2014-04-21,2209.942,2187.248
2014-04-22,2184.017,2196.795
2014-04-23,2191.231,2194.668
2014-04-24,2192.769,2190.474
2014-04-25,2195.815,2167.826
2014-04-28,2165.773,2134.969
2014-04-29,2134.413,2158.47
2014-04-30,2158.762,2158.659
2014-05-05,2152.59,2156.47
2014-05-06,2151.388,2157.328
2014-05-07,2151.472,2137.316
2014-05-08,2132.036,2135.496
2014-05-09,2138.84,2133.911
2014-05-12,2150.313,2180.054
2014-05-13,2180.059,2174.852
2014-05-14,2175.094,2172.372
2014-05-15,2169.278,2144.084
2014-05-16,2143.926,2145.952
2014-05-19,2139.362,2115.143
2014-05-20,2124.708,2115.771
2014-05-21,2106.762,2135.905
2014-05-22,2134.087,2130.868
2014-05-23,2130.775,2148.414
2014-05-26,2161.892,2155.976
2014-05-27,2154.395,2147.28
2014-05-28,2147.467,2169.352
2014-05-29,2171.26,2155.164
2014-05-30,2156.381,2156.464
2014-06-03,2157.64,2149.918
2014-06-04,2149.407,2128.274
2014-06-05,2126.607,2150.602
2014-06-06,2149.214,2134.716
2014-06-09,2128.225,2134.281
2014-06-10,2138.671,2161.268
2014-06-11,2156.151,2160.766
2014-06-12,2156.761,2153.41
2014-06-13,2150.987,2176.242
2014-06-16,2176.438,2191.855
2014-06-17,2185.681,2169.674
2014-06-18,2169.252,2160.239
2014-06-19,2161.426,2126.907
2014-06-20,2124.963,2136.729
2014-06-23,2137.926,2134.11
2014-06-24,2131.686,2144.821
2014-06-25,2141.726,2133.371
2014-06-26,2135.156,2149.076
2014-06-27,2146.374,2150.258
2014-06-30,2152.306,2165.118
2014-07-01,2169.199,2164.559
2014-07-02,2163.998,2170.867
2014-07-03,2169.003,2180.192
2014-07-04,2180.445,2178.695
2014-07-07,2178.546,2176.289
2014-07-08,2174.828,2180.473
2014-07-09,2178.135,2148.71
2014-07-10,2146.601,2142.847
2014-07-11,2136.317,2148.009
2014-07-14,2149.542,2171.758
2014-07-15,2170.089,2174.976
2014-07-16,2172.824,2170.868
2014-07-17,2166.831,2157.068
2014-07-18,2147.663,2164.144
2014-07-21,2164.223,2166.295
2014-07-22,2162.436,2192.698
2014-07-23,2191.394,2197.833
2014-07-24,2199.833,2237.015
2014-07-25,2243.067,2260.454
2014-07-28,2272.383,2323.897
2014-07-29,2326.038,2331.369
2014-07-30,2324.69,2322.011
2014-07-31,2321.967,2350.251
2014-08-01,2341.227,2329.402
2014-08-04,2336.63,2375.62
2014-08-05,2376.797,2369.353
2014-08-06,2358.206,2363.221
2014-08-07,2363.608,2327.457
2014-08-08,2329.184,2331.134
2014-08-11,2338.008,2365.349
2014-08-12,2361.17,2357.052
2014-08-13,2358.459,2358.901
2014-08-14,2357.198,2335.945
2014-08-15,2337.985,2360.635
2014-08-18,2366.272,2374.562
2014-08-19,2378.886,2374.768
2014-08-20,2371.649,2366.14
2014-08-21,2365.731,2354.244
2014-08-22,2352.316,2365.364
2014-08-25,2367.019,2342.863
2014-08-26,2339.6,2324.092
2014-08-27,2323.79,2327.595
2014-08-28,2328.059,2311.278
2014-08-29,2317.304,2338.287
2014-09-01,2340.925,2355.317
2014-09-02,2359.862,2386.46
2014-09-03,2389.694,2408.838
2014-09-04,2411.934,2426.224
2014-09-05,2433.174,2449.259
2014-09-09,2452.227,2445.224
2014-09-10,2435.593,2432.433
2014-09-11,2430.678,2423.454
2014-09-12,2418.752,2438.358
2014-09-15,2433.001,2437.189
2014-09-16,2440.339,2388.765
2014-09-17,2395.361,2401.326
2014-09-18,2396.379,2408.664
2014-09-19,2409.313,2425.211
2014-09-22,2419.326,2378.92
2014-09-23,2379.521,2399.462
2014-09-24,2391.419,2441.864
2014-09-25,2453.423,2436.965
2014-09-26,2430.808,2437.201
2014-09-29,2443.91,2447.799
2014-09-30,2452.166,2450.988
2014-10-08,2460.87,2478.383
2014-10-09,2480.197,2481.955
2014-10-10,2472.096,2466.789
2014-10-13,2457.412,2454.946
2014-10-14,2451.094,2446.562
2014-10-15,2444.538,2463.874
2014-10-16,2448.968,2444.395
2014-10-17,2443.222,2441.732
2014-10-20,2448.453,2454.711
2014-10-21,2453.406,2433.391
2014-10-22,2434.886,2418.641
2014-10-23,2415.44,2395.936
2014-10-24,2397.848,2390.706
2014-10-27,2377.542,2368.832
2014-10-28,2373.155,2416.653
2014-10-29,2423.813,2451.384
2014-10-30,2450.361,2468.925
2014-10-31,2473.501,2508.325
2014-11-03,2515.824,2512.548
2014-11-04,2511.036,2513.172
2014-11-05,2516.87,2503.448
2014-11-06,2505.167,2506.067
2014-11-07,2508.765,2502.153
2014-11-10,2529.83,2565.73
2014-11-11,2578.438,2558.612
2014-11-12,2545.403,2594.318
2014-11-13,2597.389,2579.75
2014-11-14,2569.211,2581.093
2014-11-17,2613.513,2567.101
2014-11-18,2565.273,2541.416
2014-11-19,2538.233,2537.223
2014-11-20,2528.78,2537.099
2014-11-21,2537.538,2583.455
2014-11-24,2614.16,2649.258
2014-11-25,2650.085,2685.561
2014-11-26,2695.263,2723.018
2014-11-27,2737.03,2754.49
2014-11-28,2753.925,2808.819
2014-12-01,2825.611,2819.812
2014-12-02,2807.338,2923.94
2014-12-03,2936.124,2967.549
2014-12-04,2975.403,3104.351
2014-12-05,3143.968,3124.885
2014-12-08,3108.272,3252.881
2014-12-09,3233.097,3106.913
2014-12-10,3120.212,3221.546
2014-12-11,3185.161,3183.012
2014-12-12,3182.923,3193.227
2014-12-15,3176.829,3217.228
2014-12-16,3221.358,3303.402
2014-12-17,3325.82,3360.598
2014-12-18,3359.09,3345.927
2014-12-19,3345.629,3383.167
2014-12-22,3396.251,3394.481
2014-12-23,3358.798,3324.924
2014-12-24,3332.146,3230.385
2014-12-25,3254.48,3335.419
2014-12-26,3343.64,3445.839
2014-12-29,3502.183,3455.455
2014-12-30,3450.814,3457.554
2014-12-31,3462.389,3533.705
2015-01-05,3566.089,3641.541
2015-01-06,3608.428,3641.059
2015-01-07,3620.924,3643.79
2015-01-08,3650.073,3559.259
2015-01-09,3547.574,3546.723
2015-01-12,3531.515,3513.576
2015-01-13,3506.451,3514.04
2015-01-14,3522.907,3502.423
2015-01-15,3501.719,3604.121
2015-01-16,3616.248,3635.146
2015-01-19,3414.013,3355.155
2015-01-20,3336.793,3396.222
2015-01-21,3420.491,3548.885
2015-01-22,3551.052,3567.613
2015-01-23,3582.088,3571.732
2015-01-26,3580.118,3607.985
2015-01-27,3614.038,3574.931
2015-01-28,3547.239,3525.323
2015-01-29,3474.915,3481.798
2015-01-30,3496.885,3434.39
2015-02-02,3360.193,3353.96
2015-02-03,3388.602,3437.445
2015-02-04,3446.144,3401.768
2015-02-05,3487.951,3366.946
2015-02-06,3352.33,3312.42
2015-02-09,3305.734,3345.921
2015-02-10,3345.077,3406.943
2015-02-11,3415.977,3434.124
2015-02-12,3435.361,3442.874
2015-02-13,3458.827,3469.828
2015-02-16,3473.289,3499.483
2015-02-17,3511.544,3522.322
2015-02-25,3529.55,3478.729
2015-02-26,3473.713,3566.295
2015-02-27,3565.233,3572.843
2015-03-02,3603.452,3601.265
2015-03-03,3579.315,3507.9
2015-03-04,3514.667,3530.822
2015-03-05,3513.249,3496.344
2015-03-06,3501.184,3478.52
2015-03-09,3449.696,3537.75
2015-03-10,3523.64,3520.611
2015-03-11,3524.575,3524.653
2015-03-12,3557.686,3592.844
2015-03-13,3604.671,3617.657
2015-03-16,3641.773,3705.671
2015-03-17,3733.961,3757.122
2015-03-18,3769.086,3846.055
2015-03-19,3851.249,3839.739
2015-03-20,3852.492,3892.574
2015-03-23,3923.083,3972.061
2015-03-24,3980.066,3973.046
2015-03-25,3961.578,3940.412
2015-03-26,3921.745,3949.999
2015-03-27,3957.542,3971.697
2015-03-30,3999.024,4088.178
2015-03-31,4138.885,4051.204
2015-04-01,4057.501,4123.895
2015-04-02,4149.946,4124.776
2015-04-03,4104.672,4170.538
2015-04-07,4213.894,4260.044
2015-04-08,4277.45,4295.803
2015-04-09,4316.958,4262.138
2015-04-10,4249.383,4344.416
2015-04-13,4394.047,4421.073
2015-04-14,4432.126,4438.184
2015-04-15,4439.314,4380.513
2015-04-16,4355.491,4513.546
2015-04-17,4578.679,4596.136
2015-04-20,4615.034,4521.919
2015-04-21,4520.461,4619.164
2015-04-22,4637.055,4739.814
2015-04-23,4764.481,4740.892
2015-04-24,4682.626,4702.641
2015-04-27,4753.871,4807.592
2015-04-28,4811.319,4741.861
2015-04-29,4722.903,4774.326
2015-04-30,4788.412,4749.886
2015-05-04,4757.637,4787.741
2015-05-05,4785.192,4596.837
2015-05-06,4626.231,4553.327
2015-05-07,4520.818,4470.089
2015-05-08,4515.554,4558.404
2015-05-11,4582.091,4690.532
2015-05-12,4692.122,4747.421
2015-05-13,4746.713,4718.436
2015-05-14,4717.955,4700.778
2015-05-15,4690.755,4617.47
2015-05-18,4582.058,4575.14
2015-05-19,4577.637,4731.222
2015-05-20,4751.572,4754.919
2015-05-21,4768.689,4840.976
2015-05-22,4895.925,4951.335
2015-05-25,4949.11,5099.495
2015-05-26,5140.798,5198.918
2015-05-27,5216.17,5181.434
2015-05-28,5174.101,4834.007
2015-05-29,4839.53,4840.829
2015-06-01,4862.756,5076.179
2015-06-02,5091.272,5161.87
2015-06-03,5176.597,5143.59
2015-06-04,5156.012,5181.416
2015-06-05,5254.905,5230.552
2015-06-08,5259.408,5353.751
2015-06-09,5379.47,5317.461
2015-06-10,5254.304,5309.112
2015-06-11,5305.141,5306.59
2015-06-12,5329.278,5335.115
2015-06-15,5354.014,5221.167
2015-06-16,5165.025,5064.821
2015-06-17,5072.306,5138.831
2015-06-18,5107.695,4930.549
2015-06-19,4847.057,4637.052
2015-06-23,4641.425,4786.091
2015-06-24,4811.595,4880.126
2015-06-25,4906.242,4706.516
2015-06-26,4573.872,4336.195
2015-06-29,4446.842,4191.549
2015-06-30,4161.067,4472.998
2015-07-01,4408.984,4253.021
2015-07-02,4287.734,4107.996
2015-07-03,4017.202,3885.917
2015-07-06,4218.266,3998.537
2015-07-07,3877.854,3928.003
2015-07-08,3651.06,3663.038
2015-07-09,3621.68,3897.626
2015-07-10,3916.272,4106.556
2015-07-13,4132.231,4211.812
2015-07-14,4178.63,4112.149
2015-07-15,4068.88,3966.759
2015-07-16,3949.639,3997.356
2015-07-17,4023.757,4151.496
2015-07-20,4157.06,4160.612
2015-07-21,4109.761,4166.006
2015-07-22,4148.56,4157.16
2015-07-23,4158.932,4250.805
2015-07-24,4255.198,4176.279
2015-07-27,4097.796,3818.731
2015-07-28,3690.974,3811.093
2015-07-29,3839.959,3930.379
2015-07-30,3915.78,3815.412
2015-07-31,3777.155,3816.699
2015-08-03,3766.072,3829.235
2015-08-04,3827.373,3948.155
2015-08-05,3937.623,3866.9
2015-08-06,3802.928,3831.852
2015-08-07,3866.43,3906.945
2015-08-10,3947.472,4084.365
2015-08-11,4083.589,4066.669
2015-08-12,4025.674,4016.126
2015-08-13,4010.013,4075.463
2015-08-14,4097.918,4073.54
2015-08-17,4058.113,4077.872
2015-08-18,4084.311,3825.412
2015-08-19,3748.266,3886.136
2015-08-20,3848.403,3761.454
2015-08-21,3714.289,3589.536
2015-08-24,3454.598,3275.534
2015-08-25,3070.007,3042.927
2015-08-26,3062.566,3025.692
2015-08-27,3092.812,3205.638
2015-08-28,3246.236,3342.286
2015-08-31,3307.396,3366.536
2015-09-01,3296.529,3362.083
2015-09-02,3220.851,3365.832
2015-09-07,3347.293,3250.485
2015-09-08,3221.789,3334.023
2015-09-09,3344.824,3399.305
2015-09-10,3349.281,3357.561
2015-09-11,3349.877,3347.188
2015-09-14,3367.642,3281.132
2015-09-15,3208.744,3152.232
2015-09-16,3149.158,3309.248
2015-09-17,3287.657,3236.999
2015-09-18,3254.443,3251.273
2015-09-21,3222.603,3308.247
2015-09-22,3312.366,3339.03
2015-09-23,3290.071,3263.028
2015-09-24,3278.896,3284.999
2015-09-25,3272.665,3231.951
2015-09-28,3226.607,3242.752
2015-09-29,3197.221,3178.854
2015-09-30,3195.901,3202.948
2015-10-08,3324.981,3296.482
2015-10-09,3302.36,3340.116
2015-10-12,3351.139,3447.693
2015-10-13,3422.477,3445.043
2015-10-14,3431.135,3406.112
2015-10-15,3403.389,3486.815
2015-10-16,3508.518,3534.065
2015-10-19,3548.953,3534.182
2015-10-20,3527.875,3577.703
2015-10-21,3580.838,3473.254
2015-10-22,3453.201,3524.534
2015-10-23,3536.843,3571.241
2015-10-26,3614.702,3589.261
2015-10-27,3569.449,3592.879
2015-10-28,3575.805,3524.92
2015-10-29,3539.978,3533.307
2015-10-30,3530.223,3534.079
2015-11-02,3489.225,3475.962
2015-11-03,3484.722,3465.493
2015-11-04,3477.159,3628.538
2015-11-05,3630.782,3705.97
2015-11-06,3698.342,3793.374
2015-11-09,3796.379,3840.355
2015-11-10,3806.669,3833.238
2015-11-11,3828.448,3833.646
2015-11-12,3841.738,3795.324
2015-11-13,3756.204,3746.242
2015-11-16,3682.735,3764.126
2015-11-17,3790.426,3758.387
2015-11-18,3760.456,3715.58
2015-11-19,3725.622,3774.969
2015-11-20,3778.884,3774.383
2015-11-23,3774.436,3753.335
2015-11-24,3745.761,3753.889
2015-11-25,3747.759,3781.607
2015-11-26,3795.245,3759.429
2015-11-27,3739.096,3556.992
2015-11-30,3554.89,3566.412
2015-12-01,3562.319,3591.696
2015-12-02,3587.758,3721.955
2015-12-03,3709.547,3749.299
2015-12-04,3719.734,3677.592
2015-12-07,3681.582,3687.607
2015-12-08,3668.839,3623.02
2015-12-09,3613.42,3635.938
2015-12-10,3634.366,3623.084
2015-12-11,3605.372,3608.059
2015-12-14,3573.884,3711.322
2015-12-15,3707.73,3694.389
2015-12-16,3703.95,3685.44
2015-12-17,3712.783,3755.888
2015-12-18,3754.96,3767.913
2015-12-21,3762.097,3865.965
2015-12-22,3872.098,3876.733
2015-12-23,3877.872,3866.381
2015-12-24,3858.135,3829.402
2015-12-25,3832.085,3838.201
2015-12-28,3847.532,3727.632
2015-12-29,3723.05,3761.875
2015-12-30,3762.914,3765.175
2015-12-31,3760.904,3731.005
2016-01-04,3725.856,3469.066
2016-01-05,3382.177,3478.78
2016-01-06,3482.406,3539.808
2016-01-07,3481.15,3294.384
2016-01-08,3371.871,3361.563
2016-01-11,3303.125,3192.45
2016-01-12,3214.823,3215.71
2016-01-13,3240.484,3155.879
2016-01-14,3076.645,3221.571
2016-01-15,3200.888,3118.73
2016-01-18,3068.235,3130.729
2016-01-19,3132.705,3223.125
2016-01-20,3204.218,3174.378
2016-01-21,3136.384,3081.345
2016-01-22,3114.895,3113.463
2016-01-25,3129.028,3128.886
2016-01-26,3099.596,2940.509
2016-01-27,2953.183,2930.352
2016-01-28,2909.334,2853.756
2016-01-29,2855.598,2946.09
2016-02-01,2939.04,2901.048
2016-02-02,2901.528,2961.334
2016-02-03,2931.288,2948.639
2016-02-04,2960.334,2984.76
2016-02-05,2982.056,2963.789
2016-02-15,2888.428,2946.707
2016-02-16,2962.187,3037.035
2016-02-17,3034.09,3063.32
2016-02-18,3079.527,3053.699
2016-02-19,3047.942,3051.585
2016-02-22,3083.933,3118.868
2016-02-23,3117.203,3089.363
2016-02-24,3077.606,3109.545
2016-02-25,3104.41,2918.75
2016-02-26,2942.095,2948.031
2016-02-29,2939.58,2877.467
2016-03-01,2881.335,2930.694
2016-03-02,2933.921,3051.333
2016-03-03,3050.389,3058.422
2016-03-04,3047.537,3093.89
2016-03-07,3108.999,3104.84
2016-03-08,3100.149,3107.673
2016-03-09,3045.924,3071.907
2016-03-10,3056.21,3013.146
2016-03-11,2990.214,3018.284
2016-03-14,3039.569,3065.69
2016-03-15,3061.343,3074.78
2016-03-16,3068.866,3090.033
2016-03-17,3096.808,3124.204
2016-03-18,3136.223,3171.963
2016-03-21,3203.293,3249.437
2016-03-22,3231.615,3225.79
2016-03-23,3217.729,3236.092
2016-03-24,3211.496,3181.851
2016-03-25,3176.81,3197.817
2016-03-28,3206.953,3169.728
2016-03-29,3171.314,3135.41
2016-03-30,3161.289,3216.275
2016-03-31,3229.2,3218.088
2016-04-01,3213.674,3221.895
2016-04-05,3211.305,3264.486
2016-04-06,3250.522,3257.528
2016-04-07,3266.288,3209.29
2016-04-08,3189.846,3185.726
2016-04-11,3213.507,3230.096
2016-04-12,3227.367,3218.45
2016-04-13,3237.858,3261.383
2016-04-14,3277.098,3275.832
2016-04-15,3279.857,3272.205
2016-04-18,3252.671,3228.453
2016-04-19,3243.971,3238.303
2016-04-20,3244.142,3181.026
2016-04-21,3160.796,3160.603
2016-04-22,3142.561,3174.901
2016-04-25,3164.738,3162.033
2016-04-26,3159.771,3179.161
2016-04-27,3181.931,3165.916
2016-04-28,3169.333,3160.581
2016-04-29,3153.537,3156.745
2016-05-03,3159.823,3213.54
2016-05-04,3203.465,3209.461
2016-05-05,3204.169,3213.92
2016-05-06,3213.136,3130.354
2016-05-09,3115.43,3065.615
2016-05-10,3055.212,3069.112
2016-05-11,3080.636,3082.809
2016-05-12,3059.383,3090.137
2016-05-13,3081.68,3074.935
2016-05-16,3064.526,3095.309
2016-05-17,3095.523,3086.025
2016-05-18,3071.529,3068.036
2016-05-19,3060.343,3062.5
2016-05-20,3047.778,3078.218
2016-05-23,3078.515,3087.223
2016-05-24,3083.244,3063.556
2016-05-25,3079.749,3059.226
2016-05-26,3056.6,3064.211
2016-05-27,3059.732,3062.499
2016-05-30,3056.314,3066.71
2016-05-31,3068.596,3169.56
2016-06-01,3172.962,3160.547
2016-06-02,3158.026,3167.1
2016-06-03,3172.946,3189.326
2016-06-06,3192.779,3178.788
2016-06-07,3182.437,3177.054
2016-06-08,3171.813,3163.986
2016-06-13,3134.045,3066.341
2016-06-14,3058.443,3075.983
2016-06-15,3043.958,3116.368
2016-06-16,3104.362,3094.675
2016-06-17,3096.09,3110.357
2016-06-20,3114.906,3112.674
2016-06-21,3124.898,3106.318
2016-06-22,3100.45,3133.961
2016-06-23,3129.721,3117.317
2016-06-24,3110.647,3077.155
2016-06-27,3065.128,3120.544
2016-06-28,3107.398,3136.401
2016-06-29,3142.484,3151.39
2016-06-30,3152.833,3153.921
2016-07-01,3156.932,3154.2
2016-07-04,3136.385,3204.696
2016-07-05,3199.157,3207.383
2016-07-06,3197.625,3216.804
2016-07-07,3206.551,3209.954
2016-07-08,3199.754,3192.28
2016-07-11,3199.038,3203.33
2016-07-12,3201.906,3273.182
2016-07-13,3274.02,3282.868
2016-07-14,3277.482,3276.764
2016-07-15,3278.836,3276.278
2016-07-18,3269.708,3262.022
2016-07-19,3260.435,3248.234
2016-07-20,3246.863,3237.605
2016-07-21,3238.337,3252.523
2016-07-22,3251.242,3225.162
2016-07-25,3220.166,3230.885
2016-07-26,3228.234,3269.588
2016-07-27,3270.084,3218.243
2016-07-28,3204.465,3221.137
2016-07-29,3217.192,3203.93
2016-08-01,3196.425,3176.809
2016-08-02,3173.758,3189.053
2016-08-03,3179.684,3193.507
2016-08-04,3190.546,3201.289
2016-08-05,3201.354,3205.11
2016-08-08,3199.572,3234.183
2016-08-09,3232.603,3256.981
2016-08-10,3255.182,3243.341
2016-08-11,3239.558,3233.36
2016-08-12,3231.807,3294.234
2016-08-15,3303.469,3393.424
2016-08-16,3403.384,3378.245
2016-08-17,3377.771,3373.048
2016-08-18,3369.947,3364.485
2016-08-19,3358.555,3365.02
2016-08-22,3364.681,3336.795
2016-08-23,3332.621,3341.83
2016-08-24,3341.93,3329.863
2016-08-25,3314.085,3308.972
2016-08-26,3312.499,3307.09
2016-08-29,3306.575,3307.781
2016-08-30,3310.319,3311.987
2016-08-31,3310.565,3327.794
2016-09-01,3326.739,3301.577
2016-09-02,3298.722,3314.114
2016-09-05,3321.005,3319.68
2016-09-06,3322.018,3342.626
2016-09-07,3344.066,3340.817
2016-09-08,3338.008,3339.564
2016-09-09,3339.373,3318.044
2016-09-12,3271.87,3262.604
2016-09-13,3265.337,3260.333
2016-09-14,3245.737,3238.73
2016-09-19,3242.743,3263.124
2016-09-20,3264.665,3257.403
2016-09-21,3257.71,3266.636
2016-09-22,3281.472,3291.121
2016-09-23,3292.279,3275.667
2016-09-26,3267.691,3220.284
2016-09-27,3214.87,3240.755
2016-09-28,3243.647,3230.89
2016-09-29,3234.857,3244.387
2016-09-30,3240.178,3253.285
2016-10-10,3265.364,3293.869
2016-10-11,3296.867,3306.557
2016-10-12,3299.139,3300.01
2016-10-13,3299.156,3302.646
2016-10-14,3298.734,3305.848
2016-10-17,3305.964,3277.879
2016-10-18,3272.682,3321.332
2016-10-19,3323.304,3316.241
2016-10-20,3317.179,3318.604
2016-10-21,3315.716,3327.74
2016-10-24,3332.513,3367.578
2016-10-25,3367.475,3367.455
2016-10-26,3365.198,3354.8
2016-10-27,3351.46,3345.695
2016-10-28,3347.144,3340.126
2016-10-31,3332.406,3336.278
2016-11-01,3338.71,3359.052
2016-11-02,3350.71,3333.352
2016-11-03,3326.905,3365.085
2016-11-04,3362.206,3354.175
2016-11-07,3353.444,3356.592
2016-11-08,3367.697,3371.118
2016-11-09,3370.6,3353.055
2016-11-10,3374.906,3390.612
2016-11-11,3387.948,3417.221
2016-11-14,3409.224,3430.248
2016-11-15,3428.866,3429.87
2016-11-16,3432.434,3429.592
2016-11-17,3423.465,3436.535
2016-11-18,3437.49,3417.455
2016-11-21,3412.652,3441.111
2016-11-22,3443.22,3468.364
2016-11-23,3473.895,3474.729
2016-11-24,3468.807,3488.74
2016-11-25,3490.04,3521.298
2016-11-28,3538.675,3535.081
2016-11-29,3525.901,3564.04
2016-11-30,3557.636,3538.001
2016-12-01,3543.956,3565.036
2016-12-02,3559.771,3528.955
2016-12-05,3473.688,3469.407
2016-12-06,3466.242,3459.153
2016-12-07,3458.369,3475.747
2016-12-08,3481.807,3470.143
2016-12-09,3464.873,3493.7
2016-12-12,3489.268,3409.179
2016-12-13,3394.207,3405.036
2016-12-14,3399.411,3378.945
2016-12-15,3363.86,3340.434
2016-12-16,3335.363,3346.031
2016-12-19,3342.345,3328.983
2016-12-20,3328.299,3309.064
2016-12-21,3313.745,3338.536
2016-12-22,3335.122,3335.672
2016-12-23,3333.401,3307.599
2016-12-26,3293.224,3322.401
2016-12-27,3319.206,3316.385
2016-12-28,3315.753,3301.889
2016-12-29,3297.036,3297.765
2016-12-30,3302.599,3310.081
2017-01-03,3313.953,3342.227
2017-01-04,3340.558,3368.312
2017-01-05,3368.34,3367.789
2017-01-06,3366.852,3347.667
2017-01-09,3345.748,3363.901
2017-01-10,3361.639,3358.272
2017-01-11,3355.801,3334.495
2017-01-12,3332.686,3317.624
2017-01-13,3317.963,3319.912
2017-01-16,3314.151,3319.446
2017-01-17,3305.6,3326.356
2017-01-18,3323.339,3339.365
2017-01-19,3330.952,3329.289
2017-01-20,3326.977,3354.889
2017-01-23,3359.054,3364.081
2017-01-24,3363.137,3364.451
2017-01-25,3361.656,3375.904
2017-01-26,3378.261,3387.961
2017-02-03,3390.932,3364.492
2017-02-06,3368.108,3373.205
2017-02-07,3371.77,3365.685
2017-02-08,3361.781,3383.288
2017-02-09,3381.899,3396.292
2017-02-10,3398.317,3413.487
2017-02-13,3416.917,3436.275
2017-02-14,3438.511,3435.804
2017-02-15,3435.388,3421.713
2017-02-16,3421.83,3440.933
2017-02-17,3443.617,3421.442
2017-02-20,3421.643,3471.393
2017-02-21,3475.058,3482.823
2017-02-22,3483.201,3489.757
2017-02-23,3487.575,3473.324
2017-02-24,3468.959,3473.852
2017-02-27,3471.132,3446.223
2017-02-28,3445.027,3452.81
2017-03-01,3452.206,3458.438
2017-03-02,3463.483,3435.096
2017-03-03,3424.663,3427.863
2017-03-06,3427.253,3446.484
2017-03-07,3446.163,3453.957
2017-03-08,3452.201,3448.731
2017-03-09,3442.895,3426.944
2017-03-10,3423.978,3427.892
2017-03-13,3425.672,3458.098
2017-03-14,3456.658,3456.693
2017-03-15,3452.214,3463.644
2017-03-16,3472.269,3481.507
2017-03-17,3485.311,3445.805
2017-03-20,3449.052,3449.613
2017-03-21,3449.77,3466.347
2017-03-22,3450.754,3450.05
2017-03-23,3452.406,3461.978
2017-03-24,3464.197,3489.6
2017-03-27,3488.765,3478.039
2017-03-28,3480.249,3469.809
2017-03-29,3472.967,3465.193
2017-03-30,3461.616,3436.758
2017-03-31,3434.822,3456.046
2017-04-05,3476.423,3503.893
2017-04-06,3507.988,3514.047
2017-04-07,3514.452,3517.463
2017-04-10,3519.46,3505.139
2017-04-11,3503.829,3517.328
2017-04-12,3514.572,3509.439
2017-04-13,3500.284,3514.566
2017-04-14,3516.81,3486.505
2017-04-17,3475.738,3479.942
2017-04-18,3474.889,3462.743
2017-04-19,3452.99,3445.876
2017-04-20,3444.523,3461.548
2017-04-21,3461.389,3466.787
2017-04-24,3458.228,3431.259
2017-04-25,3427.732,3440.974
2017-04-26,3440.253,3445.183
2017-04-27,3435.102,3446.72
2017-04-28,3439.574,3439.753
2017-05-02,3427.917,3426.577
2017-05-03,3421.759,3413.128
2017-05-04,3404.938,3404.386
2017-05-05,3393.483,3382.55
2017-05-08,3369.108,3358.813
2017-05-09,3342.598,3352.532
2017-05-10,3350.65,3337.701
2017-05-11,3322.946,3356.646
2017-05-12,3350.937,3385.379
2017-05-15,3391.588,3399.194
2017-05-16,3390.925,3428.649
2017-05-17,3423.19,3409.966
2017-05-18,3387.666,3398.113
2017-05-19,3395.232,3403.849
2017-05-22,3400.588,3411.239
2017-05-23,3405.025,3424.194
2017-05-24,3409.717,3424.167
2017-05-25,3414.399,3485.658
2017-05-26,3479.621,3480.435
2017-05-31,3495.073,3492.885
2017-06-01,3485.222,3497.738
2017-06-02,3491.589,3486.507
2017-06-05,3480.169,3468.754
2017-06-06,3464.377,3492.882
2017-06-07,3493.885,3533.872
2017-06-08,3531.242,3560.979
2017-06-09,3561.241,3576.17
2017-06-12,3570.219,3574.389
2017-06-13,3569.159,3582.267
2017-06-14,3571.248,3535.299
2017-06-15,3530.747,3528.793
2017-06-16,3522.975,3518.761
2017-06-19,3520.06,3553.665
2017-06-20,3560.787,3546.494
2017-06-21,3567.126,3587.955
2017-06-22,3583.558,3590.343
2017-06-23,3583.436,3622.883
2017-06-26,3627.021,3668.092
2017-06-27,3665.578,3674.715
2017-06-28,3664.163,3646.167
2017-06-29,3649.253,3668.828
2017-06-30,3654.735,3666.798
2017-07-03,3667.232,3650.846
2017-07-04,3646.828,3619.984
2017-07-05,3611.898,3659.68
2017-07-06,3654.558,3660.097
2017-07-07,3647.642,3655.929
2017-07-10,3647.938,3653.687
2017-07-11,3646.878,3670.809
2017-07-12,3672.633,3658.824
2017-07-13,3656.35,3686.921
2017-07-14,3682.615,3703.094
2017-07-17,3700.618,3663.558
2017-07-18,3648.494,3667.181
2017-07-19,3660.867,3729.747
2017-07-20,3725.144,3747.884
2017-07-21,3738.185,3728.598
2017-07-24,3724.378,3743.469
2017-07-25,3742.641,3719.559
2017-07-26,3722.876,3705.388
2017-07-27,3700.856,3712.195
2017-07-28,3703.49,3721.891
2017-07-31,3722.428,3737.873
2017-08-01,3738.736,3770.383
2017-08-02,3768.194,3760.853
2017-08-03,3755.108,3727.826
2017-08-04,3724.723,3707.58
2017-08-07,3701.216,3726.795
2017-08-08,3724.329,3732.213
2017-08-09,3728.032,3731.044
2017-08-10,3724.962,3715.921
2017-08-11,3687.931,3647.35
2017-08-14,3651.375,3694.683
2017-08-15,3695.78,3706.057
2017-08-16,3701.134,3701.421
2017-08-17,3707.067,3721.277
2017-08-18,3707.189,3724.675
2017-08-21,3731.84,3740.994
2017-08-22,3745.754,3752.298
2017-08-23,3747.611,3756.088
2017-08-24,3755.89,3734.646
2017-08-25,3736.292,3795.754
2017-08-28,3805.657,3842.712
2017-08-29,3839.178,3834.538
2017-08-30,3834.268,3834.301
2017-08-31,3835.839,3822.093
2017-09-01,3825.339,3830.538
2017-09-04,3828.545,3845.616
2017-09-05,3845.545,3857.046
2017-09-06,3846.747,3849.45
2017-09-07,3851.688,3829.871
2017-09-08,3830.071,3825.99
2017-09-11,3828.342,3825.645
2017-09-12,3832.242,3837.934
2017-09-13,3835.549,3842.606
2017-09-14,3843.572,3829.955
2017-09-15,3826.145,3831.297
2017-09-18,3832.963,3843.143
2017-09-19,3849.879,3832.116
2017-09-20,3830.155,3842.435
2017-09-21,3843.258,3837.818
2017-09-22,3826.459,3837.73
2017-09-25,3829.219,3817.792
2017-09-26,3810.333,3820.782
2017-09-27,3818.965,3821.2
2017-09-28,3821.59,3822.539
2017-09-29,3825.202,3836.501
2017-10-09,3910.115,3882.208
2017-10-10,3883.004,3889.864
2017-10-11,3886.818,3902.687
2017-10-12,3902.016,3912.954
2017-10-13,3912.975,3921.002
2017-10-16,3926.275,3913.446
2017-10-17,3910.789,3913.069
2017-10-18,3914.815,3944.163
2017-10-19,3940.583,3931.25
2017-10-20,3918.527,3926.852
2017-10-23,3930.891,3930.798
2017-10-24,3926.23,3959.395
2017-10-25,3958.167,3976.949
2017-10-26,3980.048,3993.575
2017-10-27,3992.554,4021.968
2017-10-30,4022.164,4009.722
2017-10-31,3995.394,4006.718
2017-11-01,4007.912,3996.622
2017-11-02,3994.095,3997.134
2017-11-03,3992.35,3992.698
2017-11-06,3989.182,4020.89
2017-11-07,4022.402,4054.247
2017-11-08,4051.494,4048.006
2017-11-09,4043.066,4075.9
2017-11-10,4070.276,4111.911
2017-11-13,4115.551,4128.073
2017-11-14,4129.274,4099.351
2017-11-15,4084.213,4073.67
2017-11-16,4063.494,4105.012
2017-11-17,4094.079,4120.851
2017-11-20,4093.734,4143.833
2017-11-21,4131.848,4217.702
2017-11-22,4228.372,4227.567
2017-11-23,4213.378,4102.397
2017-11-24,4089.472,4104.203
2017-11-27,4088.932,4049.948
2017-11-28,4034.206,4055.824
2017-11-29,4061.355,4053.753
2017-11-30,4034.009,4006.099
2017-12-01,4003.56,3998.137
2017-12-04,3989.047,4018.857
2017-12-05,4007.936,4040.17
2017-12-06,4027.123,4015.821
2017-12-07,4003.583,3971.057
2017-12-08,3962.829,4003.379
2017-12-11,4006.878,4069.5
2017-12-12,4068.505,4016.016
2017-12-13,4013.832,4050.093
2017-12-14,4050.903,4026.152
2017-12-15,4018.731,3980.856
2017-12-18,3983.297,3985.291
2017-12-19,3985.823,4035.329
2017-12-20,4036.019,4030.49
2017-12-21,4023.076,4067.849
2017-12-22,4064.913,4054.598
2017-12-25,4057.417,4041.54
2017-12-26,4040.617,4053.622
2017-12-27,4045.279,3991.208
2017-12-28,3992.997,4018.897
2017-12-29,4022.883,4030.855
2018-01-02,4045.209,4087.401
2018-01-03,4091.461,4111.393
2018-01-04,4114.121,4128.812
2018-01-05,4133.344,4138.751
2018-01-08,4140.855,4160.16
2018-01-09,4157.539,4189.298
2018-01-10,4187.204,4207.813
2018-01-11,4197.114,4205.586
2018-01-12,4205.144,4225.001
2018-01-15,4229.836,4225.239
2018-01-16,4215.625,4258.473
2018-01-17,4261.783,4248.116
2018-01-18,4259.375,4271.417
2018-01-19,4281.937,4285.395
2018-01-22,4276.481,4336.597
2018-01-23,4346.889,4382.613
2018-01-24,4389.455,4389.885
2018-01-25,4381.977,4365.079
2018-01-26,4352.221,4381.3
2018-01-29,4387.058,4302.018
2018-01-30,4286.683,4256.102
2018-01-31,4234.11,4275.899
2018-02-01,4276.343,4245.898
2018-02-02,4213.939,4271.233
2018-02-05,4204.458,4274.146
2018-02-06,4182.326,4148.886
2018-02-07,4205.737,4050.497
2018-02-08,4022.88,4012.047
2018-02-09,3896.169,3840.653
2018-02-12,3846.267,3890.105
2018-02-13,3925.596,3935.632
2018-02-14,3945.094,3966.961
2018-02-22,4020.973,4052.733
2018-02-23,4061.755,4071.089
2018-02-26,4093.399,4118.419
2018-02-27,4120.871,4058.981
2018-02-28,4016.791,4023.642
2018-03-01,3994.869,4049.086
2018-03-02,4014.951,4016.461
2018-03-05,4021.658,4018.097
2018-03-06,4034.985,4066.565
2018-03-07,4063.503,4036.654
2018-03-08,4038.953,4077.6
2018-03-09,4088.07,4108.865
2018-03-12,4130.708,4127.666
2018-03-13,4124.331,4091.253
2018-03-14,4076.063,4073.345
2018-03-15,4058.706,4096.163
2018-03-16,4096.886,4056.423
2018-03-19,4054.617,4074.248
2018-03-20,4045.743,4077.704
2018-03-21,4097.024,4061.05
2018-03-22,4062.067,4020.349
2018-03-23,3896.736,3904.936
2018-03-26,3862.695,3879.893
2018-03-27,3927.492,3913.269
2018-03-28,3865.045,3842.716
2018-03-29,3854.591,3894.05
2018-03-30,3893.747,3898.498
2018-04-02,3897.005,3886.919
2018-04-03,3850.155,3862.48
2018-04-04,3873.627,3854.863
2018-04-09,3851.955,3852.929
2018-04-10,3860.723,3927.173
2018-04-11,3934.17,3938.343
2018-04-12,3935.673,3898.635
2018-04-13,3920.738,3871.144
2018-04-16,3862.474,3808.863
2018-04-17,3812.875,3748.641
2018-04-18,3785.306,3766.282
2018-04-19,3774.784,3811.843
2018-04-20,3801.208,3760.854
2018-04-23,3754.69,3766.326
2018-04-24,3769.879,3843.489
2018-04-25,3824.593,3828.702
2018-04-26,3823.392,3755.494
2018-04-27,3771.037,3756.877
2018-05-02,3769.925,3763.646
2018-05-03,3756.166,3793.0
2018-05-04,3784.316,3774.598
2018-05-07,3782.54,3834.188
2018-05-08,3834.614,3878.677
2018-05-09,3876.13,3871.615
2018-05-10,3882.836,3893.057
2018-05-11,3902.148,3872.838
2018-05-14,3886.874,3909.293
2018-05-15,3920.14,3924.098
2018-05-16,3909.818,3892.844
2018-05-17,3895.49,3864.051
2018-05-18,3860.164,3903.064
2018-05-21,3925.539,3921.242
2018-05-22,3918.815,3906.208
2018-05-23,3898.268,3854.583
2018-05-24,3853.292,3827.217
2018-05-25,3823.745,3816.498
2018-05-28,3816.265,3833.26
2018-05-29,3824.191,3804.009
2018-05-30,3755.176,3723.372
2018-05-31,3749.295,3802.376
2018-06-01,3789.672,3770.589
2018-06-04,3785.187,3807.578
2018-06-05,3811.285,3845.316
2018-06-06,3839.683,3837.351
2018-06-07,3846.937,3831.013
2018-06-08,3819.448,3779.616
2018-06-11,3770.208,3779.982
2018-06-12,3783.186,3825.953
2018-06-13,3814.617,3788.339
2018-06-14,3774.64,3773.366
2018-06-15,3763.041,3753.434
2018-06-19,3702.668,3621.117
2018-06-20,3602.551,3635.444
2018-06-21,3633.556,3592.965
2018-06-22,3567.894,3608.905
2018-06-25,3625.798,3560.478
2018-06-26,3521.588,3531.111
2018-06-27,3525.132,3459.262
2018-06-28,3434.944,3423.526
2018-06-29,3431.962,3510.985
2018-07-02,3504.457,3407.964
2018-07-03,3410.477,3409.28
2018-07-04,3398.779,3363.747
2018-07-05,3365.555,3342.438
2018-07-06,3347.062,3365.123
2018-07-09,3378.906,3459.184
2018-07-10,3464.906,3467.516
2018-07-11,3398.927,3407.53
2018-07-12,3403.33,3481.056
2018-07-13,3488.497,3492.69
2018-07-16,3488.967,3472.086
2018-07-17,3466.424,3449.377
2018-07-18,3456.607,3431.323
2018-07-19,3444.803,3428.343
2018-07-20,3426.456,3492.894
2018-07-23,3471.856,3525.75
2018-07-24,3530.664,3581.706
2018-07-25,3589.506,3577.752
2018-07-26,3583.317,3536.246
2018-07-27,3533.771,3521.227
2018-07-30,3520.854,3515.079
2018-07-31,3510.474,3517.657
2018-08-01,3530.03,3447.388
2018-08-02,3434.352,3370.958
2018-08-03,3366.664,3315.284
2018-08-06,3312.815,3273.273
2018-08-07,3284.979,3368.87
2018-08-08,3362.149,3314.508
2018-08-09,3303.477,3397.53
2018-08-10,3398.414,3405.019
2018-08-13,3369.981,3390.344
2018-08-14,3386.483,3372.914
2018-08-15,3371.959,3291.976
2018-08-16,3251.856,3276.728
2018-08-17,3305.895,3229.62
2018-08-20,3238.215,3267.25
2018-08-21,3271.84,3326.649
2018-08-22,3328.969,3307.955
2018-08-23,3308.459,3320.026
2018-08-24,3308.478,3325.335
2018-08-27,3339.389,3406.574
2018-08-28,3408.15,3400.171
2018-08-29,3393.053,3386.574
2018-08-30,3385.805,3351.094
2018-08-31,3333.38,3334.504
2018-09-03,3320.69,3321.825
2018-09-04,3324.186,3363.898
2018-09-05,3349.698,3298.141
2018-09-06,3286.665,3262.881
2018-09-07,3273.891,3277.644
2018-09-10,3271.382,3230.068
2018-09-11,3229.705,3224.212
2018-09-12,3216.991,3202.025
2018-09-13,3239.685,3236.566
2018-09-14,3242.831,3242.09
2018-09-17,3224.927,3204.922
2018-09-18,3193.642,3269.432
2018-09-19,3261.997,3312.482
2018-09-20,3314.876,3310.126
2018-09-21,3320.696,3410.486
2018-09-25,3375.972,3379.804
2018-09-26,3388.558,3417.241
2018-09-27,3415.953,3403.59
2018-09-28,3409.96,3438.865
2018-10-08,3361.559,3290.899
2018-10-09,3290.171,3288.691
2018-10-10,3295.429,3281.598
2018-10-11,3179.541,3124.114
2018-10-12,3123.372,3170.726
2018-10-15,3173.847,3126.452
2018-10-16,3128.576,3100.974
2018-10-17,3140.684,3118.246
2018-10-18,3097.79,3044.392
2018-10-19,3017.749,3134.946
2018-10-22,3159.561,3270.273
2018-10-23,3273.127,3183.426
2018-10-24,3169.457,3188.202
2018-10-25,3107.84,3194.308
2018-10-26,3204.285,3173.635
2018-10-29,3157.488,3076.889
2018-10-30,3061.93,3110.261
2018-10-31,3116.658,3153.823
2018-11-01,3185.202,3177.034
2018-11-02,3258.609,3290.246
2018-11-05,3269.47,3262.835
2018-11-06,3254.978,3243.15
2018-11-07,3243.878,3221.91
2018-11-08,3251.728,3212.774
2018-11-09,3193.304,3167.444
2018-11-12,3160.247,3205.141
2018-11-13,3164.922,3237.382
2018-11-14,3233.641,3204.943
2018-11-15,3201.281,3242.372
2018-11-16,3242.879,3257.674
2018-11-19,3258.792,3294.603
2018-11-20,3268.077,3218.408
2018-11-21,3187.103,3226.492
2018-11-22,3232.973,3214.427
2018-11-23,3208.593,3143.475
2018-11-26,3148.672,3141.243
2018-11-27,3152.774,3137.241
2018-11-28,3137.748,3178.933
2018-11-29,3198.826,3137.654
2018-11-30,3136.196,3172.69
2018-12-03,3260.686,3260.95
2018-12-04,3256.228,3267.71
2018-12-05,3224.256,3252.004
2018-12-06,3218.113,3181.673
2018-12-07,3187.492,3181.565
2018-12-10,3153.523,3144.763
2018-12-11,3148.226,3159.816
2018-12-12,3181.566,3170.609
2018-12-13,3178.891,3219.692
2018-12-14,3207.348,3165.911
2018-12-17,3158.284,3161.197
2018-12-18,3139.949,3128.427
2018-12-19,3133.742,3091.126
2018-12-20,3083.544,3067.417
2018-12-21,3055.326,3029.395
2018-12-24,3015.497,3038.198
2018-12-25,3006.879,3017.282
2018-12-26,3012.869,3002.033
2018-12-27,3042.949,2990.506
2018-12-28,2994.795,3010.654
2019-01-02,3017.067,2969.535
2019-01-03,2963.019,2964.842
2019-01-04,2940.192,3035.874
2019-01-07,3055.154,3054.303
2019-01-08,3049.875,3047.704
2019-01-09,3065.231,3078.476
2019-01-10,3077.482,3072.686
2019-01-11,3082.262,3094.778
2019-01-14,3092.498,3067.785
2019-01-15,3071.519,3127.99
2019-01-16,3126.135,3128.652
2019-01-17,3132.629,3111.417
2019-01-18,3124.503,3168.174
2019-01-21,3170.877,3185.636
2019-01-22,3181.949,3143.317
2019-01-23,3136.096,3141.053
2019-01-24,3146.605,3158.782
2019-01-25,3165.181,3184.47
2019-01-28,3203.119,3183.778
2019-01-29,3177.261,3193.97
2019-01-30,3181.655,3168.483
2019-01-31,3182.699,3201.633
2019-02-01,3225.734,3247.397
2019-02-11,3239.808,3306.473
2019-02-12,3306.352,3330.335
2019-02-13,3337.779,3397.028
2019-02-14,3392.855,3402.14
2019-02-15,3391.242,3338.705
2019-02-18,3366.423,3445.745
2019-02-19,3454.722,3439.608
2019-02-20,3449.932,3451.927
2019-02-21,3450.141,3442.706
2019-02-22,3439.378,3520.118
2019-02-25,3575.853,3729.483
2019-02-26,3734.706,3684.694
2019-02-27,3682.812,3678.392
2019-02-28,3675.264,3669.37
2019-03-01,3699.216,3749.714
2019-03-04,3783.037,3794.104
2019-03-05,3785.376,3816.013
2019-03-06,3822.859,3848.09
2019-03-07,3841.146,3808.85
2019-03-08,3721.402,3657.579
2019-03-11,3663.977,3729.955
2019-03-12,3758.315,3755.352
2019-03-13,3758.713,3724.194
2019-03-14,3710.293,3698.486
2019-03-15,3713.936,3745.005
2019-03-18,3753.644,3851.748
2019-03-19,3856.589,3833.963
2019-03-20,3825.336,3835.44
2019-03-21,3840.278,3836.891
2019-03-22,3838.126,3833.801
2019-03-25,3776.443,3742.825
2019-03-26,3766.529,3700.439
2019-03-27,3724.406,3743.388
2019-03-28,3731.061,3728.395
2019-03-29,3739.774,3872.341
2019-04-01,3901.17,3973.928
2019-04-02,3986.344,3971.285
2019-04-03,3947.87,4022.157
2019-04-04,4039.742,4062.231
2019-04-08,4097.103,4057.229
2019-04-09,4063.814,4075.43
2019-04-10,4062.443,4085.847
2019-04-11,4083.462,3997.578
2019-04-12,3986.782,3988.617
2019-04-15,4056.492,3975.524
2019-04-16,3958.096,4085.789
2019-04-17,4080.717,4087.24
2019-04-18,4085.115,4072.075
2019-04-19,4076.295,4120.608
2019-04-22,4125.972,4025.611
2019-04-23,4021.628,4019.005
2019-04-24,4033.629,4030.089
2019-04-25,4013.603,3941.816
2019-04-26,3921.891,3889.275
2019-04-29,3896.582,3900.334
2019-04-30,3887.18,3913.211
2019-05-06,3775.077,3684.617
2019-05-07,3702.266,3720.668
2019-05-08,3648.549,3667.457
2019-05-09,3637.346,3599.7
2019-05-10,3643.056,3730.451
2019-05-13,3675.76,3668.726
2019-05-14,3630.439,3645.15
2019-05-15,3674.993,3727.092
2019-05-16,3720.039,3743.964
2019-05-17,3744.875,3648.761
2019-05-20,3635.736,3617.792
2019-05-21,3619.437,3666.776
2019-05-22,3663.153,3649.38
2019-05-23,3629.528,3583.965
2019-05-24,3584.902,3593.914
2019-05-27,3592.603,3637.197
2019-05-28,3633.018,3672.261
2019-05-29,3642.542,3663.909
2019-05-30,3648.85,3641.183
2019-05-31,3640.996,3629.789
2019-06-03,3640.613,3632.013
2019-06-04,3632.56,3598.467
2019-06-05,3627.795,3597.105
2019-06-06,3601.036,3564.678
2019-06-10,3578.008,3610.744
2019-06-11,3617.524,3719.276
2019-06-12,3706.864,3691.096
2019-06-13,3689.583,3685.393
2019-06-14,3690.476,3654.88
2019-06-17,3654.443,3654.825
2019-06-18,3661.13,3667.619
2019-06-19,3761.338,3715.938
2019-06-20,3718.942,3828.518
2019-06-21,3832.732,3833.938
2019-06-24,3836.305,3841.266
2019-06-25,3837.426,3801.31
2019-06-26,3779.513,3794.331
2019-06-27,3807.538,3834.817
2019-06-28,3832.06,3825.587
2019-07-01,3899.331,3935.812
2019-07-02,3931.049,3937.169
2019-07-03,3927.437,3893.534
2019-07-04,3895.198,3873.102
2019-07-05,3875.374,3893.203
2019-07-08,3875.755,3802.79
2019-07-09,3798.095,3793.13
2019-07-10,3807.95,3786.739
2019-07-11,3806.186,3785.221
2019-07-12,3783.073,3808.731
2019-07-15,3792.641,3824.188
2019-07-16,3819.247,3806.845
2019-07-17,3800.106,3804.638
2019-07-18,3793.189,3768.402
2019-07-19,3787.508,3807.955
2019-07-22,3813.502,3781.683
2019-07-23,3783.541,3789.914
2019-07-24,3803.587,3819.833
2019-07-25,3821.39,3851.067
2019-07-26,3835.228,3858.569
2019-07-29,3857.939,3854.27
2019-07-30,3861.57,3870.318
2019-07-31,3856.745,3835.359
2019-08-01,3819.324,3803.469
2019-08-02,3729.131,3747.438
2019-08-05,3724.41,3675.688
2019-08-06,3609.112,3636.329
2019-08-07,3654.632,3621.431
2019-08-08,3651.357,3669.294
2019-08-09,3686.749,3633.53
2019-08-12,3647.866,3699.105
2019-08-13,3675.587,3665.752
2019-08-14,3712.066,3682.402
2019-08-15,3618.009,3694.001
2019-08-16,3697.941,3710.539
2019-08-19,3736.034,3791.095
2019-08-20,3786.026,3787.732
2019-08-21,3778.309,3781.758
2019-08-22,3793.855,3793.506
2019-08-23,3796.882,3820.864
2019-08-26,3756.362,3765.911
2019-08-27,3791.459,3816.946
2019-08-28,3818.813,3802.584
2019-08-29,3805.494,3790.187
2019-08-30,3816.678,3799.586
2019-09-02,3803.689,3848.32
2019-09-03,3852.579,3853.611
2019-09-04,3848.648,3886.001
2019-09-05,3909.209,3925.323
2019-09-06,3946.685,3948.508
2019-09-09,3980.958,3972.948
2019-09-10,3976.87,3959.265
2019-09-11,3969.676,3930.1
2019-09-12,3944.692,3972.38
2019-09-16,3981.362,3957.715
2019-09-17,3947.158,3891.221
2019-09-18,3902.995,3910.084
2019-09-19,3923.963,3924.382
2019-09-20,3933.459,3935.651
2019-09-23,3925.186,3890.662
2019-09-24,3895.866,3901.076
2019-09-25,3887.555,3870.984
2019-09-26,3884.702,3841.139
2019-09-27,3843.458,3852.653
2019-09-30,3842.074,3814.528
2019-10-08,3818.589,3837.679
2019-10-09,3822.607,3843.239
2019-10-10,3838.487,3874.639
2019-10-11,3885.52,3911.725
2019-10-14,3944.859,3953.241
2019-10-15,3953.165,3936.25
2019-10-16,3939.276,3922.685
2019-10-17,3929.386,3925.222
2019-10-18,3935.42,3869.378
2019-10-21,3865.344,3880.84
2019-10-22,3896.315,3895.881
2019-10-23,3892.677,3871.085
2019-10-24,3877.924,3870.668
2019-10-25,3871.769,3896.792
2019-10-28,3904.982,3926.585
2019-10-29,3929.708,3910.226
2019-10-30,3904.717,3891.226
2019-10-31,3906.859,3886.752
2019-11-01,3883.808,3952.387
2019-11-04,3964.005,3978.122
2019-11-05,3982.116,4002.813
2019-11-06,4006.327,3984.882
2019-11-07,3984.553,3991.875
2019-11-08,4017.674,3973.011
2019-11-11,3948.619,3902.978
2019-11-12,3905.958,3903.689
2019-11-13,3905.283,3899.982
2019-11-14,3905.928,3905.857
2019-11-15,3908.489,3877.089
2019-11-18,3874.441,3907.929
2019-11-19,3904.1,3947.039
2019-11-20,3940.134,3907.864
2019-11-21,3894.539,3889.598
2019-11-22,3894.174,3849.995
2019-11-25,3850.966,3878.206
2019-11-26,3893.435,3891.653
2019-11-27,3883.429,3875.619
2019-11-28,3877.901,3862.303
2019-11-29,3857.188,3828.671
2019-12-02,3835.513,3836.059
2019-12-03,3829.212,3851.087
2019-12-04,3841.663,3849.819
2019-12-05,3863.609,3879.364
2019-12-06,3885.058,3902.385
2019-12-09,3909.53,3895.447
2019-12-10,3886.444,3900.384
2019-12-11,3907.159,3902.749
2019-12-12,3908.454,3891.024
2019-12-13,3928.004,3968.221
2019-12-16,3970.709,3987.546
2019-12-17,3987.743,4041.8
2019-12-18,4039.724,4032.783
2019-12-19,4034.616,4027.15
2019-12-20,4032.152,4017.253
2019-12-23,4014.693,3967.096
2019-12-24,3971.56,3992.958
2019-12-25,3988.657,3990.867
2019-12-26,3993.669,4025.988
2019-12-27,4029.245,4022.028
2019-12-30,4015.52,4081.633
2019-12-31,4077.752,4096.582
2020-01-02,4121.349,4152.241
2020-01-03,4161.219,4144.965
2020-01-06,4120.521,4129.295
2020-01-07,4137.402,4160.227
2020-01-08,4139.632,4112.317
2020-01-09,4145.535,4164.37
2020-01-10,4177.578,4163.185
2020-01-13,4166.925,4203.988
2020-01-14,4215.158,4189.886
2020-01-15,4186.881,4166.734
2020-01-16,4174.817,4149.043
2020-01-17,4162.194,4154.853
2020-01-20,4170.737,4185.83
2020-01-21,4165.02,4114.309
2020-01-22,4093.801,4131.931
2020-01-23,4093.323,4003.901
2020-02-03,3639.909,3688.358
2020-02-04,3652.004,3785.638
2020-02-05,3801.099,3828.527
2020-02-06,3841.754,3899.775
2020-02-07,3879.553,3899.869
2020-02-10,3872.374,3916.005
2020-02-11,3926.42,3952.464
2020-02-12,3945.666,3984.433
2020-02-13,3985.876,3959.919
2020-02-14,3954.234,3987.734
2020-02-17,3999.651,4077.424
2020-02-18,4069.832,4057.511
2020-02-19,4049.586,4051.311
2020-02-20,4062.897,4144.656
2020-02-21,4134.875,4149.49
2020-02-24,4131.836,4132.839
2020-02-25,4066.302,4123.854
2020-02-26,4070.099,4073.015
2020-02-27,4084.078,4084.876
2020-02-28,3988.727,3940.049
2020-03-02,3968.844,4069.666
2020-03-03,4125.136,4091.362
2020-03-04,4078.5,4115.052
2020-03-05,4150.21,4206.725
2020-03-06,4158.202,4138.507
2020-03-09,4063.076,3997.133
2020-03-10,3975.229,4082.732
2020-03-11,4090.935,4028.429
2020-03-12,3976.114,3950.911
2020-03-13,3771.014,3895.313
2020-03-16,3899.86,3727.84
2020-03-17,3739.783,3709.682
2020-03-18,3729.685,3636.257
2020-03-19,3623.789,3589.093
2020-03-20,3629.513,3653.224
2020-03-23,3542.684,3530.306
2020-03-24,3598.655,3625.115
2020-03-25,3711.475,3722.518
2020-03-26,3692.608,3698.047
2020-03-27,3746.391,3710.061
2020-03-30,3657.462,3674.111
2020-03-31,3708.14,3686.155
2020-04-01,3682.297,3675.076
2020-04-02,3656.323,3734.531
2020-04-03,3721.482,3713.218
2020-04-07,3779.908,3798.021
2020-04-08,3776.417,3780.345
2020-04-09,3798.488,3792.811
2020-04-10,3794.843,3769.178
2020-04-13,3751.709,3753.257
2020-04-14,3777.834,3825.699
2020-04-15,3820.851,3797.362
2020-04-16,3777.799,3802.381
2020-04-17,3831.923,3839.487
2020-04-20,3845.46,3853.455
2020-04-21,3838.231,3808.047
2020-04-22,3789.13,3839.383
2020-04-23,3851.913,3829.753
2020-04-24,3826.312,3796.972
2020-04-27,3808.017,3822.769
2020-04-28,3835.348,3849.147
2020-04-29,3837.514,3867.032
2020-04-30,3880.409,3912.577
2020-05-06,3867.259,3936.254
2020-05-07,3937.592,3924.895
2020-05-08,3942.997,3963.622
2020-05-11,3974.761,3960.18
2020-05-12,3961.343,3960.238
2020-05-13,3946.643,3968.253
2020-05-14,3952.199,3925.218
2020-05-15,3941.125,3912.816
2020-05-18,3914.66,3922.912
2020-05-19,3963.775,3956.25
2020-05-20,3955.715,3935.222
2020-05-21,3950.598,3913.795
2020-05-22,3907.576,3824.064
2020-05-25,3828.321,3829.325
2020-05-26,3850.001,3872.77
2020-05-27,3873.698,3845.614
2020-05-28,3848.489,3856.632
2020-05-29,3838.377,3867.023
2020-06-01,3901.726,3971.34
2020-06-02,3969.952,3983.568
2020-06-03,4001.171,3983.648
2020-06-04,3998.164,3982.185
2020-06-05,3988.224,4001.251
2020-06-08,4023.606,4021.955
2020-06-09,4027.561,4047.029
2020-06-10,4046.232,4039.705
2020-06-11,4031.74,3995.885
2020-06-12,3931.624,4003.083
2020-06-15,3982.967,3954.988
2020-06-16,3995.579,4014.57
2020-06-17,4018.609,4017.594
2020-06-18,4009.783,4044.384
2020-06-19,4047.048,4098.71
2020-06-22,4097.507,4102.046
2020-06-23,4098.037,4121.794
2020-06-24,4128.1,4138.99
2020-06-29,4127.935,4109.716
2020-06-30,4130.003,4163.964
2020-07-01,4172.643,4247.784
2020-07-02,4239.408,4335.845
2020-07-03,4353.194,4419.596
2020-07-06,4465.808,4670.095
2020-07-07,4739.61,4698.126
2020-07-08,4692.862,4774.004
2020-07-09,4770.077,4840.771
2020-07-10,4796.087,4753.133
2020-07-13,4742.374,4852.961
2020-07-14,4836.166,4806.69
2020-07-15,4821.516,4744.469
2020-07-16,4741.53,4516.253
2020-07-17,4524.772,4544.701
2020-07-20,4597.204,4680.305
2020-07-21,4697.503,4691.043
2020-07-22,4682.658,4714.445
2020-07-23,4668.74,4712.436
2020-07-24,4679.027,4505.591
2020-07-27,4535.005,4528.45
2020-07-28,4567.669,4568.258
2020-07-29,4559.163,4679.008
2020-07-30,4689.763,4656.151
2020-07-31,4652.182,4695.046
2020-08-03,4735.899,4771.311
2020-08-04,4778.487,4775.802
2020-08-05,4761.764,4777.109
2020-08-06,4779.238,4762.764
2020-08-07,4742.294,4707.926
2020-08-10,4681.755,4724.87
2020-08-11,4730.375,4681.784
2020-08-12,4668.89,4647.645
2020-08-13,4666.49,4635.713
2020-08-14,4627.61,4704.629
2020-08-17,4727.12,4815.226
2020-08-18,4816.57,4812.756
2020-08-19,4804.666,4740.678
2020-08-20,4708.125,4679.154
2020-08-21,4717.787,4718.843
2020-08-24,4746.404,4755.849
2020-08-25,4769.211,4761.951
2020-08-26,4761.719,4706.13
2020-08-27,4718.062,4731.345
2020-08-28,4727.292,4844.265
2020-08-31,4870.934,4816.215
2020-09-01,4803.392,4842.122
2020-09-02,4859.075,4843.887
2020-09-03,4841.502,4817.095
2020-09-04,4737.237,4770.219
2020-09-07,4759.521,4669.368
2020-09-08,4683.826,4694.389
2020-09-09,4634.247,4584.589
2020-09-10,4632.099,4581.978
2020-09-11,4572.257,4627.283
2020-09-14,4652.054,4651.051
2020-09-15,4649.447,4688.483
2020-09-16,4683.006,4657.358
2020-09-17,4642.054,4632.714
2020-09-18,4636.642,4737.089
2020-09-21,4750.748,4691.428
2020-09-22,4654.218,4635.761
2020-09-23,4639.659,4652.327
2020-09-24,4623.954,4563.066
2020-09-25,4582.482,4570.022
2020-09-28,4582.647,4581.909
2020-09-29,4608.293,4591.799
2020-09-30,4607.575,4587.395
2020-10-09,4663.61,4681.141
2020-10-12,4705.188,4823.158
2020-10-13,4812.899,4839.201
2020-10-14,4830.458,4807.102
2020-10-15,4810.782,4798.736
2020-10-16,4798.916,4791.676
2020-10-19,4823.494,4755.488
2020-10-20,4751.369,4793.467
2020-10-21,4801.631,4792.828
2020-10-22,4780.595,4777.985
2020-10-23,4775.467,4718.488
2020-10-26,4684.047,4691.236
2020-10-27,4680.137,4699.279
2020-10-28,4703.004,4737.272
2020-10-29,4683.607,4772.92
2020-10-30,4776.473,4695.334
2020-11-02,4702.746,4720.831
2020-11-03,4743.174,4777.561
2020-11-04,4781.448,4813.656
2020-11-05,4861.338,4885.112
2020-11-06,4897.63,4885.718
2020-11-09,4918.861,4981.35
2020-11-10,4995.413,4953.876
2020-11-11,4937.758,4904.898
2020-11-12,4916.774,4908.463
2020-11-13,4886.978,4856.851
2020-11-16,4880.958,4904.172
2020-11-17,4903.12,4894.786
2020-11-18,4889.675,4891.672
2020-11-19,4880.922,4927.989
2020-11-20,4928.222,4943.288
2020-11-23,4954.599,5005.027
2020-11-24,4997.049,4974.286
2020-11-25,4992.747,4910.7
2020-11-26,4908.321,4919.591
2020-11-27,4930.593,4980.765
2020-11-30,4994.106,4960.252
2020-12-01,4963.13,5067.098
2020-12-02,5072.976,5067.145
2020-12-03,5065.453,5057.06
2020-12-04,5049.523,5065.916
2020-12-07,5065.729,5022.235
2020-12-08,5029.106,5009.879
2020-12-09,5022.385,4942.699
2020-12-10,4931.293,4940.525
2020-12-11,4957.824,4889.629
2020-12-14,4903.627,4934.835
2020-12-15,4931.602,4945.1
2020-12-16,4957.297,4953.867
2020-12-17,4960.729,5017.478
2020-12-18,5014.321,4999.968
2020-12-21,4995.762,5046.84
2020-12-22,5034.983,4964.773
2020-12-23,4977.299,5007.124
2020-12-24,5006.005,5000.015
2020-12-25,4985.77,5042.014
2020-12-28,5042.943,5064.415
2020-12-29,5071.449,5042.936
2020-12-30,5037.985,5113.711
2020-12-31,5122.48,5211.289
2021-01-04,5212.931,5267.718
2021-01-05,5245.836,5368.505
2021-01-06,5386.514,5417.668
2021-01-07,5428.394,5513.657
2021-01-08,5526.288,5495.431
2021-01-11,5504.236,5441.158
2021-01-12,5419.5,5596.353
2021-01-13,5609.264,5577.971
2021-01-14,5556.213,5470.456
2021-01-15,5471.391,5458.081
2021-01-18,5438.162,5518.521
2021-01-19,5525.969,5437.523
2021-01-20,5439.911,5476.434
2021-01-21,5492.959,5564.969
2021-01-22,5562.379,5569.776
2021-01-25,5564.124,5625.923
2021-01-26,5600.902,5512.968
2021-01-27,5505.771,5528.003
2021-01-28,5450.37,5377.143
2021-01-29,5413.968,5351.965
2021-02-01,5356.854,5417.648
2021-02-02,5429.703,5501.092
2021-02-03,5499.296,5485.201
2021-02-04,5453.976,5473.948
2021-02-05,5494.701,5483.414
2021-02-08,5506.142,5564.562
2021-02-09,5584.165,5686.25
2021-02-10,5709.684,5807.719
2021-02-18,5922.071,5768.381
2021-02-19,5734.019,5778.842
2021-02-22,5785.51,5597.333
2021-02-23,5542.684,5579.668
2021-02-24,5591.48,5437.568
2021-02-25,5494.471,5469.558
2021-02-26,5343.904,5336.761
2021-03-01,5389.25,5418.784
2021-03-02,5453.285,5349.63
2021-03-03,5327.347,5452.213
2021-03-04,5388.479,5280.706
2021-03-05,5191.97,5262.796
2021-03-08,5299.791,5080.025
2021-03-09,5066.155,4970.999
2021-03-10,5047.059,5003.612
2021-03-11,5024.559,5128.216
2021-03-12,5153.674,5146.379
2021-03-15,5116.123,5035.544
2021-03-16,5054.409,5079.362
2021-03-17,5062.771,5100.858
2021-03-18,5114.587,5141.768
2021-03-19,5068.532,5007.091
2021-03-22,5008.395,5057.152
2021-03-23,5057.063,5009.246
2021-03-24,4985.401,4928.685
2021-03-25,4904.068,4926.347
2021-03-26,4953.945,5037.99
2021-03-29,5052.263,5046.877
2021-03-30,5043.095,5094.729
2021-03-31,5085.95,5048.361
2021-04-01,5059.936,5110.777
2021-04-02,5129.855,5161.557
2021-04-06,5178.64,5140.342
2021-04-07,5141.656,5103.743
2021-04-08,5078.263,5112.209
2021-04-09,5100.042,5035.337
2021-04-12,5026.979,4947.746
2021-04-13,4949.807,4939.644
2021-04-14,4945.686,4980.628
2021-04-15,4969.91,4948.974
2021-04-16,4966.9,4966.181
2021-04-19,4966.409,5087.017
2021-04-20,5065.776,5083.365
2021-04-21,5055.24,5098.745
2021-04-22,5114.28,5089.244
2021-04-23,5088.826,5135.453
2021-04-26,5156.594,5077.237
2021-04-27,5076.642,5090.52
2021-04-28,5073.973,5119.242
2021-04-29,5128.28,5164.169
2021-04-30,5156.356,5123.489
2021-05-06,5098.801,5061.124
2021-05-07,5073.455,4996.053
2021-05-10,5001.437,4992.422
2021-05-11,4956.079,5023.06
2021-05-12,5003.817,5044.548
2021-05-13,4992.352,4992.974
2021-05-14,5007.629,5110.59
2021-05-17,5115.306,5184.985
2021-05-18,5190.935,5187.601
2021-05-19,5173.167,5172.272
2021-05-20,5167.055,5186.412
2021-05-21,5199.129,5134.148
2021-05-24,5138.815,5155.588
2021-05-25,5165.036,5318.478
2021-05-26,5326.117,5320.593
2021-05-27,5311.373,5338.233
2021-05-28,5338.728,5321.089
2021-05-31,5318.083,5331.57
2021-06-01,5320.475,5341.68
2021-06-02,5348.344,5289.974
2021-06-03,5285.71,5255.286
2021-06-04,5228.276,5282.277
2021-06-07,5284.891,5277.627
2021-06-08,5276.971,5232.117
2021-06-09,5224.95,5236.449
2021-06-10,5236.469,5271.466
2021-06-11,5275.746,5224.703
2021-06-15,5218.565,5166.56
2021-06-16,5163.249,5080.491
2021-06-17,5074.384,5101.892
2021-06-18,5104.93,5102.466
2021-06-21,5088.089,5090.385
2021-06-22,5106.074,5122.158
2021-06-23,5127.191,5147.394
2021-06-24,5156.564,5155.974
2021-06-25,5159.802,5239.968
2021-06-28,5253.608,5251.76
2021-06-29,5248.525,5190.545
2021-06-30,5189.38,5224.041
2021-07-01,5241.204,5229.664
2021-07-02,5186.661,5081.117
2021-07-05,5073.779,5085.792
2021-07-06,5089.778,5083.104
2021-07-07,5052.42,5140.49
2021-07-08,5149.31,5088.257
2021-07-09,5063.148,5069.436
2021-07-12,5108.378,5132.709
2021-07-13,5128.614,5142.099
2021-07-14,5130.752,5083.085
2021-07-15,5073.263,5151.463
2021-07-16,5140.904,5094.773
2021-07-19,5083.728,5113.495
2021-07-20,5080.216,5108.994
2021-07-21,5122.784,5144.043
2021-07-22,5150.386,5151.752
2021-07-23,5145.431,5089.228
2021-07-26,5067.307,4925.299
2021-07-27,4924.282,4751.313
2021-07-28,4714.295,4760.483
2021-07-29,4845.76,4850.275
2021-07-30,4825.7,4811.17
2021-08-02,4794.819,4933.736
2021-08-03,4909.233,4934.458
2021-08-04,4927.736,4978.848
2021-08-05,4946.167,4948.67
2021-08-06,4943.043,4921.565
2021-08-09,4890.257,4985.563
2021-08-10,4977.816,5043.148
2021-08-11,5037.082,5015.341
2021-08-12,4998.073,4973.351
2021-08-13,4958.758,4945.983
2021-08-16,4935.923,4941.068
2021-08-17,4935.004,4837.403
2021-08-18,4838.471,4894.238
2021-08-19,4886.564,4862.139
2021-08-20,4817.494,4769.268
2021-08-23,4777.735,4835.878
2021-08-24,4844.593,4888.39
2021-08-25,4890.521,4898.157
2021-08-26,4892.204,4801.609
2021-08-27,4794.974,4827.043
2021-08-30,4847.035,4813.27
2021-08-31,4803.085,4805.61
2021-09-01,4804.686,4869.459
2021-09-02,4865.822,4869.411
2021-09-03,4875.066,4843.062
2021-09-06,4841.062,4933.726
2021-09-07,4932.976,4992.829
2021-09-08,4986.795,4972.132
2021-09-09,4952.492,4970.013
2021-09-10,4967.976,5013.522
2021-09-13,5006.775,4991.66
2021-09-14,4989.835,4917.162
2021-09-15,4903.847,4867.319
2021-09-16,4866.794,4807.698
2021-09-17,4797.113,4855.94
2021-09-22,4770.732,4821.768
2021-09-23,4848.222,4853.196
2021-09-24,4845.638,4849.428
2021-09-27,4870.848,4877.37
2021-09-28,4869.085,4883.828
2021-09-29,4846.021,4833.928
2021-09-30,4843.953,4866.383
2021-10-08,4915.731,4929.941
2021-10-11,4941.292,4936.192
2021-10-12,4920.66,4883.837
2021-10-13,4880.144,4940.109
2021-10-14,4934.258,4913.612
2021-10-15,4896.558,4932.108
2021-10-18,4922.514,4874.775
2021-10-19,4869.391,4922.723
2021-10-20,4926.773,4910.185
2021-10-21,4914.738,4928.016
2021-10-22,4934.87,4959.725
2021-10-25,4940.896,4979.524
2021-10-26,4983.238,4963.098
2021-10-27,4949.227,4898.164
2021-10-28,4882.586,4864.138
2021-10-29,4861.267,4908.77
2021-11-01,4878.128,4890.685
2021-11-02,4886.185,4839.846
2021-11-03,4835.809,4821.112
2021-11-04,4841.091,4868.742
2021-11-05,4858.9,4842.346
2021-11-08,4841.153,4848.18
2021-11-09,4858.253,4846.744
2021-11-10,4832.801,4821.193
2021-11-11,4814.766,4898.653
2021-11-12,4902.929,4888.375
2021-11-15,4894.412,4882.378
2021-11-16,4880.896,4883.321
2021-11-17,4883.248,4885.754
2021-11-18,4871.422,4837.619
2021-11-19,4832.06,4890.058
2021-11-22,4895.388,4912.399
2021-11-23,4905.759,4913.346
2021-11-24,4914.027,4916.658
2021-11-25,4917.606,4896.442
2021-11-26,4886.952,4860.127
2021-11-29,4820.005,4851.423
2021-11-30,4857.183,4832.026
2021-12-01,4831.889,4843.851
2021-12-02,4839.914,4856.163
2021-12-03,4856.98,4901.018
2021-12-06,4909.429,4892.621
2021-12-07,4930.826,4922.102
2021-12-08,4934.406,4995.93
2021-12-09,5000.687,5078.69
2021-12-10,5046.268,5055.117
2021-12-13,5090.021,5083.801
2021-12-14,5066.35,5049.695
2021-12-15,5036.284,5005.899
2021-12-16,5006.611,5034.732
2021-12-17,5021.339,4954.76
2021-12-20,4934.966,4880.418
2021-12-21,4876.514,4913.485
2021-12-22,4924.577,4914.454
2021-12-23,4924.291,4948.739
2021-12-24,4953.062,4921.345
2021-12-27,4918.146,4919.324
2021-12-28,4923.692,4955.964
2021-12-29,4958.646,4883.48
2021-12-30,4882.156,4921.511
2021-12-31,4937.463,4940.373
2022-01-04,4957.984,4917.765
2022-01-05,4907.935,4868.12
2022-01-06,4842.156,4818.232
2022-01-07,4824.318,4822.369
2022-01-10,4812.23,4844.045
2022-01-11,4840.009,4797.774
2022-01-12,4818.89,4845.579
2022-01-13,4853.031,4765.919
2022-01-14,4743.912,4726.732
2022-01-17,4728.76,4767.276
2022-01-18,4766.781,4813.347
2022-01-19,4815.811,4780.378
2022-01-20,4778.262,4823.509
2022-01-21,4808.773,4779.314
2022-01-24,4753.941,4786.738
2022-01-25,4761.95,4678.451
2022-01-26,4697.099,4712.311
2022-01-27,4708.099,4619.877
2022-01-28,4641.814,4563.772
2022-02-07,4638.575,4634.09
2022-02-08,4626.437,4608.773
2022-02-09,4608.149,4652.061
2022-02-10,4657.211,4639.863
2022-02-11,4617.874,4601.395
2022-02-14,4579.42,4551.688
2022-02-15,4553.811,4600.103
2022-02-16,4619.846,4617.989
2022-02-17,4616.896,4629.165
2022-02-18,4604.567,4651.236
2022-02-21,4646.052,4634.314
2022-02-22,4601.918,4574.153
2022-02-23,4582.006,4623.047
2022-02-24,4592.069,4529.319
2022-02-25,4564.632,4573.425
2022-02-28,4563.743,4581.646
2022-03-01,4597.855,4619.686
2022-03-02,4594.017,4578.601
2022-03-03,4595.025,4551.628
2022-03-04,4513.364,4496.43
2022-03-07,4462.517,4352.778
2022-03-08,4361.642,4265.391
2022-03-09,4280.979,4226.346
2022-03-10,4326.204,4292.837
2022-03-11,4231.196,4306.522
2022-03-14,4248.153,4174.758
2022-03-15,4125.487,3983.812
2022-03-16,4053.099,4156.081
2022-03-17,4237.672,4237.696
2022-03-18,4218.474,4265.902
2022-03-21,4280.14,4258.746
2022-03-22,4252.566,4255.295
2022-03-23,4269.609,4276.517
2022-03-24,4249.533,4251.306
2022-03-25,4249.073,4174.574
2022-03-28,4128.838,4148.466
2022-03-29,4155.418,4134.144
2022-03-30,4162.167,4254.099
2022-03-31,4234.716,4222.597
2022-04-01,4198.819,4276.158
2022-04-06,4258.833,4263.841
2022-04-07,4240.024,4209.1
2022-04-08,4213.211,4230.767
2022-04-11,4203.79,4100.07
2022-04-12,4102.971,4179.973
2022-04-13,4154.412,4139.737
2022-04-14,4172.644,4191.568
2022-04-15,4162.372,4188.747
2022-04-18,4152.931,4166.384
2022-04-19,4161.933,4134.902
2022-04-20,4130.543,4070.789
2022-04-21,4048.734,3995.83
2022-04-22,3967.202,4013.25
2022-04-25,3933.446,3814.913
2022-04-26,3822.489,3784.12
2022-04-27,3758.084,3895.536
2022-04-28,3883.42,3921.107
2022-04-29,3939.624,4016.241
2022-05-05,3995.353,4010.21
2022-05-06,3928.855,3908.815
2022-05-09,3883.951,3877.436
2022-05-10,3820.628,3919.868
2022-05-11,3917.932,3976.423
2022-05-12,3949.949,3958.74
2022-05-13,3983.82,3988.6
2022-05-16,4014.996,3956.538
2022-05-17,3961.761,4005.893
2022-05-18,4015.013,3991.907
2022-05-19,3938.296,3999.598
2022-05-20,4020.816,4077.6
2022-05-23,4080.969,4053.982
2022-05-24,4052.868,3959.154
2022-05-25,3959.767,3983.178
2022-05-26,3987.682,3993.045
2022-05-27,4022.71,4001.299
2022-05-30,4020.858,4029.018
2022-05-31,4031.762,4091.518
2022-06-01,4086.618,4083.177
2022-06-02,4064.0,4089.568
2022-06-06,4090.529,4166.085
2022-06-07,4165.69,4179.129
2022-06-08,4187.148,4219.812
2022-06-09,4211.723,4175.675
2022-06-10,4145.651,4238.994
2022-06-13,4194.457,4189.353
2022-06-14,4143.223,4222.311
2022-06-15,4228.293,4278.218
2022-06-16,4282.083,4250.061
2022-06-17,4219.234,4309.044
2022-06-20,4322.832,4330.433
2022-06-21,4327.916,4325.566
2022-06-22,4331.902,4270.623
2022-06-23,4277.956,4343.878
2022-06-24,4354.553,4394.772
2022-06-27,4414.332,4444.264
2022-06-28,4442.581,4490.517
2022-06-29,4472.735,4421.357
2022-06-30,4418.066,4485.011
2022-07-01,4489.52,4466.718
2022-07-04,4447.216,4496.03
2022-07-05,4505.457,4489.538
2022-07-06,4475.482,4423.97
2022-07-07,4425.281,4443.474
2022-07-08,4468.063,4428.781
2022-07-11,4406.148,4354.617
2022-07-12,4352.646,4313.618
2022-07-13,4313.359,4321.462
2022-07-14,4308.823,4322.074
2022-07-15,4299.471,4248.527
2022-07-18,4262.154,4292.586
2022-07-19,4288.444,4269.34
2022-07-20,4291.281,4283.803
2022-07-21,4270.362,4236.058
2022-07-22,4251.787,4238.234
2022-07-25,4233.928,4212.644
2022-07-26,4220.091,4245.976
2022-07-27,4236.154,4225.036
2022-07-28,4242.274,4225.673
2022-07-29,4226.425,4170.102
2022-08-01,4160.648,4188.678
2022-08-02,4144.377,4107.024
2022-08-03,4114.825,4066.975
2022-08-04,4089.442,4101.537
2022-08-05,4109.629,4156.911
2022-08-08,4142.111,4148.075
2022-08-09,4143.666,4156.291
2022-08-10,4149.207,4109.737
2022-08-11,4130.741,4193.543
2022-08-12,4185.42,4191.152
2022-08-15,4180.001,4185.679
2022-08-16,4190.527,4177.837
2022-08-17,4182.567,4216.959
2022-08-18,4205.785,4180.1
2022-08-19,4174.546,4151.074
2022-08-22,4135.162,4181.397
2022-08-23,4175.531,4161.082
2022-08-24,4168.576,4082.42
2022-08-25,4093.295,4116.24
2022-08-26,4127.814,4107.546
2022-08-29,4063.883,4089.521
2022-08-30,4088.526,4075.794
2022-08-31,4057.144,4078.84
2022-09-01,4066.187,4043.74
2022-09-02,4054.842,4023.613
2022-09-05,4010.405,4015.426
2022-09-06,4024.473,4052.28
2022-09-07,4032.723,4054.983
2022-09-08,4059.169,4037.684
2022-09-09,4050.585,4093.787
2022-09-13,4112.012,4111.115
2022-09-14,4058.044,4065.359
2022-09-15,4078.65,4027.119
2022-09-16,4013.583,3932.683
2022-09-19,3928.424,3928.0
2022-09-20,3945.647,3932.836
2022-09-21,3921.318,3903.735
2022-09-22,3875.177,3869.344
2022-09-23,3865.105,3856.021
2022-09-26,3829.596,3836.677
2022-09-27,3844.069,3892.295
2022-09-28,3879.44,3828.71
2022-09-29,3864.316,3827.143
2022-09-30,3833.35,3804.885
2022-10-10,3806.56,3720.937
2022-10-11,3732.019,3727.687
2022-10-12,3722.866,3784.306
2022-10-13,3756.418,3752.673
2022-10-14,3783.316,3842.47
2022-10-17,3822.243,3846.412
2022-10-18,3865.826,3838.267
2022-10-19,3827.466,3776.534
2022-10-20,3746.579,3754.927
2022-10-21,3753.89,3742.893
2022-10-24,3727.915,3633.373
2022-10-25,3621.936,3627.454
2022-10-26,3633.311,3656.903
2022-10-27,3667.665,3631.145
2022-10-28,3605.16,3541.33
2022-10-31,3504.507,3508.703
2022-11-01,3519.817,3634.173
2022-11-02,3620.369,3677.805
2022-11-03,3645.06,3647.897
2022-11-04,3646.771,3767.175
2022-11-07,3754.523,3775.297
2022-11-08,3773.661,3749.325
2022-11-09,3750.782,3714.27
2022-11-10,3685.827,3685.689
2022-11-11,3787.757,3788.439
2022-11-14,3818.145,3794.017
2022-11-15,3788.926,3865.973
2022-11-16,3860.811,3834.39
2022-11-17,3821.271,3818.664
2022-11-18,3823.821,3801.569
2022-11-21,3769.627,3769.127
2022-11-22,3766.082,3769.573
2022-11-23,3760.216,3773.529
2022-11-24,3791.54,3756.808
2022-11-25,3751.282,3775.776
2022-11-28,3701.902,3733.242
2022-11-29,3766.57,3848.422
2022-11-30,3836.56,3853.037
2022-12-01,3921.295,3894.769
2022-12-02,3886.403,3870.948
2022-12-05,3907.638,3946.876
2022-12-06,3929.006,3968.198
2022-12-07,3956.672,3958.441
2022-12-08,3953.199,3959.18
2022-12-09,3961.992,3998.244
2022-12-12,3976.172,3953.443
2022-12-13,3953.548,3945.681
2022-12-14,3952.789,3954.886
2022-12-15,3954.672,3951.989
2022-12-16,3931.232,3954.227
2022-12-19,3952.771,3893.221
2022-12-20,3881.226,3829.017
2022-12-21,3839.001,3830.538
2022-12-22,3859.204,3836.028
2022-12-23,3811.616,3828.219
2022-12-26,3830.568,3843.489
2022-12-27,3860.905,3887.854
2022-12-28,3874.913,3871.264
2022-12-29,3854.236,3856.701
2022-12-30,3873.936,3871.634
2023-01-03,3864.836,3887.899
2023-01-04,3886.25,3892.948
2023-01-05,3913.493,3968.578
2023-01-06,3969.549,3980.889
2023-01-09,3998.528,4013.12
2023-01-10,4014.713,4017.474
2023-01-11,4019.884,4010.031
2023-01-12,4021.755,4017.869
2023-01-13,4032.291,4074.377
2023-01-16,4077.879,4137.964
2023-01-17,4138.843,4137.242
2023-01-18,4140.102,4130.314
2023-01-19,4125.577,4156.008
2023-01-20,4166.844,4181.527
2023-01-30,4267.625,4201.345
2023-01-31,4200.581,4156.858
2023-02-01,4170.132,4195.933
2023-02-02,4207.412,4181.149
2023-02-03,4162.026,4141.632
2023-02-06,4103.831,4086.878
2023-02-07,4098.312,4094.234
2023-02-08,4099.857,4076.141
2023-02-09,4067.563,4130.857
2023-02-10,4124.099,4106.31
2023-02-13,4098.88,4143.574
2023-02-14,4151.247,4145.29
2023-02-15,4146.855,4123.689
2023-02-16,4125.409,4093.488
2023-02-17,4086.224,4034.507
2023-02-20,4039.962,4133.49
2023-02-21,4130.063,4144.354
2023-02-22,4118.967,4106.951
2023-02-23,4106.214,4103.646
2023-02-24,4100.99,4061.046
2023-02-27,4040.457,4043.844
2023-02-28,4058.13,4069.459
2023-03-01,4068.733,4126.942
2023-03-02,4119.992,4117.738
2023-03-03,4126.018,4130.551
2023-03-06,4131.153,4109.01
2023-03-07,4103.642,4048.852
2023-03-08,4030.739,4034.108
2023-03-09,4035.843,4019.851
2023-03-10,3991.796,3967.135
2023-03-13,3962.643,4008.686
2023-03-14,3999.88,3984.696
2023-03-15,4011.844,3986.902
2023-03-16,3958.196,3939.151
2023-03-17,3971.159,3958.819
2023-03-20,3962.663,3939.077
2023-03-21,3948.157,3982.378
2023-03-22,3993.785,3999.443
2023-03-23,3985.993,4039.09
2023-03-24,4035.156,4027.046
2023-03-27,4023.303,4012.477
2023-03-28,4015.697,3999.515
2023-03-29,4013.593,4006.144
2023-03-30,4009.557,4038.526
2023-03-31,4045.454,4050.926
2023-04-03,4059.623,4090.568
2023-04-04,4089.293,4103.105
2023-04-06,4084.132,4096.64
2023-04-07,4096.901,4123.28
2023-04-10,4132.01,4104.812
2023-04-11,4108.506,4100.148
2023-04-12,4102.397,4097.288
2023-04-13,4081.387,4068.979
2023-04-14,4078.97,4091.999
2023-04-17,4090.072,4149.384
2023-04-18,4139.309,4162.032
2023-04-19,4159.394,4124.559
2023-04-20,4122.946,4113.019
2023-04-21,4114.264,4032.567
2023-04-24,4031.303,3982.643
2023-04-25,3985.106,3962.666
2023-04-26,3950.255,3959.232
2023-04-27,3948.031,3988.419
2023-04-28,3993.256,4029.086
2023-05-04,4013.471,4030.247
2023-05-05,4031.095,4016.877
2023-05-08,4028.106,4062.662
2023-05-09,4065.439,4027.875
2023-05-10,4017.936,3996.87
2023-05-11,4005.782,3990.664
2023-05-12,3987.769,3937.762
2023-05-15,3938.83,3998.887
2023-05-16,4002.524,3978.205
2023-05-17,3971.702,3960.165
2023-05-18,3965.516,3956.07
2023-05-19,3946.222,3944.54
2023-05-22,3941.002,3969.328
2023-05-23,3968.235,3913.188
2023-05-24,3903.782,3859.094
2023-05-25,3851.405,3850.5
2023-05-26,3848.417,3850.951
2023-05-29,3862.084,3833.942
2023-05-30,3827.792,3837.753
2023-05-31,3827.163,3798.543
2023-06-01,3788.59,3806.868
2023-06-02,3821.62,3861.834
2023-06-05,3860.556,3844.249
2023-06-06,3840.459,3808.163
2023-06-07,3815.482,3789.342
2023-06-08,3791.083,3820.187
2023-06-09,3822.409,3836.703
2023-06-12,3827.325,3844.432
2023-06-13,3838.129,3864.907
2023-06-14,3872.716,3864.025
2023-06-15,3871.775,3925.499
2023-06-16,3932.211,3963.351
2023-06-19,3957.033,3930.908
2023-06-20,3926.094,3924.238
2023-06-21,3909.104,3864.032
2023-06-26,3833.444,3809.696
2023-06-27,3811.687,3845.433
2023-06-28,3836.609,3840.799
2023-06-29,3836.731,3821.844
2023-06-30,3816.335,3842.452
2023-07-03,3853.292,3892.882
2023-07-04,3888.033,3899.013
2023-07-05,3895.195,3868.805
2023-07-06,3857.03,3842.755
2023-07-07,3831.596,3825.699
2023-07-10,3841.559,3844.327
2023-07-11,3853.796,3869.486
2023-07-12,3864.601,3843.437
2023-07-13,3855.662,3898.423
2023-07-14,3904.603,3899.103
2023-07-17,3881.623,3867.175
2023-07-18,3871.044,3854.939
2023-07-19,3848.483,3850.866
2023-07-20,3857.773,3823.695
2023-07-21,3816.984,3821.91
2023-07-24,3803.349,3805.221
2023-07-25,3866.645,3915.115
2023-07-26,3908.174,3907.013
2023-07-27,3914.23,3902.346
2023-07-28,3889.793,3992.738
2023-07-31,4018.89,4014.63
2023-08-01,4009.183,3998.001
2023-08-02,3985.695,3969.895
2023-08-03,3962.13,4004.984
2023-08-04,4033.724,4020.579
2023-08-07,4002.968,3990.153
2023-08-08,3980.042,3979.732
2023-08-09,3967.357,3967.565
2023-08-10,3962.857,3975.717
2023-08-11,3977.983,3884.254
2023-08-14,3840.887,3855.906
2023-08-15,3858.366,3846.536
2023-08-16,3830.827,3818.334
2023-08-17,3801.197,3831.101
2023-08-18,3832.455,3784.004
2023-08-21,3773.225,3729.555
2023-08-22,3748.068,3758.227
2023-08-23,3751.774,3696.634
2023-08-24,3711.54,3723.429
2023-08-25,3703.514,3709.152
2023-08-28,3911.549,3752.619
2023-08-29,3743.053,3790.107
2023-08-30,3803.119,3788.51
2023-08-31,3786.926,3765.268
2023-09-01,3778.913,3791.491
2023-09-04,3812.987,3848.952
2023-09-05,3839.578,3820.317
2023-09-06,3808.1,3812.028
2023-09-07,3802.227,3758.475
2023-09-08,3747.651,3739.993
2023-09-11,3740.585,3767.537
2023-09-12,3764.333,3760.605
2023-09-13,3759.609,3736.651
2023-09-14,3736.936,3733.508
2023-09-15,3740.785,3708.777
2023-09-18,3698.934,3727.711
2023-09-19,3723.424,3720.502
2023-09-20,3715.958,3705.69
2023-09-21,3698.313,3672.445
2023-09-22,3672.64,3738.933
2023-09-25,3738.062,3714.604
2023-09-26,3711.711,3692.893
2023-09-27,3694.961,3700.495
2023-09-28,3711.212,3689.517
2023-10-09,3678.929,3684.727
2023-10-10,3696.254,3657.126
2023-10-11,3674.751,3667.548
2023-10-12,3697.934,3702.382
2023-10-13,3677.959,3663.41
2023-10-16,3664.039,3626.597
2023-10-17,3635.299,3639.402
2023-10-18,3631.067,3610.577
2023-10-19,3588.515,3533.545
2023-10-20,3518.346,3510.589
2023-10-23,3500.199,3474.244
2023-10-24,3481.764,3487.13
2023-10-25,3524.297,3504.458
2023-10-26,3484.781,3514.145
2023-10-27,3501.171,3562.385
2023-10-30,3554.106,3583.772
2023-10-31,3581.676,3572.506
2023-11-01,3605.758,3571.027
2023-11-02,3580.067,3554.189
2023-11-03,3558.53,3584.136
2023-11-06,3608.319,3632.608
2023-11-07,3623.785,3619.759
2023-11-08,3610.643,3611.072
2023-11-09,3603.108,3612.826
2023-11-10,3596.069,3586.489
2023-11-13,3593.911,3579.414
2023-11-14,3581.103,3582.058
2023-11-15,3616.877,3607.245
2023-11-16,3600.981,3572.364
2023-11-17,3561.311,3568.069
2023-11-20,3569.731,3576.323
2023-11-21,3587.878,3581.067
2023-11-22,3569.439,3544.416
2023-11-23,3541.442,3561.52
2023-11-24,3560.646,3538.009
2023-11-27,3534.445,3511.942
2023-11-28,3510.655,3518.523
2023-11-29,3518.884,3488.307
2023-11-30,3485.517,3496.203
2023-12-01,3494.223,3482.881
2023-12-04,3481.045,3460.138
2023-12-05,3450.09,3394.257
2023-12-06,3387.88,3399.598
2023-12-07,3394.306,3391.282
2023-12-08,3391.859,3399.462
2023-12-11,3378.052,3419.455
2023-12-12,3409.998,3426.803
2023-12-13,3418.641,3369.605
2023-12-14,3387.385,3351.964
2023-12-15,3365.939,3341.552
2023-12-18,3329.191,3329.366
2023-12-19,3325.66,3334.041
2023-12-20,3334.332,3297.502
2023-12-21,3285.605,3330.87
2023-12-22,3329.467,3337.228
2023-12-25,3330.333,3347.451
2023-12-26,3345.395,3324.79
2023-12-27,3326.927,3336.357
2023-12-28,3335.557,3414.54
2023-12-29,3411.109,3431.11
2024-01-02,3426.268,3386.352
2024-01-03,3379.75,3378.297
2024-01-04,3375.021,3347.052
2024-01-05,3341.306,3329.111
2024-01-08,3322.605,3286.056
2024-01-09,3286.708,3292.499
2024-01-10,3281.669,3277.129
2024-01-11,3275.309,3295.672
2024-01-12,3284.358,3284.167
2024-01-15,3270.103,3280.92
2024-01-16,3272.571,3300.876
2024-01-17,3291.139,3229.082
2024-01-18,3214.284,3274.729
2024-01-19,3261.239,3269.776
2024-01-22,3262.469,3218.902
2024-01-23,3208.432,3231.933
2024-01-24,3245.959,3277.109
2024-01-25,3274.339,3342.919
2024-01-26,3326.647,3333.821
2024-01-29,3335.394,3303.96
2024-01-30,3283.898,3245.039
2024-01-31,3231.543,3215.352
2024-02-01,3202.256,3217.711
2024-02-02,3219.873,3179.628
2024-02-05,3164.25,3200.422
2024-02-06,3185.25,3311.692
2024-02-07,3314.031,3343.63
2024-02-08,3351.405,3364.93
2024-02-19,3393.192,3403.808
2024-02-20,3395.192,3410.854
2024-02-21,3390.362,3456.871
2024-02-22,3450.352,3486.675
2024-02-23,3491.337,3489.742
2024-02-26,3485.543,3453.359
2024-02-27,3440.052,3494.787
2024-02-28,3499.826,3450.26
2024-02-29,3437.898,3516.083
2024-03-01,3515.059,3537.804
2024-03-04,3538.366,3540.869
2024-03-05,3524.964,3565.514
2024-03-06,3556.532,3551.048
2024-03-07,3548.101,3529.72
2024-03-08,3529.551,3544.91
2024-03-11,3545.943,3589.264
2024-03-12,3592.583,3597.494
2024-03-13,3594.421,3572.361
2024-03-14,3571.789,3562.223
2024-03-15,3554.907,3569.993
2024-03-18,3577.056,3603.528
2024-03-19,3593.34,3577.63
2024-03-20,3568.716,3585.384
2024-03-21,3593.07,3581.09
2024-03-22,3571.274,3545.002
2024-03-25,3536.714,3525.763
2024-03-26,3526.682,3543.747
2024-03-27,3538.724,3502.787
2024-03-28,3498.482,3520.965
2024-03-29,3516.883,3537.484
2024-04-01,3551.582,3595.647
2024-04-02,3593.221,3580.676
2024-04-03,3578.684,3567.803
2024-04-08,3553.555,3536.408
2024-04-09,3533.385,3533.487
2024-04-10,3528.968,3504.709
2024-04-11,3485.029,3504.245
2024-04-12,3505.75,3475.839
2024-04-15,3473.505,3549.076
2024-04-16,3533.364,3511.115
2024-04-17,3509.132,3565.403
2024-04-18,3550.556,3569.802
2024-04-19,3550.609,3541.662
2024-04-22,3536.184,3530.905
2024-04-23,3525.668,3506.225
2024-04-24,3514.011,3521.622
2024-04-25,3510.64,3530.281
2024-04-26,3531.965,3584.269
2024-04-29,3584.543,3623.912
2024-04-30,3619.259,3604.394
2024-05-06,3654.049,3657.877
2024-05-07,3657.001,3659.008
2024-05-08,3650.748,3630.223
2024-05-09,3630.414,3664.561
2024-05-10,3669.087,3666.277
2024-05-13,3646.349,3664.691
2024-05-14,3668.225,3657.045
2024-05-15,3651.054,3626.056
2024-05-16,3636.601,3640.359
2024-05-17,3638.561,3677.97
2024-05-20,3682.062,3690.962
2024-05-21,3682.287,3676.161
2024-05-22,3675.647,3684.451
2024-05-23,3672.84,3641.792
2024-05-24,3630.827,3601.475
2024-05-27,3606.645,3635.708
2024-05-28,3633.254,3609.172
2024-05-29,3609.071,3613.522
2024-05-30,3607.052,3594.312
2024-05-31,3599.82,3579.925
2024-06-03,3577.38,3588.748
2024-06-04,3583.81,3615.671
2024-06-05,3610.36,3594.794
2024-06-06,3602.155,3592.245
2024-06-07,3594.634,3574.114
2024-06-11,3555.819,3542.877
2024-06-12,3539.095,3544.123
2024-06-13,3548.216,3526.131
2024-06-14,3514.8,3541.533
2024-06-17,3521.437,3536.199
2024-06-18,3533.488,3545.59
2024-06-19,3543.36,3528.749
2024-06-20,3525.169,3503.282
2024-06-21,3496.343,3495.62
2024-06-24,3473.639,3476.81
2024-06-25,3475.165,3457.902
2024-06-26,3451.539,3480.265
2024-06-27,3467.289,3454.118
2024-06-28,3443.674,3461.657
2024-07-01,3458.264,3478.183
2024-07-02,3472.453,3471.786
2024-07-03,3471.556,3463.414
2024-07-04,3468.296,3445.813
2024-07-05,3443.359,3431.061
2024-07-08,3420.803,3401.76
2024-07-09,3396.804,3439.811
2024-07-10,3425.882,3428.966
2024-07-11,3451.044,3468.169
2024-07-12,3459.956,3472.401
2024-07-15,3462.611,3476.247
2024-07-16,3466.852,3498.283
2024-07-17,3494.209,3501.584
2024-07-18,3483.298,3520.931
2024-07-19,3500.805,3539.016
2024-07-22,3538.401,3514.925
2024-07-23,3509.789,3439.878
2024-07-24,3432.346,3418.166
2024-07-25,3404.611,3399.272
2024-07-26,3403.708,3409.293
2024-07-29,3404.366,3390.742
2024-07-30,3380.689,3369.382
2024-07-31,3364.027,3442.084
2024-08-01,3443.14,3419.267
2024-08-02,3393.917,3384.392
2024-08-05,3362.112,3343.321
2024-08-06,3367.352,3342.979
2024-08-07,3338.591,3341.489
2024-08-08,3332.428,3342.937
2024-08-09,3358.128,3331.627
2024-08-12,3327.556,3325.865
2024-08-13,3328.014,3334.39
2024-08-14,3332.787,3309.239
2024-08-15,3301.446,3341.953
2024-08-16,3342.035,3345.634
2024-08-19,3344.261,3356.968
2024-08-20,3361.639,3332.703
2024-08-21,3322.913,3321.635
2024-08-22,3322.872,3313.136
2024-08-23,3305.931,3327.191
2024-08-26,3330.718,3324.223
2024-08-27,3315.686,3305.334
2024-08-28,3298.909,3286.496
2024-08-29,3273.541,3277.681
2024-08-30,3273.753,3321.432
2024-09-02,3307.543,3265.011
2024-09-03,3261.741,3273.428
2024-09-04,3253.898,3252.165
2024-09-05,3252.96,3257.758
2024-09-06,3261.154,3231.346
2024-09-09,3214.8,3192.952
2024-09-10,3193.456,3195.755
2024-09-11,3187.051,3186.13
2024-09-12,3189.427,3172.475
2024-09-13,3174.034,3159.247
2024-09-18,3158.818,3171.01
2024-09-19,3178.396,3196.036
2024-09-20,3192.432,3201.05
2024-09-23,3200.868,3212.764
2024-09-24,3244.647,3351.909
2024-09-25,3403.702,3401.533
2024-09-26,3399.319,3545.32
2024-09-27,3617.92,3703.685
2024-09-30,3846.652,4017.855
2024-10-08,4450.368,4256.096
2024-10-09,4168.844,3955.984
2024-10-10,3979.612,3997.788
2024-10-11,3969.758,3887.167
2024-10-14,3915.219,3961.342
2024-10-15,3942.534,3855.995
2024-10-16,3806.137,3831.589
2024-10-17,3853.841,3788.222
2024-10-18,3780.314,3925.234
2024-10-21,3946.902,3935.197
2024-10-22,3923.744,3957.776
2024-10-23,3955.319,3973.209
2024-10-24,3950.899,3928.833
2024-10-25,3931.321,3956.421
2024-10-28,3953.106,3964.157
2024-10-29,3970.008,3924.649
2024-10-30,3904.16,3889.449
2024-10-31,3888.423,3891.04
2024-11-01,3882.458,3890.02
2024-11-04,3897.714,3944.762
2024-11-05,3937.623,4044.573
2024-11-06,4051.289,4024.283
2024-11-07,3987.267,4145.695
2024-11-08,4192.079,4104.047
2024-11-11,4066.934,4131.131
2024-11-12,4133.353,4085.743
2024-11-13,4059.59,4110.89
2024-11-14,4101.223,4039.619
2024-11-15,4025.648,3968.831
2024-11-18,3982.104,3950.381
2024-11-19,3954.604,3976.891
2024-11-20,3966.124,3985.773
2024-11-21,3979.455,3989.298
2024-11-22,3984.244,3865.699
2024-11-25,3875.613,3848.091
2024-11-26,3836.259,3840.185
2024-11-27,3829.344,3907.045
2024-11-28,3904.253,3872.551
2024-11-29,3869.89,3916.583
2024-12-02,3909.703,3947.632
2024-12-03,3946.703,3951.891
2024-12-04,3948.13,3930.557
2024-12-05,3916.564,3921.588
2024-12-06,3923.895,3973.141
2024-12-09,3970.663,3966.571
2024-12-10,4094.05,3995.637
2024-12-11,3988.018,3988.831
2024-12-12,3987.153,4028.505
2024-12-13,4000.985,3933.181
2024-12-16,3930.781,3911.842
2024-12-17,3908.126,3922.033
2024-12-18,3934.543,3941.89
2024-12-19,3911.89,3945.464
2024-12-20,3937.472,3927.744
2024-12-23,3928.149,3933.572
2024-12-24,3934.942,3983.688
2024-12-25,3987.956,3985.629
2024-12-26,3981.732,3987.48
2024-12-27,3987.019,3981.031
2024-12-30,3976.7,3999.055
2024-12-31,3995.871,3934.911
2025-01-02,3931.816,3820.395
2025-01-03,3825.243,3775.165
2025-01-06,3775.99,3768.97
2025-01-07,3760.866,3796.106
2025-01-08,3781.261,3789.215
2025-01-09,3780.734,3779.877
2025-01-10,3778.893,3732.481
2025-01-13,3704.444,3722.513
2025-01-14,3728.556,3820.54
2025-01-15,3810.035,3796.026
2025-01-16,3812.194,3800.384
2025-01-17,3788.373,3812.343
2025-01-20,3835.304,3829.676
2025-01-21,3850.356,3832.615
2025-01-22,3823.945,3797.017
2025-01-23,3829.046,3803.744
2025-01-24,3793.85,3832.864
2025-01-27,3836.958,3817.08
2025-02-05,3844.7,3795.085
2025-02-06,3789.609,3842.831
2025-02-07,3844.057,3892.703
2025-02-10,3898.102,3901.062
2025-02-11,3905.159,3883.135
2025-02-12,3875.96,3919.862
2025-02-13,3913.904,3905.14
2025-02-14,3900.827,3939.009
2025-02-17,3954.415,3947.398
2025-02-18,3942.576,3912.783
2025-02-19,3906.22,3940.16
2025-02-20,3934.65,3928.896
2025-02-21,3938.052,3978.444
2025-02-24,3972.483,3969.717
2025-02-25,3933.636,3925.651
2025-02-26,3931.842,3959.941
2025-02-27,3961.064,3968.116
2025-02-28,3950.187,3890.049
2025-03-03,3899.696,3888.474
2025-03-04,3865.994,3885.221
2025-03-05,3887.799,3902.571
2025-03-06,3923.383,3956.237
2025-03-07,3944.915,3944.014
2025-03-10,3945.58,3928.802
2025-03-11,3890.431,3941.416
2025-03-12,3946.862,3927.232
2025-03-13,3925.744,3911.579
2025-03-14,3919.616,4006.557
2025-03-17,4020.64,3996.788
2025-03-18,4011.779,4007.723
2025-03-19,4004.825,4010.168
2025-03-20,4011.059,3974.992
2025-03-21,3966.515,3914.696
2025-03-24,3916.114,3934.849
2025-03-25,3937.898,3932.295
2025-03-26,3930.207,3919.357
2025-03-27,3911.384,3932.412
2025-03-28,3930.776,3915.166
2025-03-31,3905.982,3887.306
2025-04-01,3892.779,3887.684
2025-04-02,3884.418,3884.386
2025-04-03,3843.418,3861.503
2025-04-07,3675.202,3589.441
2025-04-08,3597.986,3650.759
2025-04-09,3606.104,3686.794
2025-04-10,3749.126,3735.115
2025-04-11,3730.315,3750.517
2025-04-14,3772.041,3759.142
2025-04-15,3756.479,3761.235
2025-04-16,3757.876,3772.82
2025-04-17,3755.086,3772.222
2025-04-18,3760.043,3772.523
2025-04-21,3768.142,3784.881
2025-04-22,3780.112,3783.952
2025-04-23,3803.43,3786.882
2025-04-24,3787.459,3784.357
2025-04-25,3792.084,3786.994
2025-04-28,3786.387,3781.619
2025-04-29,3776.003,3775.077
2025-04-30,3775.831,3770.571
2025-05-06,3794.376,3808.542
2025-05-07,3861.577,3831.627
2025-05-08,3820.548,3852.896
2025-05-09,3848.619,3846.157
2025-05-12,3866.531,3890.61
2025-05-13,3915.592,3896.258
2025-05-14,3894.839,3943.211
2025-05-15,3934.027,3907.199
2025-05-16,3898.666,3889.085
2025-05-19,3882.568,3877.145
2025-05-20,3883.102,3898.171
2025-05-21,3899.437,3916.381
2025-05-22,3912.601,3913.865
2025-05-23,3910.374,3882.274
2025-05-26,3875.789,3860.107
2025-05-27,3857.627,3839.397
2025-05-28,3843.075,3836.237
2025-05-29,3838.009,3858.7
2025-05-30,3850.493,3840.232
2025-06-03,3833.458,3852.013
2025-06-04,3855.488,3868.743
2025-06-05,3872.637,3877.556
2025-06-06,3878.103,3873.984
2025-06-09,3877.798,3885.246
2025-06-10,3887.551,3865.465
2025-06-11,3870.672,3894.625
2025-06-12,3885.52,3892.199
2025-06-13,3881.492,3864.182
2025-06-16,3853.619,3873.795
2025-06-17,3875.177,3870.379
2025-06-18,3871.65,3874.971
2025-06-19,3870.049,3843.091
2025-06-20,3839.783,3846.644
2025-06-23,3831.17,3857.902
2025-06-24,3862.388,3904.034
2025-06-25,3907.068,3960.066
2025-06-26,3953.16,3946.02
2025-06-27,3949.788,3921.758
2025-06-30,3920.315,3936.079
2025-07-01,3935.908,3942.762
2025-07-02,3943.323,3943.685
2025-07-03,3949.4,3968.068
2025-07-04,3967.464,3982.203
2025-07-07,3977.288,3965.175
2025-07-08,3965.426,3998.453
2025-07-09,3997.504,3991.401
2025-07-10,3993.42,4010.024
2025-07-11,4011.465,4014.807
2025-07-14,4021.214,4017.668
2025-07-15,4023.99,4019.064
2025-07-16,4019.393,4007.202
2025-07-17,4005.067,4034.491
2025-07-18,4039.871,4058.549
2025-07-21,4069.769,4085.607
2025-07-22,4087.335,4118.958
2025-07-23,4129.148,4119.769
2025-07-24,4116.831,4149.037
2025-07-25,4145.32,4127.163
2025-07-28,4128.199,4135.824
2025-07-29,4132.683,4152.025
2025-07-30,4148.941,4151.238
2025-07-31,4141.561,4075.591
2025-08-01,4069.925,4054.929
2025-08-04,4037.938,4070.702
2025-08-05,4080.388,4103.45
2025-08-06,4100.428,4113.485
2025-08-07,4120.282,4114.666
2025-08-08,4109.273,4104.967
2025-08-11,4110.294,4122.511
2025-08-12,4123.576,4143.825
2025-08-13,4150.504,4176.578
2025-08-14,4179.965,4173.313
2025-08-15,4162.421,4202.353
2025-08-18,4218.247,4239.413
2025-08-19,4241.765,4223.374
2025-08-20,4208.401,4271.396
2025-08-21,4284.371,4288.071
2025-08-22,4287.363,4377.998
2025-08-25,4416.292,4469.222
2025-08-26,4453.353,4452.591
2025-08-27,4458.84,4386.127
2025-08-28,4378.035,4463.782
2025-08-29,4455.803,4496.759
2025-09-01,4516.879,4523.711
2025-09-02,4521.983,4490.453
2025-09-03,4501.339,4459.83
2025-09-04,4461.25,4365.209
2025-09-05,4365.608,4460.325
2025-09-08,4467.169,4467.573
2025-09-09,4448.739,4436.258
2025-09-10,4438.3,4445.365
2025-09-11,4438.839,4548.035
2025-09-12,4544.591,4521.998
2025-09-15,4534.887,4533.056
2025-09-16,4539.922,4523.337
2025-09-17,4517.286,4551.023
2025-09-18,4546.032,4498.109
2025-09-19,4499.091,4501.92
2025-09-22,4512.025,4522.608
2025-09-23,4536.757,4519.778
2025-09-24,4495.266,4566.071
2025-09-25,4563.983,4593.488
2025-09-26,4576.914,4550.049
2025-09-29,4555.034,4620.053
2025-09-30,4629.899,4640.694
2025-10-09,4662.113,4709.482
2025-10-10,4679.498,4616.834
2025-10-13,4490.866,4593.979
2025-10-14,4634.054,4539.064
2025-10-15,4544.243,4606.288
2025-10-16,4588.921,4618.422
2025-10-17,4610.697,4514.235
2025-10-20,4558.242,4538.22
2025-10-21,4556.122,4607.872
2025-10-22,4576.028,4592.57
2025-10-23,4578.702,4606.345
2025-10-24,4622.787,4660.684
2025-10-27,4699.382,4716.019
2025-10-28,4697.728,4691.973
2025-10-29,4701.036,4747.838
2025-10-30,4735.981,4709.911
2025-10-31,4702.495,4640.668
2025-11-03,4636.732,4653.403
2025-11-04,4649.348,4618.699
2025-11-05,4562.112,4627.257
2025-11-06,4642.011,4693.403
2025-11-07,4673.762,4678.794
2025-11-10,4688.124,4695.051
2025-11-11,4706.337,4652.166
2025-11-12,4643.559,4645.908
2025-11-13,4643.786,4702.074
2025-11-14,4663.318,4628.14
2025-11-17,4616.806,4598.053
2025-11-18,4584.79,4568.193
2025-11-19,4568.037,4588.292
2025-11-20,4619.54,4564.948
2025-11-21,4513.386,4453.608
2025-11-24,4473.156,4448.048
2025-11-25,4475.836,4490.405
2025-11-26,4490.202,4517.626
2025-11-27,4520.014,4515.403
2025-11-28,4511.497,4526.662
2025-12-01,4539.188,4576.486
2025-12-02,4571.91,4554.335
2025-12-03,4554.589,4531.049
2025-12-04,4533.6,4546.566
2025-12-05,4547.906,4584.537
2025-12-08,4593.14,4621.755
2025-12-09,4611.379,4598.223
2025-12-10,4586.254,4591.827
2025-12-11,4597.19,4552.185
2025-12-12,4558.738,4580.95
2025-12-15,4550.003,4552.06
2025-12-16,4542.423,4497.555
2025-12-17,4499.773,4579.875
2025-12-18,4553.979,4552.793
2025-12-19,4561.373,4568.178
2025-12-22,4587.668,4611.624
2025-12-23,4616.026,4620.734
2025-12-24,4623.683,4634.059
2025-12-25,4629.32,4642.536
2025-12-26,4639.79,4657.24
2025-12-29,4658.265,4639.372
2025-12-30,4617.316,4651.282
2025-12-31,4656.48,4629.94
2026-01-05,4661.616,4717.746
2026-01-06,4719.209,4790.694
2026-01-07,4796.934,4776.666
2026-01-08,4761.011,4737.654
2026-01-09,4725.957,4758.922
2026-01-12,4769.65,4789.916
2026-01-13,4798.049,4761.032
2026-01-14,4767.696,4741.931
2026-01-15,4721.797,4751.429
2026-01-16,4778.43,4731.873
2026-01-19,4720.195,4734.456
2026-01-20,4736.91,4718.878
2026-01-21,4714.554,4723.069
2026-01-22,4741.755,4723.709
2026-01-23,4729.585,4702.497
2026-01-26,4715.375,4706.964
2026-01-27,4705.174,4705.692
2026-01-28,4725.601,4717.991
2026-01-29,4733.088,4753.87
2026-01-30,4723.081,4706.34
2026-02-02,4674.276,4605.98
2026-02-03,4648.357,4660.107
2026-02-04,4647.967,4698.683
2026-02-05,4664.748,4670.419
2026-02-06,4622.975,4643.596
2026-02-09,4693.672,4719.056
2026-02-10,4718.255,4724.296
2026-02-11,4715.67,4713.819
2026-02-12,4720.009,4719.578
2026-02-13,4693.411,4660.406
2026-02-24,4727.296,4707.544
2026-02-25,4713.575,4735.886
2026-02-26,4741.39,4726.874
2026-02-27,4698.3,4710.647
2026-03-02,4681.014,4728.669
2026-03-03,4737.316,4655.896
2026-03-04,4609.192,4602.625
2026-03-05,4651.942,4647.692
2026-03-06,4621.494,4660.439
2026-03-09,4600.254,4615.455
2026-03-10,4648.785,4674.756
2026-03-11,4681.032,4704.496
2026-03-12,4700.721,4687.56
2026-03-13,4669.062,4669.14
2026-03-16,4669.224,4671.559
2026-03-17,4685.57,4637.439
2026-03-18,4648.752,4658.332
2026-03-19,4611.44,4583.251
2026-03-20,4602.821,4567.018
2026-03-23,4499.1,4417.997
2026-03-24,4458.907,4474.722
2026-03-25,4506.625,4537.466
2026-03-26,4525.329,4477.534
2026-03-27,4431.503,4502.57
2026-03-30,4461.737,4491.95
2026-03-31,4491.921,4450.049
2026-04-01,4517.272,4526.067
2026-04-02,4514.442,4478.914
2026-04-03,4492.846,4440.789
2026-04-07,4445.861,4440.616
2026-04-08,4517.34,4595.556
2026-04-09,4562.67,4566.224
2026-04-10,4594.947,4636.566
2026-04-13,4615.133,4646.155
2026-04-14,4676.124,4701.284
2026-04-15,4726.638,4685.246
2026-04-16,4694.431,4736.608
2026-04-17,4728.995,4728.672
2026-04-20,4727.166,4757.442
2026-04-21,4750.515,4767.997
2026-04-22,4751.279,4799.627
2026-04-23,4816.027,4786.327
2026-04-24,4771.735,4769.369
2026-04-27,4776.335,4770.947
2026-04-28,4757.077,4758.208
2026-04-29,4737.576,4810.347
2026-04-30,4820.972,4807.307
2026-05-06,4857.654,4877.093
2026-05-07,4895.8,4900.51
2026-05-08,4871.119,4871.912
2026-05-11,4902.278,4951.837
2026-05-12,4965.018,4948.047
2026-05-13,4919.425,4998.342
2026-05-14,5027.641,4914.597
2026-05-15,4911.622,4859.593
2026-05-18,4836.329,4833.524
2026-05-19,4818.705,4852.883
2026-05-20,4829.613,4850.7
2026-05-21,4886.239,4783.098
2026-05-22,4818.844,4845.096
2026-05-25,4873.196,4921.597
2026-05-26,4900.115,4947.849
2026-05-27,4940.945,4908.171
2026-05-28,4889.266,4914.213
2026-05-29,4937.512,4892.121
2026-06-01,4897.897,4844.256
2026-06-02,4860.612,4914.559
2026-06-03,4921.345,4938.809
2026-06-04,4897.316,4904.745
2026-06-05,4886.965,4816.92
2026-06-08,4703.773,4713.636
2026-06-09,4743.451,4801.811
2026-06-10,4753.115,4748.593
2026-06-11,4730.072,4722.412
2026-06-12,4784.64,4777.321
2026-06-15,4829.289,4891.713
2026-06-16,4894.879,4884.232
2026-06-17,4859.701,4931.386
2026-06-18,4916.044,4941.599
2026-06-22,4949.346,5059.658
2026-06-23,5048.026,4919.386
2026-06-24,4900.384,4943.02
2026-06-25,4950.975,5020.104
2026-06-26,4981.825,4868.221
2026-06-29,4866.043,4926.921
2026-06-30,4914.493,4979.433
2026-07-01,4972.692,4958.977
2026-07-02,4865.171,4812.296
2026-07-03,4809.499,4842.174
2026-07-06,4868.542,4841.998
2026-07-07,4813.871,4792.262
2026-07-08,4804.484,4755.534
2026-07-09,4774.402,4876.313
2026-07-10,4887.536,4780.787
2026-07-13,4745.438,4695.383
2026-07-14,4691.122,4796.502
2026-07-15,4797.943,4786.783
2026-07-16,4711.532,4698.434
2026-07-17,4661.622,4529.095
2026-07-20,4575.671,4598.321
2026-07-21,4630.853,4739.229
2026-07-22,4710.66,4717.244
2026-07-23,4735.1706,4723.6333
