date,open,close
2005-01-04,996.682,986.927
2005-01-05,986.57,1003.633
2005-01-06,1003.49,994.595
2005-01-07,993.434,997.606
2005-01-10,996.928,1006.337
2005-01-11,1006.211,1008.343
2005-01-12,1008.01,1008.62
2005-01-13,1008.098,1013.07
2005-01-14,1012.699,1000.169
2005-01-17,990.987,977.522
2005-01-18,977.603,991.419
2005-01-19,991.291,986.241
2005-01-20,983.198,972.463
2005-01-21,971.501,988.519
2005-01-24,1009.947,1008.175
2005-01-25,1006.0,999.553
2005-01-26,997.638,987.955
2005-01-27,986.146,971.373
2005-01-28,971.373,952.413
2005-01-31,948.439,922.653
2005-02-01,919.8,913.331
2005-02-02,913.025,964.243
2005-02-03,963.746,945.312
2005-02-04,944.447,962.028
2005-02-16,967.432,972.337
2005-02-17,971.838,977.272
2005-02-18,977.12,964.769
2005-02-21,965.001,981.819
2005-02-22,982.418,1007.688
2005-02-23,1008.293,1019.258
2005-02-24,1018.292,1024.446
2005-02-25,1024.569,1024.118
2005-02-28,1023.191,1020.847
2005-03-01,1020.595,1021.162
2005-03-02,1021.357,1006.148
2005-03-03,1004.1,1011.288
2005-03-04,1011.2,1003.21
2005-03-07,1004.341,1006.953
2005-03-08,1007.684,1029.457
2005-03-09,1031.602,1032.55
2005-03-10,1032.274,1005.545
2005-03-11,1003.781,1009.434
2005-03-14,1009.177,1007.766
2005-03-15,1007.892,993.831
2005-03-16,992.642,983.916
2005-03-17,983.105,970.966
2005-03-18,969.118,949.509
2005-03-21,947.571,949.553
2005-03-22,948.784,922.564
2005-03-23,921.069,923.194
2005-03-24,922.181,933.347
2005-03-25,933.173,931.417
2005-03-28,930.168,922.923
2005-03-29,922.659,916.811
2005-03-30,915.088,888.949
2005-03-31,887.07,896.068
2005-04-01,895.227,927.546
2005-04-04,919.139,909.87
2005-04-05,908.185,901.744
2005-04-06,901.744,918.557
2005-04-07,919.235,932.333
2005-04-08,931.774,949.457
2005-04-11,949.847,948.509
2005-04-12,947.115,927.41
2005-04-13,932.311,950.229
2005-04-14,952.538,935.425
2005-04-15,931.666,913.271
2005-04-18,910.889,901.118
2005-04-19,899.934,902.785
2005-04-20,902.22,884.083
2005-04-21,881.676,867.328
2005-04-22,865.817,857.401
2005-04-25,846.142,841.058
2005-04-26,839.248,855.24
2005-04-27,857.951,839.953
2005-04-28,837.384,860.616
2005-04-29,860.393,847.611
2005-05-09,848.088,818.399
2005-05-10,814.765,818.088
2005-05-11,816.817,811.57
2005-05-12,810.16,807.51
2005-05-13,806.728,814.878
2005-05-16,814.055,808.171
2005-05-17,806.808,818.455
2005-05-18,818.12,824.643
2005-05-19,824.826,824.94
2005-05-20,824.574,819.13
2005-05-23,816.195,793.724
2005-05-24,791.129,808.743
2005-05-25,808.521,809.697
2005-05-26,808.661,799.024
2005-05-27,797.183,790.998
2005-05-30,788.637,797.532
2005-05-31,798.334,796.872
2005-06-01,795.817,778.673
2005-06-02,777.469,769.421
2005-06-03,767.67,765.967
2005-06-06,764.656,778.21
2005-06-07,779.723,779.844
2005-06-08,782.007,841.36
2005-06-09,840.233,849.725
2005-06-10,850.024,831.605
2005-06-13,830.796,834.252
2005-06-14,835.353,818.191
2005-06-15,815.731,796.26
2005-06-16,795.755,803.945
2005-06-17,805.753,800.137
2005-06-20,799.467,823.733
2005-06-21,823.538,816.197
2005-06-22,814.912,818.647
2005-06-23,818.189,809.347
2005-06-24,807.678,813.203
2005-06-27,817.284,834.346
2005-06-28,832.155,819.046
2005-06-29,818.091,814.064
2005-06-30,813.152,791.502
2005-07-01,789.177,760.352
2005-07-04,756.033,749.483
2005-07-05,747.894,744.595
2005-07-06,744.795,743.444
2005-07-07,743.323,747.418
2005-07-08,746.289,722.854
2005-07-11,725.635,714.475
2005-07-12,712.307,739.534
2005-07-13,738.614,732.443
2005-07-14,732.005,732.544
2005-07-15,732.674,714.488
2005-07-18,712.32,696.848
2005-07-19,695.767,703.066
2005-07-20,703.173,707.293
2005-07-21,707.049,704.788
2005-07-22,704.611,721.445
2005-07-25,720.609,718.867
2005-07-26,718.623,735.861
2005-07-27,736.289,750.015
2005-07-28,750.4,747.23
2005-07-29,746.589,744.825
2005-08-01,744.771,750.488
2005-08-02,750.964,763.29
2005-08-03,764.938,769.752
2005-08-04,767.566,765.262
2005-08-05,765.39,787.819
2005-08-08,792.401,800.117
2005-08-09,800.837,814.186
2005-08-10,814.763,823.839
2005-08-11,823.72,832.841
2005-08-12,833.462,816.386
2005-08-15,814.842,839.667
2005-08-16,841.322,839.264
2005-08-17,837.896,854.526
2005-08-18,855.879,820.664
2005-08-19,816.96,820.869
2005-08-22,819.478,831.496
2005-08-23,830.736,816.914
2005-08-24,816.742,826.716
2005-08-25,827.014,836.418
2005-08-26,837.41,840.431
2005-08-29,839.305,832.248
2005-08-30,831.492,827.55
2005-08-31,827.228,845.142
2005-09-01,845.934,865.405
2005-09-02,866.549,872.485
2005-09-05,873.856,884.29
2005-09-06,885.362,862.491
2005-09-07,860.384,888.125
2005-09-08,890.193,889.69
2005-09-09,889.549,879.503
2005-09-12,878.73,883.561
2005-09-13,884.247,904.311
2005-09-14,906.214,914.983
2005-09-15,914.906,918.505
2005-09-16,918.259,917.638
2005-09-19,918.129,930.489
2005-09-20,931.88,924.16
2005-09-21,921.92,909.787
2005-09-22,906.049,880.013
2005-09-23,876.31,868.549
2005-09-26,867.222,874.84
2005-09-27,875.097,856.958
2005-09-28,855.796,852.359
2005-09-29,852.038,871.291
2005-09-30,871.229,869.509
2005-10-10,870.049,858.748
2005-10-11,857.642,878.623
2005-10-12,879.05,887.711
2005-10-13,888.303,883.45
2005-10-14,882.872,876.053
2005-10-17,874.854,878.757
2005-10-18,878.781,893.699
2005-10-19,893.467,886.314
2005-10-20,885.34,886.551
2005-10-21,886.431,895.027
2005-10-24,895.428,897.757
2005-10-25,896.693,877.577
2005-10-26,875.54,854.028
2005-10-27,851.081,847.593
2005-10-28,846.702,825.063
2005-10-31,823.233,828.659
2005-11-01,827.894,823.328
2005-11-02,823.206,840.316
2005-11-03,839.858,828.906
2005-11-04,828.04,835.122
2005-11-07,835.063,842.002
2005-11-08,841.929,848.965
2005-11-09,848.741,845.11
2005-11-10,843.62,821.269
2005-11-11,818.717,823.956
2005-11-14,821.782,827.569
2005-11-15,827.516,820.491
2005-11-16,820.066,826.692
2005-11-17,827.218,825.797
2005-11-18,824.804,843.738
2005-11-21,844.629,846.958
2005-11-22,847.182,831.771
2005-11-23,831.701,838.117
2005-11-24,837.678,841.699
2005-11-25,841.714,841.13
2005-11-28,841.211,838.342
2005-11-29,839.25,827.005
2005-11-30,826.335,829.5
2005-12-01,829.335,828.193
2005-12-02,827.154,817.864
2005-12-05,819.791,796.926
2005-12-06,795.111,798.878
2005-12-07,800.183,806.778
2005-12-08,807.406,805.561
2005-12-09,805.521,819.2
2005-12-12,820.109,824.518
2005-12-13,824.628,824.861
2005-12-14,824.861,832.513
2005-12-15,833.465,827.539
2005-12-16,827.162,834.537
2005-12-19,834.956,834.712
2005-12-20,834.885,836.119
2005-12-21,836.632,830.766
2005-12-22,830.447,835.503
2005-12-23,835.765,845.589
2005-12-26,846.931,853.169
2005-12-27,854.751,854.526
2005-12-28,854.641,857.206
2005-12-29,858.413,866.747
2005-12-30,868.442,860.131
2006-01-04,860.044,871.73
2006-01-05,872.088,882.732
2006-01-06,884.924,891.94
2006-01-09,893.525,905.068
2006-01-10,907.635,911.191
2006-01-11,910.761,906.496
2006-01-12,906.939,927.42
2006-01-13,930.303,932.499
2006-01-16,933.217,920.332
2006-01-17,918.52,919.279
2006-01-18,920.062,939.136
2006-01-19,941.168,949.913
2006-01-20,950.627,952.769
2006-01-23,955.086,961.069
2006-01-24,961.653,960.353
2006-01-25,960.027,957.787
2006-02-06,961.034,980.91
2006-02-07,983.339,981.574
2006-02-08,979.145,982.943
2006-02-09,982.181,969.577
2006-02-10,971.249,980.801
2006-02-13,981.633,977.396
2006-02-14,977.277,986.056
2006-02-15,987.088,986.161
2006-02-16,986.326,958.59
2006-02-17,961.254,949.993
2006-02-20,949.025,943.765
2006-02-21,943.109,960.017
2006-02-22,960.103,959.947
2006-02-23,959.126,958.722
2006-02-24,959.342,967.163
2006-02-27,968.211,963.379
2006-02-28,962.524,964.726
2006-03-01,966.842,972.067
2006-03-02,972.15,953.369
2006-03-03,951.932,954.457
2006-03-06,955.25,952.351
2006-03-07,951.638,928.576
2006-03-08,924.611,924.83
2006-03-09,923.324,920.13
2006-03-10,922.444,921.683
2006-03-13,921.234,928.518
2006-03-14,929.011,931.721
2006-03-15,931.272,942.689
2006-03-16,942.723,945.523
2006-03-17,944.952,943.725
2006-03-20,944.104,956.138
2006-03-21,957.893,959.927
2006-03-22,959.516,972.137
2006-03-23,972.715,980.841
2006-03-24,982.456,974.269
2006-03-27,974.563,984.152
2006-03-28,987.534,994.52
2006-03-29,995.686,997.704
2006-03-30,997.138,986.957
2006-03-31,988.955,1000.251
2006-04-03,1001.322,1025.788
2006-04-04,1029.106,1038.109
2006-04-05,1039.778,1048.666
2006-04-06,1052.354,1053.693
2006-04-07,1056.29,1068.11
2006-04-10,1071.185,1090.72
2006-04-11,1097.273,1094.409
2006-04-12,1095.075,1095.497
2006-04-13,1097.292,1062.69
2006-04-14,1058.708,1088.183
2006-04-17,1086.243,1093.513
2006-04-18,1094.358,1097.73
2006-04-19,1098.582,1100.661
2006-04-20,1102.274,1091.851
2006-04-21,1091.657,1102.547
2006-04-24,1106.116,1094.375
2006-04-25,1091.835,1103.059
2006-04-26,1103.746,1116.811
2006-04-27,1119.67,1125.32
2006-04-28,1117.511,1141.685
2006-05-08,1148.084,1180.728
2006-05-09,1188.797,1218.094
2006-05-10,1227.286,1241.571
2006-05-11,1247.122,1237.772
2006-05-12,1239.755,1283.677
2006-05-15,1303.378,1344.924
2006-05-16,1347.186,1297.932
2006-05-17,1302.61,1318.966
2006-05-18,1311.427,1328.206
2006-05-19,1332.16,1365.647
2006-05-22,1370.503,1386.748
2006-05-23,1388.028,1326.156
2006-05-24,1333.308,1308.693
2006-05-25,1304.081,1324.919
2006-05-26,1330.227,1355.501
2006-05-29,1362.843,1387.524
2006-05-30,1391.621,1410.542
2006-05-31,1408.911,1402.332
2006-06-01,1402.335,1455.741
2006-06-02,1462.614,1457.763
2006-06-05,1461.023,1484.29
2006-06-06,1482.804,1470.449
2006-06-07,1470.257,1370.809
2006-06-08,1357.299,1376.079
2006-06-09,1371.402,1346.481
2006-06-12,1339.537,1352.582
2006-06-13,1350.736,1361.526
2006-06-14,1351.335,1347.878
2006-06-15,1346.0,1352.336
2006-06-16,1362.058,1382.41
2006-06-19,1367.057,1397.995
2006-06-20,1397.155,1414.905
2006-06-21,1414.942,1410.502
2006-06-22,1409.148,1411.278
2006-06-23,1408.418,1430.513
2006-06-26,1433.242,1457.137
2006-06-27,1460.897,1464.686
2006-06-28,1463.235,1461.793
2006-06-29,1465.855,1488.164
2006-06-30,1495.506,1485.995
2006-07-03,1489.459,1514.068
2006-07-04,1516.703,1508.839
2006-07-05,1508.358,1497.656
2006-07-06,1498.042,1539.177
2006-07-07,1544.973,1541.253
2006-07-10,1542.904,1550.04
2006-07-11,1551.642,1561.843
2006-07-12,1564.449,1562.06
2006-07-13,1558.426,1459.778
2006-07-14,1442.328,1470.467
2006-07-17,1467.262,1494.793
2006-07-18,1494.964,1506.592
2006-07-19,1503.677,1472.354
2006-07-20,1470.534,1484.409
2006-07-21,1483.038,1493.036
2006-07-24,1464.274,1496.607
2006-07-25,1498.225,1518.172
2006-07-26,1521.893,1523.863
2006-07-27,1523.152,1506.56
2006-07-28,1504.583,1492.114
2006-07-31,1487.78,1425.044
2006-08-01,1422.271,1408.902
2006-08-02,1409.634,1401.859
2006-08-03,1402.93,1401.156
2006-08-04,1401.619,1354.778
2006-08-07,1349.239,1323.726
2006-08-08,1322.996,1364.99
2006-08-09,1365.158,1367.395
2006-08-10,1367.323,1391.144
2006-08-11,1391.472,1398.011
2006-08-14,1397.921,1356.848
2006-08-15,1355.879,1383.361
2006-08-16,1383.828,1407.313
2006-08-17,1406.444,1395.718
2006-08-18,1392.156,1384.899
2006-08-21,1339.517,1392.969
2006-08-22,1392.234,1408.846
2006-08-23,1409.877,1403.578
2006-08-24,1402.829,1416.898
2006-08-25,1418.115,1421.095
2006-08-28,1425.484,1457.321
2006-08-29,1460.521,1456.44
2006-08-30,1452.737,1468.664
2006-08-31,1469.862,1479.9
2006-09-01,1477.478,1451.95
2006-09-04,1456.678,1484.443
2006-09-05,1488.017,1490.153
2006-09-06,1491.834,1497.005
2006-09-07,1497.539,1472.505
2006-09-08,1470.828,1473.922
2006-09-11,1474.47,1481.932
2006-09-12,1481.996,1487.741
2006-09-13,1488.138,1466.043
2006-09-14,1464.454,1467.796
2006-09-15,1468.059,1484.687
2006-09-18,1487.864,1507.942
2006-09-19,1510.142,1512.963
2006-09-20,1510.35,1517.29
2006-09-21,1516.255,1521.95
2006-09-22,1522.785,1509.385
2006-09-25,1508.2,1514.277
2006-09-26,1513.468,1508.2
2006-09-27,1506.801,1522.45
2006-09-28,1523.034,1535.272
2006-09-29,1537.697,1550.803
2006-10-09,1562.489,1579.521
2006-10-10,1581.113,1588.806
2006-10-11,1587.637,1591.451
2006-10-12,1591.386,1567.291
2006-10-13,1566.009,1575.861
2006-10-16,1577.248,1567.085
2006-10-17,1566.741,1568.509
2006-10-18,1568.133,1588.59
2006-10-19,1589.394,1597.38
2006-10-20,1598.131,1587.902
2006-10-23,1586.824,1537.321
2006-10-24,1535.848,1577.086
2006-10-25,1579.577,1565.901
2006-10-26,1568.815,1556.69
2006-10-27,1555.109,1530.26
2006-10-30,1527.008,1527.216
2006-10-31,1526.526,1541.639
2006-11-01,1541.611,1548.518
2006-11-02,1548.2,1545.826
2006-11-03,1545.676,1549.655
2006-11-06,1540.082,1540.606
2006-11-07,1540.801,1525.649
2006-11-08,1524.976,1521.448
2006-11-09,1518.724,1537.862
2006-11-10,1539.205,1498.871
2006-11-13,1496.418,1445.679
2006-11-14,1443.572,1461.716
2006-11-15,1461.263,1484.446
2006-11-16,1485.908,1462.675
2006-11-17,1459.706,1476.745
2006-11-20,1476.476,1466.653
2006-11-21,1465.825,1477.679
2006-11-22,1478.122,1500.813
2006-11-23,1500.118,1509.315
2006-11-24,1509.632,1532.019
2006-11-27,1532.543,1567.049
2006-11-28,1567.007,1577.179
2006-11-29,1561.777,1596.998
2006-11-30,1599.043,1623.816
2006-12-01,1626.751,1629.207
2006-12-04,1631.611,1663.197
2006-12-05,1666.437,1675.458
2006-12-06,1674.31,1649.139
2006-12-07,1644.812,1632.908
2006-12-08,1618.16,1571.183
2006-12-11,1565.949,1621.263
2006-12-12,1626.03,1626.586
2006-12-13,1627.568,1634.84
2006-12-14,1636.545,1662.266
2006-12-15,1667.717,1689.671
2006-12-18,1699.065,1717.225
2006-12-19,1720.566,1724.533
2006-12-20,1706.201,1756.002
2006-12-21,1755.485,1737.381
2006-12-22,1721.334,1728.396
2006-12-25,1742.497,1744.817
2006-12-26,1747.976,1726.777
2006-12-27,1727.818,1738.525
2006-12-28,1739.857,1704.724
2006-12-29,1706.54,1726.146
2007-01-04,1738.929,1723.686
2007-01-05,1719.283,1770.475
2007-01-08,1773.023,1851.964
2007-01-09,1855.347,1891.871
2007-01-10,1896.711,1940.832
2007-01-11,1946.501,1952.236
2007-01-12,1941.345,1881.753
2007-01-15,1881.467,1986.539
2007-01-16,1991.691,2055.016
2007-01-17,2064.289,2035.651
2007-01-18,2025.853,2085.403
2007-01-19,2097.505,2159.638
2007-01-22,2183.437,2258.986
2007-01-23,2267.454,2261.785
2007-01-24,2260.707,2283.696
2007-01-25,2271.519,2174.239
2007-01-26,2143.994,2186.27
2007-01-29,2201.586,2260.596
2007-01-30,2271.474,2255.938
2007-01-31,2251.318,2142.891
2007-02-01,2120.007,2165.405
2007-02-02,2170.03,2127.104
2007-02-05,2122.369,2152.25
2007-02-06,2158.498,2198.239
2007-02-07,2209.652,2237.944
2007-02-08,2245.078,2278.445
2007-02-09,2282.627,2287.381
2007-02-12,2291.66,2341.072
2007-02-13,2351.65,2384.158
2007-02-14,2386.835,2435.959
2007-02-15,2451.436,2512.402
2007-02-16,2528.836,2541.409
2007-02-26,2557.254,2642.114
2007-02-27,2654.435,2405.574
2007-02-28,2370.951,2513.533
2007-03-01,2526.154,2459.511
2007-03-02,2458.26,2503.677
2007-03-05,2508.386,2511.916
2007-03-06,2501.286,2516.003
2007-03-07,2525.534,2580.597
2007-03-08,2587.748,2634.879
2007-03-09,2637.596,2638.047
2007-03-12,2639.894,2696.497
2007-03-13,2701.502,2727.455
2007-03-14,2704.445,2708.687
2007-03-15,2703.929,2760.844
2007-03-16,2769.151,2710.861
2007-03-19,2623.736,2751.477
2007-03-20,2761.01,2810.714
2007-03-21,2821.44,2859.006
2007-03-22,2869.749,2861.146
2007-03-23,2862.629,2897.999
2007-03-26,2915.048,2989.051
2007-03-27,2995.464,3039.534
2007-03-28,3048.501,3004.295
2007-03-29,3005.062,2894.779
2007-03-30,2878.242,2926.064
2007-04-02,2935.211,2993.63
2007-04-03,3004.897,3042.461
2007-04-04,3049.917,3078.901
2007-04-05,3076.759,3133.142
2007-04-06,3110.949,3182.797
2007-04-09,3201.148,3240.302
2007-04-10,3253.673,3261.527
2007-04-11,3267.609,3309.745
2007-04-12,3316.203,3387.412
2007-04-13,3393.96,3358.632
2007-04-16,3362.733,3458.067
2007-04-17,3482.358,3558.216
2007-04-18,3572.699,3649.714
2007-04-19,3642.852,3435.78
2007-04-20,3456.738,3614.391
2007-04-23,3667.553,3782.256
2007-04-24,3813.532,3821.416
2007-04-25,3802.688,3805.046
2007-04-26,3814.918,3853.269
2007-04-27,3861.055,3845.813
2007-04-30,3831.55,3903.689
2007-05-08,3990.71,4091.133
2007-05-09,4107.553,4099.126
2007-05-10,4103.573,4128.081
2007-05-11,4101.649,4109.403
2007-05-14,4051.84,4133.826
2007-05-15,4140.326,3998.777
2007-05-16,3981.822,4118.139
2007-05-17,4146.324,4221.913
2007-05-18,4219.607,4235.185
2007-05-21,4089.854,4364.156
2007-05-22,4402.925,4459.813
2007-05-23,4486.022,4582.306
2007-05-24,4606.15,4571.714
2007-05-25,4559.429,4649.857
2007-05-28,4707.693,4761.701
2007-05-29,4782.412,4853.643
2007-05-30,4486.506,4456.279
2007-05-31,4329.809,4267.781
2007-06-01,4260.768,3960.442
2007-06-04,3901.789,3618.688
2007-06-05,3430.55,3659.941
2007-06-06,3676.691,3736.931
2007-06-07,3751.669,3936.766
2007-06-08,3970.279,4002.868
2007-06-11,4057.166,4104.551
2007-06-12,4138.33,4218.436
2007-06-13,4263.624,4372.53
2007-06-14,4365.982,4311.975
2007-06-15,4262.75,4316.53
2007-06-18,4400.395,4439.185
2007-06-19,4446.695,4529.033
2007-06-20,4539.579,4396.218
2007-06-21,4372.354,4374.488
2007-06-22,4376.381,4123.215
2007-06-25,4139.283,3851.944
2007-06-26,3739.191,3928.703
2007-06-27,3944.36,4022.313
2007-06-28,4017.175,3757.978
2007-06-29,3636.306,3585.486
2007-07-02,3571.722,3644.79
2007-07-03,3675.355,3704.706
2007-07-04,3711.611,3622.518
2007-07-05,3562.278,3380.179
2007-07-06,3359.092,3591.377
2007-07-09,3627.978,3711.714
2007-07-10,3704.877,3606.187
2007-07-11,3581.905,3653.311
2007-07-12,3659.396,3671.175
2007-07-13,3671.463,3655.845
2007-07-16,3654.863,3532.064
2007-07-17,3514.279,3610.382
2007-07-18,3601.286,3624.341
2007-07-19,3615.967,3640.282
2007-07-20,3642.334,3788.744
2007-07-23,3813.978,3984.788
2007-07-24,4012.795,3993.019
2007-07-25,3991.352,4106.826
2007-07-26,4135.064,4190.881
2007-07-27,4171.894,4269.767
2007-07-30,4279.041,4353.092
2007-07-31,4349.61,4403.584
2007-08-01,4423.042,4161.135
2007-08-02,4181.491,4336.811
2007-08-03,4376.961,4408.047
2007-08-06,4446.206,4504.344
2007-08-07,4510.079,4470.142
2007-08-08,4435.79,4395.427
2007-08-09,4392.991,4442.06
2007-08-10,4443.122,4348.811
2007-08-13,4343.733,4329.765
2007-08-14,4329.947,4436.206
2007-08-15,4448.922,4412.795
2007-08-16,4396.902,4438.959
2007-08-17,4422.648,4390.883
2007-08-20,4475.399,4570.571
2007-08-21,4598.379,4625.28
2007-08-22,4566.175,4685.058
2007-08-23,4708.668,4733.839
2007-08-24,4752.304,4742.953
2007-08-27,4802.428,4724.544
2007-08-28,4706.027,4729.791
2007-08-29,4711.043,4701.439
2007-08-30,4721.387,4843.707
2007-08-31,4871.995,4897.636
2007-09-03,4941.979,5008.833
2007-09-04,5032.546,4980.529
2007-09-05,4985.498,5010.729
2007-09-06,5036.055,5065.515
2007-09-07,5036.791,4939.231
2007-09-10,4881.124,5038.941
2007-09-11,5041.229,4718.312
2007-09-12,4692.405,4770.769
2007-09-13,4788.871,4872.661
2007-09-14,4892.23,4936.694
2007-09-17,4926.836,5047.597
2007-09-18,5068.11,5096.239
2007-09-19,5106.86,5029.101
2007-09-20,5043.424,5079.078
2007-09-21,5093.255,5028.843
2007-09-24,5040.301,5054.73
2007-09-25,5054.473,5013.06
2007-09-26,5010.219,4932.521
2007-09-27,4934.369,4972.716
2007-09-28,5009.905,5083.65
2007-10-08,5169.235,5088.596
2007-10-09,5089.641,5141.892
2007-10-10,5157.894,5109.1
2007-10-11,5110.683,5005.498
2007-10-12,5005.562,4891.386
2007-10-15,4896.829,4890.596
2007-10-16,4898.385,4943.559
2007-10-17,4942.829,4929.536
2007-10-18,4923.337,4814.462
2007-10-19,4831.987,4813.952
2007-10-22,4775.677,4688.292
2007-10-23,4689.109,4688.722
2007-10-24,4700.002,4596.635
2007-10-25,4564.339,4251.497
2007-10-26,4196.252,4228.946
2007-10-29,4251.173,4288.789
2007-10-30,4303.702,4388.327
2007-10-31,4422.602,4550.183
2007-11-01,4557.644,4431.099
2007-11-02,4372.868,4329.631
2007-11-05,4306.725,4361.872
2007-11-06,4365.138,4395.011
2007-11-07,4404.773,4385.856
2007-11-08,4373.628,4205.65
2007-11-09,4174.465,4153.236
2007-11-12,4090.908,4098.556
2007-11-13,4121.09,4114.509
2007-11-14,4149.889,4263.995
2007-11-15,4258.373,4210.704
2007-11-16,4175.57,4217.228
2007-11-19,4228.578,4313.28
2007-11-20,4305.544,4371.676
2007-11-21,4381.336,4308.422
2007-11-22,4254.814,4113.309
2007-11-23,4084.577,4193.98
2007-11-26,4238.577,4151.876
2007-11-27,4130.098,4108.951
2007-11-28,4118.447,4078.041
2007-11-29,4108.442,4185.267
2007-11-30,4189.253,4122.932
2007-12-03,4113.205,4170.263
2007-12-04,4174.788,4194.015
2007-12-05,4190.476,4273.045
2007-12-06,4281.896,4291.068
2007-12-07,4295.293,4362.22
2007-12-10,4304.749,4483.831
2007-12-11,4495.497,4534.937
2007-12-12,4520.926,4544.681
2007-12-13,4533.088,4402.636
2007-12-14,4359.809,4499.53
2007-12-17,4512.376,4506.042
2007-12-18,4489.419,4467.812
2007-12-19,4490.767,4565.622
2007-12-20,4576.093,4621.393
2007-12-21,4603.763,4691.533
2007-12-24,4724.165,4772.638
2007-12-25,4780.467,4815.209
2007-12-26,4829.593,4912.841
2007-12-27,4933.731,4963.453
2007-12-28,4972.076,4947.603
2008-01-02,4963.052,5123.934
2008-01-03,5129.048,5230.749
2008-01-04,5241.089,5243.032
2008-01-07,5237.939,5347.806
2008-01-08,5358.806,5200.552
2008-01-09,5176.268,5356.482
2008-01-10,5372.82,5382.326
2008-01-11,5385.905,5376.797
2008-01-14,5382.734,5445.102
2008-01-15,5451.637,5487.088
2008-01-16,5461.878,5412.911
2008-01-17,5380.823,5270.956
2008-01-18,5268.895,5317.448
2008-01-21,5331.667,5097.226
2008-01-22,4976.79,4661.826
2008-01-23,4662.708,4912.058
2008-01-24,4951.376,5080.926
2008-01-25,5081.314,5096.69
2008-01-28,5073.628,4740.501
2008-01-29,4757.19,4840.636
2008-01-30,4878.399,4851.426
2008-01-31,4839.403,4663.415
2008-02-01,4653.538,4456.927
2008-02-04,4570.111,4820.387
2008-02-05,4818.542,4838.995
2008-02-13,4798.568,4813.581
2008-02-14,4842.943,4910.358
2008-02-15,4884.365,4886.016
2008-02-18,4953.026,5043.144
2008-02-19,5054.611,5133.361
2008-02-20,5152.281,5089.439
2008-02-21,5068.026,5153.601
2008-02-22,5140.122,5029.198
2008-02-25,5038.627,4869.654
2008-02-26,4974.708,4868.814
2008-02-27,4880.163,4977.335
2008-02-28,4986.443,4989.412
2008-02-29,4984.396,5057.617
2008-03-03,5044.941,5227.732
2008-03-04,5246.414,5192.593
2008-03-05,5171.783,5214.238
2008-03-06,5229.782,5223.82
2008-03-07,5194.659,5115.916
2008-03-10,5081.109,4948.353
2008-03-11,4906.144,5015.932
2008-03-12,5095.972,4881.03
2008-03-13,4829.236,4688.679
2008-03-14,4665.829,4662.316
2008-03-17,4641.921,4302.614
2008-03-18,4237.304,3986.319
2008-03-19,4064.996,4176.486
2008-03-20,4112.704,4347.743
2008-03-21,4347.273,4405.856
2008-03-24,4459.507,4314.581
2008-03-25,4233.951,4367.341
2008-03-26,4383.73,4352.053
2008-03-27,4298.387,4119.785
2008-03-28,4072.038,4241.452
2008-03-31,4129.928,4044.098
2008-04-01,4024.439,3704.273
2008-04-02,3725.188,3500.522
2008-04-03,3469.785,3588.762
2008-04-07,3544.31,3822.371
2008-04-08,3832.917,3908.802
2008-04-09,3887.992,3695.306
2008-04-10,3639.608,3803.456
2008-04-11,3831.043,3862.363
2008-04-14,3778.689,3607.218
2008-04-15,3588.234,3723.267
2008-04-16,3717.125,3633.675
2008-04-17,3632.825,3511.914
2008-04-18,3483.855,3338.274
2008-04-21,3578.8,3314.506
2008-04-22,3264.662,3266.383
2008-04-23,3238.46,3409.774
2008-04-24,3692.553,3723.071
2008-04-25,3716.508,3756.33
2008-04-28,3696.934,3729.562
2008-04-29,3714.788,3759.545
2008-04-30,3771.193,3903.178
2008-05-05,3943.198,4040.159
2008-05-06,4015.554,4024.99
2008-05-07,4001.592,3850.226
2008-05-08,3805.335,3985.197
2008-05-09,4014.165,3986.24
2008-05-12,3926.052,4069.145
2008-05-13,3944.543,4078.877
2008-05-14,4076.875,4168.486
2008-05-15,4186.746,4131.252
2008-05-16,4126.646,4071.91
2008-05-19,4059.283,4070.049
2008-05-20,4070.795,3813.935
2008-05-21,3757.059,3908.772
2008-05-22,3866.701,3871.553
2008-05-23,3857.221,3829.645
2008-05-26,3804.296,3728.751
2008-05-27,3712.762,3743.539
2008-05-28,3749.602,3847.258
2008-05-29,3839.544,3749.216
2008-05-30,3744.25,3755.631
2008-06-02,3747.588,3788.153
2008-06-03,3789.035,3771.097
2008-06-04,3759.875,3704.078
2008-06-05,3690.86,3657.487
2008-06-06,3662.054,3629.923
2008-06-10,3487.048,3312.794
2008-06-11,3250.439,3226.923
2008-06-12,3209.919,3197.545
2008-06-13,3202.264,3045.105
2008-06-16,3041.695,2977.818
2008-06-17,2974.088,2791.289
2008-06-18,2767.804,2951.844
2008-06-19,2927.164,2702.801
2008-06-20,2718.781,2764.28
2008-06-23,2726.448,2717.969
2008-06-24,2708.777,2806.774
2008-06-25,2805.59,2966.895
2008-06-26,2965.46,3003.302
2008-06-27,2902.015,2792.705
2008-06-30,2762.342,2813.716
2008-07-01,2819.534,2765.064
2008-07-02,2768.722,2811.225
2008-07-03,2776.92,2941.521
2008-07-04,2931.845,2941.085
2008-07-07,2948.69,3094.845
2008-07-08,3101.294,3142.32
2008-07-09,3148.607,3226.147
2008-07-10,3186.586,3152.489
2008-07-11,3133.685,3132.733
2008-07-14,3111.58,3198.352
2008-07-15,3208.548,3106.326
2008-07-16,3072.408,2948.526
2008-07-17,2991.352,2918.369
2008-07-18,2935.645,3015.798
2008-07-21,3002.464,3139.509
2008-07-22,3138.764,3150.015
2008-07-23,3161.21,3122.687
2008-07-24,3137.443,3200.735
2008-07-25,3167.896,3172.168
2008-07-28,3190.279,3215.846
2008-07-29,3179.777,3150.0
2008-07-30,3184.226,3132.766
2008-07-31,3139.785,3017.217
2008-08-01,3000.999,3063.812
2008-08-04,3044.143,2990.168
2008-08-05,2988.336,2897.725
2008-08-06,2913.872,2904.186
2008-08-07,2899.845,2923.745
2008-08-08,2924.929,2711.964
2008-08-11,2699.085,2508.59
2008-08-12,2467.682,2473.417
2008-08-13,2454.885,2472.3
2008-08-14,2458.797,2483.696
2008-08-15,2478.155,2473.717
2008-08-18,2479.392,2289.296
2008-08-19,2255.716,2327.019
2008-08-20,2316.681,2520.737
2008-08-21,2484.825,2431.101
2008-08-22,2412.878,2382.523
2008-08-25,2379.207,2374.06
2008-08-26,2347.81,2244.993
2008-08-27,2230.151,2237.867
2008-08-28,2232.711,2236.824
2008-08-29,2242.164,2307.158
2008-09-01,2290.41,2238.047
2008-09-02,2224.8,2253.773
2008-09-03,2246.729,2237.28
2008-09-04,2233.114,2254.688
2008-09-05,2193.565,2148.741
2008-09-08,2146.755,2039.889
2008-09-09,2044.301,2057.561
2008-09-10,2044.032,2072.808
2008-09-11,2068.175,2034.247
2008-09-12,2032.355,2038.66
2008-09-16,2036.379,1993.461
2008-09-17,1988.783,1956.035
2008-09-18,1915.318,1899.323
2008-09-19,2072.614,2086.826
2008-09-22,2213.527,2182.792
2008-09-23,2108.509,2042.197
2008-09-24,2006.013,2088.549
2008-09-25,2091.387,2138.065
2008-09-26,2144.516,2136.001
2008-10-06,2092.351,2054.042
2008-10-07,1994.02,2046.191
2008-10-08,2005.913,1995.61
2008-10-09,2034.554,1969.815
2008-10-10,1901.029,1837.404
2008-10-13,1814.538,1872.947
2008-10-14,1932.081,1816.32
2008-10-15,1801.393,1806.791
2008-10-16,1741.122,1704.565
2008-10-17,1717.579,1726.4
2008-10-20,1725.557,1786.564
2008-10-21,1793.655,1782.664
2008-10-22,1765.615,1748.84
2008-10-23,1716.298,1766.59
2008-10-24,1764.811,1741.181
2008-10-27,1711.822,1604.758
2008-10-28,1570.987,1642.055
2008-10-29,1662.038,1576.931
2008-10-30,1585.517,1590.226
2008-10-31,1590.45,1562.022
2008-11-03,1553.878,1539.795
2008-11-04,1533.754,1513.495
2008-11-05,1519.801,1563.369
2008-11-06,1530.03,1536.598
2008-11-07,1512.977,1561.221
2008-11-10,1585.294,1676.277
2008-11-11,1671.24,1662.848
2008-11-12,1648.085,1704.226
2008-11-13,1686.073,1784.497
2008-11-14,1802.246,1867.485
2008-11-17,1864.308,1959.072
2008-11-18,1949.213,1816.285
2008-11-19,1803.408,1944.327
2008-11-20,1916.873,1948.681
2008-11-21,1890.984,1921.04
2008-11-24,1920.549,1842.344
2008-11-25,1869.016,1827.642
2008-11-26,1825.338,1834.774
2008-11-27,1961.974,1861.518
2008-11-28,1845.296,1841.45
2008-12-01,1836.417,1919.475
2008-12-02,1878.347,1957.322
2008-12-03,1972.398,2039.927
2008-12-04,2062.643,2037.723
2008-12-05,2024.414,2098.656
2008-12-08,2128.684,2190.532
2008-12-09,2196.028,2134.58
2008-12-10,2123.036,2195.743
2008-12-11,2195.483,2127.183
2008-12-12,2107.475,2031.992
2008-12-15,2063.91,2073.029
2008-12-16,2058.666,2110.244
2008-12-17,2117.65,2136.309
2008-12-18,2135.679,2175.357
2008-12-19,2175.756,2194.994
2008-12-22,2196.389,2193.475
2008-12-23,2197.793,2054.535
2008-12-24,2020.957,2010.104
2008-12-25,2015.958,2003.488
2008-12-26,2006.134,1983.757
2008-12-29,1977.214,1984.755
2008-12-30,1983.457,1971.466
2008-12-31,1973.413,1939.433
2009-01-05,1969.631,2020.243
2009-01-06,2016.869,2091.892
2009-01-07,2092.737,2104.922
2009-01-08,2069.216,2052.3
2009-01-09,2050.322,2107.766
2009-01-12,2105.154,2137.841
2009-01-13,2116.109,2081.672
2009-01-14,2078.453,2160.064
2009-01-15,2143.046,2181.061
2009-01-16,2192.032,2195.634
2009-01-19,2209.131,2192.807
2009-01-20,2188.611,2214.839
2009-01-21,2187.182,2217.626
2009-01-22,2232.81,2256.367
2009-01-23,2253.321,2238.082
2009-02-02,2258.512,2306.769
2009-02-03,2307.886,2369.654
2009-02-04,2380.624,2423.887
2009-02-05,2421.363,2384.764
2009-02-06,2390.242,2493.74
2009-02-09,2528.801,2579.228
2009-02-10,2564.755,2653.213
2009-02-11,2609.007,2658.05
2009-02-12,2666.491,2707.922
2009-02-13,2714.637,2805.01
2009-02-16,2833.286,2854.444
2009-02-17,2844.215,2738.58
2009-02-18,2676.806,2632.908
2009-02-19,2661.601,2687.489
2009-02-20,2694.784,2776.955
2009-02-23,2769.626,2871.792
2009-02-24,2838.24,2754.24
2009-02-25,2780.335,2771.098
2009-02-26,2769.243,2571.276
2009-02-27,2528.597,2416.949
2009-03-02,2385.838,2478.808
2009-03-03,2416.107,2499.826
2009-03-04,2508.268,2651.405
2009-03-05,2680.324,2671.575
2009-03-06,2621.228,2653.469
2009-03-09,2661.954,2536.01
2009-03-10,2505.93,2601.417
2009-03-11,2646.61,2587.371
2009-03-12,2572.389,2597.232
2009-03-13,2606.879,2569.629
2009-03-16,2563.022,2603.058
2009-03-17,2608.228,2699.594
2009-03-18,2711.166,2734.547
2009-03-19,2737.375,2797.155
2009-03-20,2799.794,2784.106
2009-03-23,2784.889,2843.879
2009-03-24,2871.44,2865.333
2009-03-25,2849.916,2785.664
2009-03-26,2784.891,2853.411
2009-03-27,2871.391,2877.88
2009-03-30,2880.534,2883.214
2009-03-31,2825.931,2914.128
2009-04-01,2924.393,2962.839
2009-04-02,2972.739,2965.735
2009-04-03,2983.219,2934.253
2009-04-07,2941.389,2968.519
2009-04-08,2959.809,2867.168
2009-04-09,2862.107,2915.024
2009-04-10,2932.013,3009.376
2009-04-13,3030.701,3050.372
2009-04-14,3047.771,3099.429
2009-04-15,3084.043,3143.821
2009-04-16,3151.003,3159.26
2009-04-17,3152.36,3119.419
2009-04-20,3111.474,3205.884
2009-04-21,3173.533,3205.076
2009-04-22,3219.339,3042.638
2009-04-23,3013.086,3059.709
2009-04-24,3070.352,3036.761
2009-04-27,3034.238,2916.114
2009-04-28,2900.089,2959.952
2009-04-29,2963.206,3040.04
2009-04-30,3051.14,3086.217
2009-05-04,3096.389,3190.254
2009-05-05,3208.273,3220.615
2009-05-06,3215.6,3264.579
2009-05-07,3278.985,3242.626
2009-05-08,3227.217,3257.588
2009-05-11,3269.022,3134.573
2009-05-12,3105.859,3212.139
2009-05-13,3215.968,3234.151
2009-05-14,3211.21,3246.557
2009-05-15,3255.449,3270.738
2009-05-18,3265.005,3295.651
2009-05-19,3313.908,3325.531
2009-05-20,3328.121,3306.474
2009-05-21,3288.24,3247.475
2009-05-22,3235.413,3254.534
2009-05-25,3176.158,3271.501
2009-05-26,3274.63,3274.849
2009-05-27,3287.989,3276.748
2009-06-01,3302.004,3332.337
2009-06-02,3346.072,3353.922
2009-06-03,3351.778,3380.188
2009-06-04,3373.381,3375.873
2009-06-05,3379.92,3355.778
2009-06-08,3355.911,3350.238
2009-06-09,3347.856,3366.911
2009-06-10,3373.029,3403.208
2009-06-11,3399.551,3382.997
2009-06-12,3376.595,3309.587
2009-06-15,3303.739,3356.714
2009-06-16,3330.628,3349.35
2009-06-17,3346.653,3403.962
2009-06-18,3410.629,3431.281
2009-06-19,3433.201,3434.055
2009-06-22,3451.866,3405.13
2009-06-23,3365.241,3392.112
2009-06-24,3394.77,3431.444
2009-06-25,3435.002,3427.473
2009-06-26,3433.725,3448.461
2009-06-29,3451.778,3476.788
2009-06-30,3483.578,3452.263
2009-07-01,3446.446,3503.754
2009-07-02,3516.309,3540.509
2009-07-03,3519.695,3584.858
2009-07-06,3593.624,3592.64
2009-07-07,3588.669,3589.187
2009-07-08,3567.591,3633.433
2009-07-09,3637.388,3701.79
2009-07-10,3706.56,3719.97
2009-07-13,3711.447,3754.344
2009-07-14,3762.319,3813.876
2009-07-15,3824.326,3848.632
2009-07-16,3860.68,3829.207
2009-07-17,3827.252,3852.863
2009-07-20,3863.472,3919.426
2009-07-21,3922.109,3824.288
2009-07-22,3817.865,3894.563
2009-07-23,3900.015,3933.113
2009-07-24,3945.237,3907.967
2009-07-27,3918.267,3972.644
2009-07-28,3974.006,4022.91
2009-07-29,4013.033,3764.64
2009-07-30,3773.148,3803.124
2009-07-31,3826.193,3928.584
2009-08-03,3944.697,4020.266
2009-08-04,4024.681,4069.346
2009-08-05,4065.426,4069.338
2009-08-06,4040.222,4015.421
2009-08-07,4008.225,3893.125
2009-08-10,3935.045,3933.047
2009-08-11,3946.151,3953.293
2009-08-12,3944.344,3770.137
2009-08-13,3772.668,3778.14
2009-08-14,3780.394,3609.698
2009-08-17,3558.321,3358.103
2009-08-18,3326.866,3424.775
2009-08-19,3427.099,3247.526
2009-08-20,3247.209,3374.351
2009-08-21,3366.461,3468.042
2009-08-24,3472.493,3541.804
2009-08-25,3523.815,3485.924
2009-08-26,3466.215,3595.115
2009-08-27,3585.368,3629.513
2009-08-28,3615.075,3531.41
2009-08-31,3477.116,3277.997
2009-09-01,3242.929,3245.274
2009-09-02,3229.021,3265.074
2009-09-03,3266.18,3427.442
2009-09-04,3422.954,3489.063
2009-09-07,3503.003,3527.254
2009-09-08,3505.443,3592.806
2009-09-09,3598.014,3613.41
2009-09-10,3598.266,3581.683
2009-09-11,3567.62,3641.816
2009-09-14,3653.469,3736.576
2009-09-15,3742.445,3775.213
2009-09-16,3764.567,3781.064
2009-09-17,3785.245,3868.667
2009-09-18,3879.099,3739.732
2009-09-21,3704.171,3804.331
2009-09-22,3793.79,3708.199
2009-09-23,3693.032,3595.706
2009-09-24,3572.481,3568.669
2009-09-25,3555.468,3536.811
2009-09-28,3546.341,3434.655
2009-09-29,3430.289,3372.074
2009-09-30,3396.927,3400.623
2009-10-09,3456.082,3576.444
2009-10-12,3586.041,3597.863
2009-10-13,3591.615,3659.081
2009-10-14,3668.372,3692.648
2009-10-15,3711.101,3704.404
2009-10-16,3712.918,3716.897
2009-10-19,3719.532,3808.181
2009-10-20,3827.626,3865.832
2009-10-21,3859.512,3839.947
2009-10-22,3827.181,3855.768
2009-10-23,3858.449,3908.435
2009-10-26,3914.608,3911.653
2009-10-27,3884.564,3807.976
2009-10-28,3794.993,3846.415
2009-10-29,3786.725,3777.505
2009-10-30,3823.8,3827.683
2009-11-02,3754.943,3955.783
2009-11-03,3970.452,4053.212
2009-11-04,4057.024,4083.482
2009-11-05,4082.874,4125.781
2009-11-06,4147.832,4145.137
2009-11-09,4148.431,4176.188
2009-11-10,4193.656,4182.77
2009-11-11,4172.664,4199.549
2009-11-12,4203.618,4213.245
2009-11-13,4200.666,4267.008
2009-11-16,4295.723,4364.973
2009-11-17,4381.99,4387.552
2009-11-18,4386.132,4406.779
2009-11-19,4412.098,4476.138
2009-11-20,4462.577,4508.293
2009-11-23,4516.278,4591.339
2009-11-24,4607.034,4347.657
2009-11-25,4333.701,4512.08
2009-11-26,4519.132,4328.408
2009-11-27,4262.567,4215.338
2009-11-30,4251.955,4405.328
2009-12-01,4405.731,4525.288
2009-12-02,4547.98,4591.384
2009-12-03,4582.261,4621.941
2009-12-04,4614.683,4506.082
2009-12-07,4508.626,4581.242
2009-12-08,4584.16,4571.764
2009-12-09,4524.624,4498.152
2009-12-10,4517.704,4536.557
2009-12-11,4546.61,4534.763
2009-12-14,4533.364,4513.594
2009-12-15,4507.158,4523.493
2009-12-16,4509.822,4506.039
2009-12-17,4506.367,4364.926
2009-12-18,4318.065,4203.48
2009-12-21,4195.117,4256.389
2009-12-22,4260.744,4136.822
2009-12-23,4132.155,4210.173
2009-12-24,4213.821,4345.296
2009-12-25,4342.35,4376.193
2009-12-28,4388.778,4447.205
2009-12-29,4451.928,4463.604
2009-12-30,4459.723,4446.067
2009-12-31,4444.248,4485.255
2010-01-04,4508.93,4510.527
2010-01-05,4513.403,4557.475
2010-01-06,4553.369,4550.279
2010-01-07,4540.009,4459.155
2010-01-08,4439.206,4514.452
2010-01-11,4549.318,4542.949
2010-01-12,4535.304,4639.632
2010-01-13,4544.429,4591.024
2010-01-14,4598.405,4714.1
2010-01-15,4720.217,4747.648
2010-01-18,4744.325,4829.062
2010-01-19,4835.827,4830.016
2010-01-20,4830.421,4651.074
2010-01-21,4646.622,4667.209
2010-01-22,4613.193,4537.88
2010-01-25,4515.131,4481.16
2010-01-26,4467.521,4294.383
2010-01-27,4290.736,4267.113
2010-01-28,4266.056,4336.381
2010-01-29,4316.237,4374.649
2010-02-01,4366.489,4331.366
2010-02-02,4344.037,4301.768
2010-02-03,4299.966,4363.079
2010-02-04,4342.68,4408.441
2010-02-05,4312.549,4311.293
2010-02-08,4299.251,4310.894
2010-02-09,4300.32,4311.891
2010-02-10,4333.854,4366.25
2010-02-11,4367.721,4356.517
2010-02-12,4365.619,4416.219
2010-02-22,4412.553,4419.547
2010-02-23,4414.055,4459.155
2010-02-24,4438.395,4556.281
2010-02-25,4565.744,4629.965
2010-02-26,4618.639,4634.671
2010-03-01,4635.953,4686.266
2010-03-02,4692.606,4690.293
2010-03-03,4690.436,4758.434
2010-03-04,4763.637,4586.523
2010-03-05,4590.886,4604.586
2010-03-08,4618.857,4654.583
2010-03-09,4653.062,4660.126
2010-03-10,4659.5,4598.994
2010-03-11,4594.501,4562.872
2010-03-12,4561.609,4492.861
2010-03-15,4485.875,4454.76
2010-03-16,4453.812,4491.465
2010-03-17,4500.427,4616.053
2010-03-18,4627.998,4630.953
2010-03-19,4632.05,4663.903
2010-03-22,4669.413,4690.198
2010-03-23,4690.273,4658.626
2010-03-24,4662.987,4683.065
2010-03-25,4675.222,4620.749
2010-03-26,4609.752,4686.931
2010-03-29,4701.789,4723.611
2010-03-30,4720.577,4744.423
2010-03-31,4744.344,4756.157
2010-04-01,4756.298,4827.214
2010-04-02,4833.81,4843.175
2010-04-06,4853.328,4852.904
2010-04-07,4851.831,4863.639
2010-04-08,4856.411,4864.922
2010-04-09,4866.519,4939.176
2010-04-12,4948.103,4976.38
2010-04-13,4977.757,4919.873
2010-04-14,4910.701,4977.508
2010-04-15,4975.078,4914.747
2010-04-16,4900.6,4898.67
2010-04-19,4850.863,4688.836
2010-04-20,4680.197,4749.934
2010-04-21,4753.118,4893.978
2010-04-22,4881.255,4902.405
2010-04-23,4892.037,4864.164
2010-04-26,4868.725,4866.553
2010-04-27,4852.193,4739.269
2010-04-28,4682.326,4714.432
2010-04-29,4730.49,4561.4
2010-04-30,4540.652,4438.681
2010-05-04,4353.452,4434.131
2010-05-05,4388.503,4564.807
2010-05-06,4557.446,4419.781
2010-05-07,4313.653,4350.758
2010-05-10,4346.702,4269.108
2010-05-11,4350.771,4144.352
2010-05-12,4100.604,4042.516
2010-05-13,4042.315,4157.842
2010-05-14,4129.892,4184.841
2010-05-17,4125.661,3915.752
2010-05-18,3894.094,3972.154
2010-05-19,3946.148,3977.377
2010-05-20,3941.61,3901.257
2010-05-21,3787.15,3982.385
2010-05-24,4016.351,4163.477
2010-05-25,4134.931,4133.346
2010-05-26,4117.49,4144.662
2010-05-27,4133.325,4218.637
2010-05-28,4254.849,4235.322
2010-05-31,4214.623,4104.364
2010-06-01,4059.415,4025.789
2010-06-02,4004.128,4083.616
2010-06-03,4099.855,4053.985
2010-06-04,4025.277,4089.035
2010-06-07,4000.65,4072.568
2010-06-08,4064.784,4109.317
2010-06-09,4124.807,4211.881
2010-06-10,4191.293,4223.566
2010-06-11,4239.059,4197.995
2010-06-17,4221.599,4145.243
2010-06-18,4131.677,3972.286
2010-06-21,3960.25,4087.017
2010-06-22,4081.642,4119.722
2010-06-23,4098.259,4094.568
2010-06-24,4090.974,4095.295
2010-06-25,4079.192,4028.433
2010-06-28,4023.107,3961.382
2010-06-29,3960.676,3736.982
2010-06-30,3699.181,3664.464
2010-07-01,3657.956,3606.593
2010-07-02,3600.76,3585.576
2010-07-05,3535.741,3563.882
2010-07-06,3556.19,3665.334
2010-07-07,3672.15,3718.662
2010-07-08,3729.238,3698.342
2010-07-09,3699.313,3807.604
2010-07-12,3809.747,3849.52
2010-07-13,3816.463,3788.751
2010-07-14,3795.211,3824.046
2010-07-15,3817.178,3735.395
2010-07-16,3713.659,3757.432
2010-07-19,3718.13,3842.313
2010-07-20,3849.042,3951.358
2010-07-21,3953.773,3959.427
2010-07-22,3947.994,4017.864
2010-07-23,4020.914,4015.467
2010-07-26,4023.064,4071.094
2010-07-27,4062.251,4068.864
2010-07-28,4061.019,4162.321
2010-07-29,4170.762,4194.04
2010-07-30,4181.218,4191.13
2010-08-02,4192.66,4267.895
2010-08-03,4277.27,4193.641
2010-08-04,4178.191,4248.014
2010-08-05,4247.05,4267.955
2010-08-06,4260.63,4356.012
2010-08-09,4357.182,4413.568
2010-08-10,4412.268,4246.46
2010-08-11,4230.353,4297.904
2010-08-12,4248.984,4241.592
2010-08-13,4240.495,4323.052
2010-08-16,4322.02,4423.315
2010-08-17,4436.376,4457.759
2010-08-18,4462.578,4457.127
2010-08-19,4456.274,4461.488
2010-08-20,4442.693,4366.604
2010-08-23,4363.169,4404.718
2010-08-24,4401.523,4456.497
2010-08-25,4428.36,4368.304
2010-08-26,4376.923,4399.284
2010-08-27,4393.99,4431.444
2010-08-30,4453.05,4553.023
2010-08-31,4541.767,4589.289
2010-09-01,4595.208,4530.229
2010-09-02,4562.431,4625.395
2010-09-03,4632.26,4662.96
2010-09-06,4682.262,4651.963
2010-09-07,4650.949,4679.942
2010-09-08,4660.898,4720.375
2010-09-09,4730.861,4658.009
2010-09-10,4655.704,4705.31
2010-09-13,4713.062,4789.693
2010-09-14,4796.464,4805.416
2010-09-15,4802.611,4730.143
2010-09-16,4721.555,4610.916
2010-09-17,4616.572,4603.489
2010-09-20,4608.853,4553.12
2010-09-21,4561.669,4546.724
2010-09-27,4570.608,4673.602
2010-09-28,4672.15,4654.345
2010-09-29,4648.162,4590.317
2010-09-30,4564.812,4660.605
2010-10-08,4696.379,4767.967
2010-10-11,4784.653,4789.155
2010-10-12,4772.91,4806.029
2010-10-13,4808.389,4836.737
2010-10-14,4842.689,4679.548
2010-10-15,4654.273,4691.45
2010-10-18,4699.028,4636.639
2010-10-19,4637.959,4778.607
2010-10-20,4682.654,4794.194
2010-10-21,4805.704,4833.8
2010-10-22,4837.328,4877.927
2010-10-25,4894.852,4998.5
2010-10-26,5010.024,5046.148
2010-10-27,5046.211,4994.774
2010-10-28,4978.536,4999.59
2010-10-29,5005.657,5055.492
2010-11-01,5072.758,5199.525
2010-11-02,5211.466,5173.066
2010-11-03,5165.912,5098.539
2010-11-04,5104.775,5228.296
2010-11-05,5274.568,5311.77
2010-11-08,5338.512,5431.091
2010-11-09,5435.364,5467.839
2010-11-10,5459.4,5484.742
2010-11-11,5462.758,5440.099
2010-11-12,5411.866,5111.189
2010-11-15,5117.16,5255.267
2010-11-16,5259.513,5068.465
2010-11-17,4989.798,4855.85
2010-11-18,4885.909,4932.401
2010-11-19,4959.062,5081.03
2010-11-22,5049.463,5150.665
2010-11-23,5129.372,5063.237
2010-11-24,5022.128,5206.149
2010-11-25,5228.268,5259.81
2010-11-26,5255.255,5227.648
2010-11-29,5214.449,5248.747
2010-11-30,5238.5,5110.875
2010-12-01,5090.402,5116.837
2010-12-02,5175.258,5138.487
2010-12-03,5135.826,5100.366
2010-12-06,5103.86,5016.528
2010-12-07,4999.589,5084.583
2010-12-08,5077.549,5069.97
2010-12-09,5047.044,4964.901
2010-12-10,4944.929,5039.165
2010-12-13,5063.009,5179.021
2010-12-14,5194.939,5244.038
2010-12-15,5244.803,5230.68
2010-12-16,5219.084,5216.851
2010-12-17,5212.136,5228.337
2010-12-20,5246.417,5163.529
2010-12-21,5166.336,5222.792
2010-12-22,5225.766,5174.539
2010-12-23,5161.257,5069.523
2010-12-24,5046.942,4991.544
2010-12-27,4993.383,4849.63
2010-12-28,4820.824,4730.497
2010-12-29,4730.63,4812.532
2010-12-30,4810.442,4828.489
2010-12-31,4833.887,4936.716
2011-01-04,4964.214,5011.498
2011-01-05,4989.105,5028.766
2011-01-06,5026.331,5001.283
2011-01-07,4990.698,4975.144
2011-01-10,4966.563,4830.562
2011-01-11,4811.16,4804.822
2011-01-12,4813.485,4833.58
2011-01-13,4851.682,4826.757
2011-01-14,4816.662,4723.426
2011-01-17,4690.877,4519.913
2011-01-18,4502.064,4536.964
2011-01-19,4538.986,4646.087
2011-01-20,4637.773,4477.359
2011-01-21,4459.988,4506.322
2011-01-24,4506.61,4398.495
2011-01-25,4390.157,4341.909
2011-01-26,4339.862,4424.892
2011-01-27,4397.929,4502.808
2011-01-28,4497.829,4548.206
2011-01-31,4544.334,4610.86
2011-02-01,4612.399,4630.58
2011-02-09,4597.537,4609.717
2011-02-10,4604.844,4733.973
2011-02-11,4736.272,4786.806
2011-02-14,4792.853,4872.495
2011-02-15,4878.681,4869.687
2011-02-16,4860.888,4952.667
2011-02-17,4962.125,4987.48
2011-02-18,4977.22,4941.432
2011-02-21,4911.806,5042.967
2011-02-22,5052.357,4909.745
2011-02-23,4891.245,4979.057
2011-02-24,4976.341,5027.731
2011-02-25,5019.504,5032.797
2011-02-28,5040.223,5095.208
2011-03-01,5099.698,5122.441
2011-03-02,5099.475,5108.74
2011-03-03,5106.39,5009.047
2011-03-04,5005.555,5067.621
2011-03-07,5085.455,5138.248
2011-03-08,5135.355,5165.735
2011-03-09,5168.132,5181.368
2011-03-10,5174.026,5143.413
2011-03-11,5118.071,5139.746
2011-03-14,5127.142,5190.037
2011-03-15,5178.085,5131.332
2011-03-16,5122.271,5199.358
2011-03-17,5151.638,5104.134
2011-03-18,5133.772,5126.934
2011-03-21,5120.672,5086.108
2011-03-22,5093.408,5085.812
2011-03-23,5084.77,5155.337
2011-03-24,5159.198,5169.264
2011-03-25,5164.824,5212.345
2011-03-28,5223.068,5199.552
2011-03-29,5185.679,5111.153
2011-03-30,5101.114,5064.545
2011-03-31,5065.12,5000.402
2011-04-01,4999.764,5065.076
2011-04-06,5046.9,5057.84
2011-04-07,5056.088,5089.751
2011-04-08,5087.313,5148.799
2011-04-11,5157.067,5107.137
2011-04-12,5096.566,5114.459
2011-04-13,5098.644,5165.207
2011-04-14,5162.306,5150.869
2011-04-15,5143.297,5162.415
2011-04-18,5149.342,5178.894
2011-04-19,5149.656,5116.144
2011-04-20,5116.111,5152.395
2011-04-21,5169.623,5188.111
2011-04-22,5187.764,5165.123
2011-04-25,5152.071,5054.768
2011-04-26,5033.79,4970.572
2011-04-27,4977.952,4913.497
2011-04-28,4920.935,4755.416
2011-04-29,4749.531,4836.866
2011-05-03,4836.86,4920.57
2011-05-04,4900.436,4814.781
2011-05-05,4792.13,4827.212
2011-05-06,4787.522,4849.969
2011-05-09,4855.837,4889.92
2011-05-10,4893.953,4918.674
2011-05-11,4919.243,4929.488
2011-05-12,4896.335,4863.795
2011-05-13,4860.034,4902.564
2011-05-16,4900.004,4900.706
2011-05-17,4892.293,4873.954
2011-05-18,4859.321,4906.189
2011-05-19,4912.813,4879.892
2011-05-20,4875.08,4863.185
2011-05-23,4853.899,4679.527
2011-05-24,4656.012,4672.076
2011-05-25,4667.636,4618.748
2011-05-26,4635.946,4572.942
2011-05-27,4561.772,4428.894
2011-05-30,4402.999,4345.048
2011-05-31,4347.99,4444.276
2011-06-01,4439.386,4490.892
2011-06-02,4434.863,4429.999
2011-06-03,4425.488,4506.196
2011-06-07,4496.959,4547.303
2011-06-08,4542.698,4562.972
2011-06-09,4552.066,4456.73
2011-06-10,4442.511,4469.049
2011-06-13,4439.868,4468.787
2011-06-14,4466.99,4540.939
2011-06-15,4531.363,4499.694
2011-06-16,4461.257,4402.143
2011-06-17,4392.983,4337.367
2011-06-20,4325.604,4278.753
2011-06-21,4286.358,4338.422
2011-06-22,4341.356,4321.219
2011-06-23,4307.814,4402.938
2011-06-24,4390.09,4509.18
2011-06-27,4511.764,4568.189
2011-06-28,4569.757,4574.477
2011-06-29,4570.843,4511.545
2011-06-30,4506.748,4579.332
2011-07-01,4589.175,4604.746
2011-07-04,4617.952,4719.391
2011-07-05,4722.327,4749.424
2011-07-06,4742.166,4760.917
2011-07-07,4757.074,4761.452
2011-07-08,4755.751,4756.614
2011-07-11,4741.98,4799.42
2011-07-12,4762.094,4731.118
2011-07-13,4729.198,4825.419
2011-07-14,4833.752,4866.165
2011-07-15,4853.755,4896.043
2011-07-18,4902.222,4895.26
2011-07-19,4871.677,4843.705
2011-07-20,4864.276,4849.057
2011-07-21,4846.336,4784.388
2011-07-22,4791.455,4800.938
2011-07-25,4784.969,4613.73
2011-07-26,4604.987,4633.372
2011-07-27,4621.503,4710.379
2011-07-28,4670.916,4680.898
2011-07-29,4678.778,4628.32
2011-08-01,4622.697,4644.462
2011-08-02,4627.383,4610.783
2011-08-03,4565.755,4625.173
2011-08-04,4631.416,4649.425
2011-08-05,4504.078,4559.018
2011-08-08,4494.38,4330.771
2011-08-09,4199.126,4317.107
2011-08-10,4389.153,4378.698
2011-08-11,4283.237,4454.394
2011-08-12,4483.849,4505.886
2011-08-15,4514.646,4571.719
2011-08-16,4578.349,4533.321
2011-08-17,4520.685,4513.485
2011-08-18,4510.135,4436.101
2011-08-19,4341.185,4395.019
2011-08-22,4395.034,4363.959
2011-08-23,4376.262,4434.922
2011-08-24,4453.427,4427.978
2011-08-25,4432.405,4520.171
2011-08-26,4506.09,4530.423
2011-08-29,4509.894,4490.158
2011-08-30,4511.253,4451.726
2011-08-31,4449.678,4430.538
2011-09-01,4435.333,4395.069
2011-09-02,4387.301,4344.977
2011-09-05,4305.438,4238.069
2011-09-06,4205.087,4204.908
2011-09-07,4221.987,4306.361
2011-09-08,4320.53,4260.155
2011-09-09,4256.48,4233.748
2011-09-13,4176.302,4164.288
2011-09-14,4176.037,4212.129
2011-09-15,4215.371,4215.5
2011-09-16,4229.003,4214.816
2011-09-19,4200.475,4131.885
2011-09-20,4121.035,4151.851
2011-09-21,4150.817,4275.094
2011-09-22,4241.42,4151.8
2011-09-23,4079.06,4117.735
2011-09-26,4102.608,4051.425
2011-09-27,4077.227,4068.231
2011-09-28,4088.779,3999.782
2011-09-29,3977.135,3871.06
2011-09-30,3875.023,3856.828
2011-10-10,3866.855,3832.577
2011-10-11,3919.441,3817.927
2011-10-12,3803.959,3950.655
2011-10-13,3943.164,4001.853
2011-10-14,3994.733,3985.193
2011-10-17,3993.749,3997.121
2011-10-18,3974.464,3877.024
2011-10-19,3882.017,3854.169
2011-10-20,3841.263,3740.469
2011-10-21,3733.701,3671.695
2011-10-24,3675.716,3736.765
2011-10-25,3735.625,3842.978
2011-10-26,3818.236,3884.39
2011-10-27,3890.258,3888.992
2011-10-28,3932.852,3978.8
2011-10-31,3975.072,3999.362
2011-11-01,3963.37,3999.831
2011-11-02,3937.898,4072.781
2011-11-03,4085.502,4097.618
2011-11-04,4115.097,4131.13
2011-11-07,4125.02,4114.767
2011-11-08,4115.769,4057.555
2011-11-09,4065.198,4126.003
2011-11-10,4080.357,4064.371
2011-11-11,4069.401,4062.144
2011-11-14,4092.055,4159.567
2011-11-15,4159.16,4192.665
2011-11-16,4194.375,4088.323
2011-11-17,4086.506,4079.536
2011-11-18,4054.459,3963.258
2011-11-21,3956.393,3966.636
2011-11-22,3932.5,3957.93
2011-11-23,3964.142,3942.695
2011-11-24,3909.388,3935.273
2011-11-25,3931.095,3911.356
2011-11-28,3915.999,3915.298
2011-11-29,3945.356,3980.618
2011-11-30,3974.726,3819.942
2011-12-01,3923.165,3897.019
2011-12-02,3878.014,3817.041
2011-12-05,3806.467,3692.227
2011-12-06,3679.736,3691.804
2011-12-07,3689.05,3702.103
2011-12-08,3695.873,3700.089
2011-12-09,3672.591,3663.843
2011-12-12,3663.562,3616.087
2011-12-13,3597.092,3490.4
2011-12-14,3477.046,3423.474
2011-12-15,3401.499,3329.575
2011-12-16,3328.212,3427.214
2011-12-19,3408.564,3434.845
2011-12-20,3422.761,3424.448
2011-12-21,3449.369,3342.401
2011-12-22,3315.839,3298.724
2011-12-23,3286.448,3327.394
2011-12-26,3321.981,3308.072
2011-12-27,3297.413,3224.148
2011-12-28,3201.309,3207.399
2011-12-29,3190.193,3207.181
2011-12-30,3214.195,3266.775
2012-01-04,3290.819,3192.234
2012-01-05,3173.007,3074.368
2012-01-06,3060.446,3087.546
2012-01-09,3089.448,3212.904
2012-01-10,3211.573,3345.391
2012-01-11,3342.551,3346.742
2012-01-12,3330.897,3345.812
2012-01-13,3343.527,3233.701
2012-01-16,3201.011,3130.558
2012-01-17,3128.514,3304.88
2012-01-18,3310.036,3237.852
2012-01-19,3230.875,3270.765
2012-01-20,3276.481,3315.603
2012-01-30,3326.61,3292.409
2012-01-31,3284.899,3294.494
2012-02-01,3287.222,3266.234
2012-02-02,3271.593,3328.153
2012-02-03,3324.399,3383.05
2012-02-06,3387.219,3412.405
2012-02-07,3397.769,3356.838
2012-02-08,3351.043,3445.52
2012-02-09,3441.786,3469.846
2012-02-10,3463.967,3488.229
2012-02-13,3458.81,3519.875
2012-02-14,3516.609,3524.625
2012-02-15,3518.794,3578.149
2012-02-16,3572.321,3577.202
2012-02-17,3582.513,3565.306
2012-02-20,3610.74,3574.458
2012-02-21,3569.231,3618.302
2012-02-22,3617.178,3689.004
2012-02-23,3686.731,3700.888
2012-02-24,3698.678,3756.825
2012-02-27,3767.602,3764.326
2012-02-28,3748.335,3745.58
2012-02-29,3733.629,3696.144
2012-03-01,3679.04,3715.673
2012-03-02,3719.957,3794.416
2012-03-05,3805.676,3798.377
2012-03-06,3786.158,3760.585
2012-03-07,3718.765,3732.707
2012-03-08,3741.479,3791.827
2012-03-09,3802.092,3848.108
2012-03-12,3852.605,3871.12
2012-03-13,3867.971,3910.064
2012-03-14,3924.49,3734.317
2012-03-15,3726.365,3689.014
2012-03-16,3693.317,3786.617
2012-03-19,3788.388,3829.696
2012-03-20,3819.722,3746.284
2012-03-21,3757.0,3760.047
2012-03-22,3754.873,3742.388
2012-03-23,3727.146,3670.129
2012-03-26,3661.391,3666.279
2012-03-27,3681.741,3652.876
2012-03-28,3638.767,3490.007
2012-03-29,3471.357,3425.702
2012-03-30,3422.812,3416.856
2012-04-05,3420.026,3531.549
2012-04-06,3530.63,3554.027
2012-04-09,3544.01,3512.914
2012-04-10,3496.125,3554.038
2012-04-11,3513.498,3566.476
2012-04-12,3568.815,3640.407
2012-04-13,3653.604,3675.028
2012-04-16,3644.666,3685.481
2012-04-17,3679.92,3631.556
2012-04-18,3637.549,3714.02
2012-04-19,3712.529,3704.705
2012-04-20,3696.658,3736.365
2012-04-23,3731.549,3691.574
2012-04-24,3658.615,3666.395
2012-04-25,3654.749,3718.911
2012-04-26,3720.742,3700.028
2012-04-27,3690.159,3664.638
2012-05-02,3707.816,3718.259
2012-05-03,3707.505,3733.816
2012-05-04,3730.723,3758.004
2012-05-07,3741.663,3784.556
2012-05-08,3783.083,3783.472
2012-05-09,3759.39,3717.47
2012-05-10,3713.402,3731.131
2012-05-11,3727.587,3715.385
2012-05-14,3745.829,3710.097
2012-05-15,3679.341,3705.883
2012-05-16,3696.613,3660.312
2012-05-17,3656.825,3714.186
2012-05-18,3691.643,3655.858
2012-05-21,3650.923,3653.546
2012-05-22,3666.136,3711.055
2012-05-23,3702.814,3708.919
2012-05-24,3697.916,3678.093
2012-05-25,3675.51,3635.516
2012-05-28,3622.129,3687.455
2012-05-29,3686.575,3745.678
2012-05-30,3739.039,3752.219
2012-05-31,3732.467,3753.593
2012-06-01,3752.019,3744.437
2012-06-04,3684.037,3621.808
2012-06-05,3625.142,3617.614
2012-06-06,3621.636,3600.163
2012-06-07,3635.572,3581.137
2012-06-08,3615.112,3564.158
2012-06-11,3565.335,3630.314
2012-06-12,3611.92,3608.391
2012-06-13,3615.712,3674.875
2012-06-14,3669.036,3652.705
2012-06-15,3657.788,3648.994
2012-06-18,3663.138,3684.727
2012-06-19,3681.684,3657.958
2012-06-20,3663.986,3636.09
2012-06-21,3628.216,3590.837
2012-06-25,3576.366,3493.116
2012-06-26,3474.164,3489.972
2012-06-27,3486.515,3476.403
2012-06-28,3484.227,3427.819
2012-06-29,3413.329,3470.965
2012-07-02,3491.753,3509.503
2012-07-03,3507.63,3515.778
2012-07-04,3519.508,3497.748
2012-07-05,3486.809,3418.202
2012-07-06,3436.306,3486.546
2012-07-09,3464.018,3398.805
2012-07-10,3386.629,3365.665
2012-07-11,3358.562,3404.104
2012-07-12,3398.62,3450.302
2012-07-13,3435.173,3435.084
2012-07-16,3434.508,3311.089
2012-07-17,3297.152,3334.286
2012-07-18,3328.123,3352.848
2012-07-19,3343.238,3392.656
2012-07-20,3382.823,3369.913
2012-07-23,3347.87,3337.856
2012-07-24,3317.219,3361.09
2012-07-25,3350.903,3332.085
2012-07-26,3329.011,3302.336
2012-07-27,3312.38,3283.592
2012-07-30,3280.104,3217.452
2012-07-31,3211.103,3159.192
2012-08-01,3152.73,3216.184
2012-08-02,3212.048,3195.863
2012-08-03,3203.114,3259.856
2012-08-06,3250.785,3337.267
2012-08-07,3336.22,3368.252
2012-08-08,3363.757,3356.485
2012-08-09,3351.448,3405.058
2012-08-10,3400.933,3395.849
2012-08-13,3386.033,3318.1
2012-08-14,3312.81,3349.585
2012-08-15,3340.876,3310.839
2012-08-16,3301.74,3286.828
2012-08-17,3283.258,3286.778
2012-08-20,3270.986,3289.439
2012-08-21,3287.734,3335.753
2012-08-22,3338.08,3306.111
2012-08-23,3303.697,3327.99
2012-08-24,3318.853,3265.749
2012-08-27,3250.693,3184.331
2012-08-28,3179.775,3200.993
2012-08-29,3197.343,3179.54
2012-08-30,3174.305,3129.495
2012-08-31,3122.528,3139.5
2012-09-03,3135.23,3200.306
2012-09-04,3202.488,3164.826
2012-09-05,3158.013,3181.8
2012-09-06,3187.11,3217.936
2012-09-07,3240.652,3334.66
2012-09-10,3343.806,3363.605
2012-09-11,3352.624,3350.088
2012-09-12,3360.26,3376.122
2012-09-13,3374.785,3329.299
2012-09-14,3356.238,3338.038
2012-09-17,3334.707,3237.704
2012-09-18,3222.978,3224.259
2012-09-19,3227.359,3255.866
2012-09-20,3253.531,3161.763
2012-09-21,3153.605,3143.71
2012-09-24,3129.536,3167.161
2012-09-25,3159.127,3144.408
2012-09-26,3138.799,3071.989
2012-09-27,3065.584,3141.082
2012-09-28,3129.767,3199.752
2012-10-08,3198.879,3183.365
2012-10-09,3185.21,3265.617
2012-10-10,3257.448,3296.923
2012-10-11,3288.052,3248.045
2012-10-12,3256.97,3240.399
2012-10-15,3237.289,3223.189
2012-10-16,3219.419,3233.229
2012-10-17,3237.636,3240.778
2012-10-18,3241.268,3294.835
2012-10-19,3292.953,3285.445
2012-10-22,3269.038,3298.488
2012-10-23,3298.446,3259.067
2012-10-24,3242.875,3257.921
2012-10-25,3257.725,3226.172
2012-10-26,3221.068,3163.295
2012-10-29,3158.111,3158.943
2012-10-30,3156.74,3160.687
2012-10-31,3159.217,3168.097
2012-11-01,3169.795,3228.19
2012-11-02,3229.955,3249.552
2012-11-05,3244.303,3235.352
2012-11-06,3233.423,3213.26
2012-11-07,3210.845,3209.141
2012-11-08,3183.079,3129.568
2012-11-09,3123.086,3116.978
2012-11-12,3118.108,3136.308
2012-11-13,3136.954,3072.121
2012-11-14,3069.382,3081.254
2012-11-15,3066.894,3026.844
2012-11-16,3021.295,3009.153
2012-11-19,3007.681,3016.159
2012-11-20,3023.076,3004.183
2012-11-21,3000.937,3035.282
2012-11-22,3021.305,2995.093
2012-11-23,2993.168,3005.459
2012-11-26,3004.171,2970.323
2012-11-27,2960.614,2864.169
2012-11-28,2854.077,2800.537
2012-11-29,2799.959,2774.176
2012-11-30,2773.233,2816.624
2012-12-03,2816.303,2749.134
2012-12-04,2739.499,2783.412
2012-12-05,2775.411,2886.186
2012-12-06,2884.807,2884.348
2012-12-07,2883.164,2950.193
2012-12-10,2950.998,3002.231
2012-12-11,2993.379,2982.027
2012-12-12,2978.718,2982.885
2012-12-13,2976.576,2943.276
2012-12-14,2939.31,3066.231
2012-12-17,3073.923,3091.875
2012-12-18,3087.318,3086.584
2012-12-19,3082.379,3099.092
2012-12-20,3092.925,3108.86
2012-12-21,3110.817,3101.074
2012-12-24,3093.973,3117.698
2012-12-25,3110.969,3189.088
2012-12-26,3187.199,3228.675
2012-12-27,3232.789,3199.481
2012-12-28,3195.204,3235.195
2012-12-31,3242.961,3275.86
2013-01-04,3297.043,3258.251
2013-01-07,3253.674,3288.369
2013-01-08,3288.125,3327.04
2013-01-09,3321.765,3334.987
2013-01-10,3335.088,3356.35
2013-01-11,3357.47,3271.179
2013-01-14,3264.152,3384.745
2013-01-15,3390.329,3450.682
2013-01-16,3448.278,3450.56
2013-01-17,3444.468,3408.022
2013-01-18,3416.449,3464.645
2013-01-21,3475.198,3491.122
2013-01-22,3487.571,3435.434
2013-01-23,3422.768,3441.745
2013-01-24,3442.618,3369.732
2013-01-25,3363.429,3364.061
2013-01-28,3362.474,3449.794
2013-01-29,3451.663,3482.519
2013-01-30,3482.567,3500.578
2013-01-31,3497.28,3479.638
2013-02-01,3471.269,3507.709
2013-02-04,3517.461,3484.362
2013-02-05,3466.591,3520.646
2013-02-06,3521.66,3544.385
2013-02-07,3539.475,3557.667
2013-02-08,3554.149,3608.589
2013-02-18,3625.034,3627.776
2013-02-19,3624.94,3561.357
2013-02-20,3555.594,3635.375
2013-02-21,3612.72,3560.317
2013-02-22,3552.669,3548.358
2013-02-25,3551.597,3587.587
2013-02-26,3573.954,3533.204
2013-02-27,3538.937,3535.896
2013-02-28,3544.064,3608.199
2013-03-01,3608.618,3648.422
2013-03-04,3614.558,3518.717
2013-03-05,3516.526,3597.922
2013-03-06,3605.363,3653.934
2013-03-07,3648.28,3609.64
2013-03-08,3608.896,3570.38
2013-03-11,3568.622,3571.105
2013-03-12,3570.469,3481.175
2013-03-13,3473.265,3449.35
2013-03-14,3443.776,3464.854
2013-03-15,3466.892,3471.214
2013-03-18,3461.873,3427.12
2013-03-19,3421.737,3438.072
2013-03-20,3436.845,3527.772
2013-03-21,3527.762,3565.02
2013-03-22,3561.122,3579.92
2013-03-25,3581.311,3568.523
2013-03-26,3556.3,3543.812
2013-03-27,3541.376,3552.257
2013-03-28,3526.539,3448.977
2013-03-29,3449.277,3447.285
2013-04-01,3449.54,3470.96
2013-04-02,3471.691,3428.5
2013-04-03,3429.887,3397.232
2013-04-08,3354.444,3411.13
2013-04-09,3411.404,3444.371
2013-04-10,3444.459,3437.267
2013-04-11,3442.932,3423.217
2013-04-12,3418.296,3394.517
2013-04-15,3382.0,3346.851
2013-04-16,3313.508,3383.081
2013-04-17,3381.606,3412.416
2013-04-18,3396.014,3423.012
2013-04-19,3423.443,3495.242
2013-04-22,3478.044,3511.624
2013-04-23,3509.196,3416.449
2013-04-24,3417.401,3484.568
2013-04-25,3473.015,3431.401
2013-04-26,3427.146,3367.766
2013-05-02,3354.472,3383.398
2013-05-03,3391.218,3448.64
2013-05-06,3456.283,3514.457
2013-05-07,3511.214,3521.477
2013-05-08,3524.787,3553.848
2013-05-09,3551.899,3555.769
2013-05-10,3550.026,3577.327
2013-05-13,3577.295,3590.758
2013-05-14,3586.324,3549.303
2013-05-15,3549.745,3597.106
2013-05-16,3594.3,3635.755
2013-05-17,3632.612,3691.399
2013-05-20,3700.09,3737.748
2013-05-21,3733.673,3787.059
2013-05-22,3782.969,3755.874
2013-05-23,3740.439,3724.229
2013-05-24,3723.621,3782.071
2013-05-27,3784.468,3820.427
2013-05-28,3820.243,3827.782
2013-05-29,3830.224,3856.319
2013-05-30,3843.162,3865.134
2013-05-31,3867.59,3841.218
2013-06-03,3836.767,3814.51
2013-06-04,3809.555,3739.724
2013-06-05,3733.948,3755.148
2013-06-06,3742.504,3688.736
2013-06-07,3690.957,3616.21
2013-06-13,3573.896,3515.05
2013-06-14,3519.368,3584.978
2013-06-17,3593.51,3593.371
2013-06-18,3594.904,3605.758
2013-06-19,3588.766,3583.298
2013-06-20,3562.128,3465.004
2013-06-21,3401.471,3446.483
2013-06-24,3439.866,3232.962
2013-06-25,3202.659,3219.134
2013-06-26,3222.68,3285.818
2013-06-27,3293.078,3233.222
2013-06-28,3212.254,3235.978
2013-07-01,3226.624,3304.591
2013-07-02,3304.987,3359.053
2013-07-03,3346.107,3364.184
2013-07-04,3342.011,3390.488
2013-07-05,3392.584,3371.529
2013-07-08,3322.135,3240.477
2013-07-09,3231.699,3259.911
2013-07-10,3259.845,3361.395
2013-07-11,3364.841,3455.884
2013-07-12,3453.441,3425.135
2013-07-15,3432.257,3493.441
2013-07-16,3496.728,3536.313
2013-07-17,3529.714,3485.074
2013-07-18,3476.181,3481.201
2013-07-19,3479.531,3394.306
2013-07-22,3374.572,3461.281
2013-07-23,3470.598,3544.966
2013-07-24,3536.155,3566.282
2013-07-25,3561.507,3498.242
2013-07-26,3486.957,3494.159
2013-07-29,3477.264,3426.593
2013-07-30,3426.956,3411.219
2013-07-31,3428.134,3430.743
2013-08-01,3435.084,3521.152
2013-08-02,3535.887,3533.609
2013-08-05,3531.652,3592.538
2013-08-06,3589.52,3631.124
2013-08-07,3628.004,3596.318
2013-08-08,3589.162,3605.85
2013-08-09,3611.776,3618.744
2013-08-12,3629.509,3676.195
2013-08-13,3677.115,3695.552
2013-08-14,3694.68,3681.082
2013-08-15,3674.653,3631.321
2013-08-16,3611.284,3554.348
2013-08-19,3528.908,3609.028
2013-08-20,3606.614,3599.637
2013-08-21,3596.933,3627.501
2013-08-22,3621.886,3636.469
2013-08-23,3644.676,3627.97
2013-08-26,3629.357,3703.593
2013-08-27,3702.582,3732.098
2013-08-28,3707.533,3703.92
2013-08-29,3703.046,3701.083
2013-08-30,3702.847,3664.148
2013-09-02,3674.684,3689.959
2013-09-03,3685.337,3744.871
2013-09-04,3747.227,3755.239
2013-09-05,3749.938,3762.569
2013-09-06,3758.905,3792.832
2013-09-09,3799.451,3831.927
2013-09-10,3836.471,3870.923
2013-09-11,3876.586,3834.258
2013-09-12,3824.754,3845.068
2013-09-13,3846.452,3849.82
2013-09-16,3852.362,3854.207
2013-09-17,3851.657,3786.292
2013-09-18,3780.702,3822.123
2013-09-23,3830.947,3899.625
2013-09-24,3897.409,3903.518
2013-09-25,3899.612,3889.221
2013-09-26,3879.476,3808.216
2013-09-27,3805.497,3822.758
2013-09-30,3834.17,3872.893
2013-10-08,3875.522,3938.068
2013-10-09,3928.399,3981.058
2013-10-10,3990.779,3959.63
2013-10-11,3975.109,4026.916
2013-10-14,4034.189,4068.32
2013-10-15,4074.827,4074.083
2013-10-16,4063.823,3963.212
2013-10-17,3980.466,3956.965
2013-10-18,3954.585,3970.641
2013-10-21,3977.261,4069.033
2013-10-22,4070.665,4026.516
2013-10-23,4026.563,3924.219
2013-10-24,3914.239,3898.156
2013-10-25,3902.226,3821.779
2013-10-28,3820.674,3808.703
2013-10-29,3801.934,3703.86
2013-10-30,3694.312,3764.453
2013-10-31,3757.806,3713.829
2013-11-01,3698.469,3702.445
2013-11-04,3705.449,3728.188
2013-11-05,3719.944,3777.404
2013-11-06,3768.732,3737.106
2013-11-07,3722.241,3685.04
2013-11-08,3670.352,3629.94
2013-11-11,3626.187,3645.84
2013-11-12,3645.373,3680.536
2013-11-13,3677.353,3611.76
2013-11-14,3602.852,3659.83
2013-11-15,3661.282,3736.452
2013-11-18,3759.124,3827.882
2013-11-19,3830.45,3840.365
2013-11-20,3842.25,3878.584
2013-11-21,3865.569,3865.41
2013-11-22,3868.497,3842.756
2013-11-25,3834.808,3839.602
2013-11-26,3837.873,3845.676
2013-11-27,3843.651,3889.755
2013-11-28,3897.255,3922.666
2013-11-29,3924.416,3946.383
2013-12-02,3870.029,3770.865
2013-12-03,3755.186,3859.955
2013-12-04,3856.349,3932.998
2013-12-05,3931.142,3928.724
2013-12-06,3924.642,3918.783
2013-12-09,3928.164,3947.704
2013-12-10,3948.571,3950.486
2013-12-11,3941.904,3906.78
2013-12-12,3903.448,3916.962
2013-12-13,3901.988,3925.434
2013-12-16,3929.377,3857.715
2013-12-17,3854.785,3834.027
2013-12-18,3836.023,3834.045
2013-12-19,3840.28,3795.023
2013-12-20,3792.676,3747.002
2013-12-23,3745.941,3742.738
2013-12-24,3746.646,3768.703
2013-12-25,3766.201,3808.453
2013-12-26,3809.503,3743.132
2013-12-27,3737.645,3800.774
2013-12-30,3815.682,3813.003
2013-12-31,3805.696,3829.096
2014-01-02,3823.316,3847.879
2014-01-03,3841.219,3816.316
2014-01-06,3806.585,3710.898
2014-01-07,3699.901,3733.662
2014-01-08,3735.503,3738.205
2014-01-09,3732.861,3696.023
2014-01-10,3685.019,3628.634
2014-01-13,3628.533,3612.02
2014-01-14,3610.638,3683.534
2014-01-15,3681.042,3708.142
2014-01-16,3709.383,3714.314
2014-01-17,3704.356,3671.915
2014-01-20,3666.303,3644.125
2014-01-21,3645.344,3700.108
2014-01-22,3707.082,3799.042
2014-01-23,3801.749,3825.486
2014-01-24,3817.078,3882.668
2014-01-27,3867.566,3881.947
2014-01-28,3882.006,3873.81
2014-01-29,3878.314,3908.45
2014-01-30,3900.013,3885.416
2014-02-07,3864.891,3957.671
2014-02-10,3972.857,4074.63
2014-02-11,4081.544,4080.378
2014-02-12,4083.819,4125.412
2014-02-13,4123.215,4064.423
2014-02-14,4063.791,4134.16
2014-02-17,4152.041,4212.745
2014-02-18,4216.606,4207.699
2014-02-19,4206.02,4207.994
2014-02-20,4211.696,4149.071
2014-02-21,4142.3,4121.917
2014-02-24,4102.559,4105.792
2014-02-25,4109.494,3961.439
2014-02-26,3941.118,3987.48
2014-02-27,3992.716,3934.727
2014-02-28,3926.772,3975.929
2014-03-03,3975.536,4058.799
2014-03-04,4045.201,4059.567
2014-03-05,4064.963,4037.784
2014-03-06,4030.651,4032.756
2014-03-07,4032.138,4012.447
2014-03-10,3981.513,3860.244
2014-03-11,3848.17,3864.26
2014-03-12,3857.577,3865.662
2014-03-13,3865.916,3907.146
2014-03-14,3891.196,3888.975
2014-03-17,3889.904,3967.15
2014-03-18,3970.664,3989.201
2014-03-19,3979.246,3980.673
2014-03-20,3973.15,3876.578
2014-03-21,3857.823,3952.392
2014-03-24,3954.054,3985.861
2014-03-25,3977.878,3991.144
2014-03-26,3997.174,4001.502
2014-03-27,3994.817,3944.044
2014-03-28,3935.198,3865.295
2014-03-31,3865.004,3840.536
2014-04-01,3836.502,3899.488
2014-04-02,3901.19,3902.043
2014-04-03,3902.067,3896.28
2014-04-04,3888.729,3939.229
2014-04-08,3927.506,3981.625
2014-04-09,3987.425,4018.547
2014-04-10,4022.048,4038.84
2014-04-11,4021.964,4021.194
2014-04-14,4019.505,4051.33
2014-04-15,4050.333,4021.906
2014-04-16,4010.358,4019.883
2014-04-17,4025.377,4014.94
2014-04-18,4006.875,4029.262
2014-04-21,4004.614,3965.337
2014-04-22,3957.22,3947.169
2014-04-23,3942.498,3929.168
2014-04-24,3924.454,3884.811
2014-04-25,3879.448,3800.681
2014-04-28,3785.957,3684.593
2014-04-29,3678.621,3738.926
2014-04-30,3734.799,3766.17
2014-05-05,3761.23,3798.288
2014-05-06,3795.36,3817.98
2014-05-07,3806.838,3749.965
2014-05-08,3740.254,3754.011
2014-05-09,3748.486,3716.022
2014-05-12,3738.667,3812.758
2014-05-13,3810.491,3806.89
2014-05-14,3805.147,3803.803
2014-05-15,3797.12,3732.337
2014-05-16,3722.556,3726.656
2014-05-19,3722.391,3705.364
2014-05-20,3720.226,3715.71
2014-05-21,3708.121,3747.334
2014-05-22,3748.93,3746.14
2014-05-23,3742.991,3786.563
2014-05-26,3798.73,3827.487
2014-05-27,3825.373,3818.322
2014-05-28,3818.354,3861.588
2014-05-29,3862.298,3821.867
2014-05-30,3818.47,3829.238
2014-06-03,3833.12,3822.716
2014-06-04,3820.5,3789.294
2014-06-05,3783.883,3832.055
2014-06-06,3833.378,3818.333
2014-06-09,3809.585,3797.429
2014-06-10,3801.509,3840.019
2014-06-11,3838.668,3858.051
2014-06-12,3851.233,3850.113
2014-06-13,3846.622,3891.557
2014-06-16,3893.918,3914.981
2014-06-17,3909.618,3879.344
2014-06-18,3878.694,3858.099
2014-06-19,3853.59,3755.694
2014-06-20,3751.179,3789.342
2014-06-23,3790.844,3815.879
2014-06-24,3814.527,3839.203
2014-06-25,3835.59,3814.03
2014-06-26,3812.907,3861.95
2014-06-27,3861.097,3889.323
2014-06-30,3895.149,3924.903
2014-07-01,3927.483,3951.726
2014-07-02,3950.473,3979.31
2014-07-03,3978.816,4019.647
2014-07-04,4018.39,4004.561
2014-07-07,4004.097,4014.488
2014-07-08,4012.551,4039.707
2014-07-09,4033.819,3982.404
2014-07-10,3980.501,3982.198
2014-07-11,3979.73,4029.751
2014-07-14,4033.708,4090.802
2014-07-15,4089.346,4093.113
2014-07-16,4089.649,4062.119
2014-07-17,4055.906,4031.44
2014-07-18,4018.358,4042.521
2014-07-21,4038.741,4030.242
2014-07-22,4024.421,4083.288
2014-07-23,4083.08,4057.113
2014-07-24,4055.145,4054.223
2014-07-25,4052.032,4089.801
2014-07-28,4106.992,4168.373
2014-07-29,4173.17,4207.862
2014-07-30,4198.41,4214.836
2014-07-31,4211.067,4257.045
2014-08-01,4242.299,4210.219
2014-08-04,4213.114,4278.847
2014-08-05,4284.145,4300.12
2014-08-06,4291.63,4328.601
2014-08-07,4329.301,4286.09
2014-08-08,4287.941,4311.697
2014-08-11,4317.347,4377.018
2014-08-12,4378.247,4399.806
2014-08-13,4399.403,4401.809
2014-08-14,4397.207,4373.504
2014-08-15,4372.771,4423.636
2014-08-18,4434.175,4483.544
2014-08-19,4491.169,4496.938
2014-08-20,4495.823,4497.399
2014-08-21,4498.493,4495.44
2014-08-22,4491.628,4521.752
2014-08-25,4521.809,4487.142
2014-08-26,4474.454,4407.588
2014-08-27,4401.876,4421.212
2014-08-28,4423.764,4381.494
2014-08-29,4378.624,4427.879
2014-09-01,4436.546,4507.442
2014-09-02,4519.242,4576.12
2014-09-03,4582.479,4608.557
2014-09-04,4611.562,4647.886
2014-09-05,4654.515,4666.474
2014-09-09,4672.109,4701.699
2014-09-10,4686.117,4709.909
2014-09-11,4707.045,4704.942
2014-09-12,4698.109,4756.949
2014-09-15,4759.773,4807.555
2014-09-16,4809.437,4645.546
2014-09-17,4649.609,4686.047
2014-09-18,4679.111,4719.009
2014-09-19,4718.78,4758.727
2014-09-22,4753.795,4694.229
2014-09-23,4693.367,4754.472
2014-09-24,4746.621,4815.71
2014-09-25,4826.985,4814.735
2014-09-26,4803.443,4829.935
2014-09-29,4847.816,4877.435
2014-09-30,4886.556,4916.119
2014-10-08,4935.048,4993.531
2014-10-09,4996.662,5004.001
2014-10-10,4987.042,4981.853
2014-10-13,4964.233,4982.681
2014-10-14,4978.896,4966.083
2014-10-15,4967.229,4987.707
2014-10-16,4962.581,4906.244
2014-10-17,4894.593,4860.732
2014-10-20,4873.455,4929.16
2014-10-21,4929.23,4884.024
2014-10-22,4881.512,4825.609
2014-10-23,4815.123,4755.231
2014-10-24,4757.088,4774.666
2014-10-27,4762.517,4809.518
2014-10-28,4819.55,4924.955
2014-10-29,4938.715,4991.755
2014-10-30,4988.972,4992.63
2014-10-31,4999.003,4986.416
2014-11-03,4993.171,5028.698
2014-11-04,5028.54,5003.47
2014-11-05,5004.891,4995.443
2014-11-06,4992.723,5024.848
2014-11-07,5029.797,4977.255
2014-11-10,4989.439,5031.001
2014-11-11,5038.684,4881.48
2014-11-12,4866.425,4965.384
2014-11-13,4963.732,4921.671
2014-11-14,4901.139,4909.609
2014-11-17,4925.472,4958.466
2014-11-18,4951.585,4967.651
2014-11-19,4967.636,4985.101
2014-11-20,4972.741,4974.626
2014-11-21,4975.535,5029.773
2014-11-24,5088.226,5112.119
2014-11-25,5118.689,5189.001
2014-11-26,5198.127,5214.21
2014-11-27,5229.4,5251.389
2014-11-28,5249.665,5245.267
2014-12-01,5246.428,5208.139
2014-12-02,5201.37,5277.657
2014-12-03,5284.573,5339.005
2014-12-04,5345.007,5451.962
2014-12-05,5462.757,5333.892
2014-12-08,5310.567,5412.674
2014-12-09,5392.947,5195.406
2014-12-10,5184.017,5374.097
2014-12-11,5366.208,5454.443
2014-12-12,5457.228,5493.2
2014-12-15,5485.13,5583.597
2014-12-16,5590.266,5606.693
2014-12-17,5597.88,5557.286
2014-12-18,5551.038,5558.045
2014-12-19,5554.665,5524.122
2014-12-22,5523.661,5305.209
2014-12-23,5273.99,5193.722
2014-12-24,5212.069,5262.365
2014-12-25,5279.297,5364.563
2014-12-26,5370.332,5422.751
2014-12-29,5436.488,5367.637
2014-12-30,5357.388,5275.085
2014-12-31,5274.651,5322.714
2015-01-05,5338.752,5417.017
2015-01-06,5389.903,5479.864
2015-01-07,5471.402,5488.242
2015-01-08,5482.394,5444.037
2015-01-09,5424.501,5409.058
2015-01-12,5386.584,5332.221
2015-01-13,5333.968,5405.091
2015-01-14,5404.374,5379.738
2015-01-15,5380.447,5449.038
2015-01-16,5459.185,5520.123
2015-01-19,5359.47,5281.895
2015-01-20,5303.181,5472.514
2015-01-21,5490.84,5611.694
2015-01-22,5617.609,5690.156
2015-01-23,5697.837,5633.289
2015-01-26,5644.031,5758.979
2015-01-27,5767.737,5773.816
2015-01-28,5756.682,5739.919
2015-01-29,5692.387,5701.205
2015-01-30,5708.284,5632.728
2015-02-02,5568.435,5609.389
2015-02-03,5627.399,5707.476
2015-02-04,5720.975,5683.519
2015-02-05,5741.193,5654.217
2015-02-06,5640.025,5534.785
2015-02-09,5526.144,5504.974
2015-02-10,5502.725,5580.704
2015-02-11,5587.639,5641.786
2015-02-12,5647.546,5681.341
2015-02-13,5709.156,5769.272
2015-02-16,5786.153,5869.713
2015-02-17,5888.871,5911.098
2015-02-25,5926.234,5906.538
2015-02-26,5903.262,5969.557
2015-02-27,5974.359,6018.463
2015-03-02,6064.821,6139.792
2015-03-03,6124.276,6118.656
2015-03-04,6114.694,6210.421
2015-03-05,6212.66,6208.988
2015-03-06,6214.332,6133.026
2015-03-09,6113.581,6212.236
2015-03-10,6214.519,6276.485
2015-03-11,6275.173,6262.892
2015-03-12,6273.692,6260.137
2015-03-13,6271.818,6329.576
2015-03-16,6369.197,6516.765
2015-03-17,6547.39,6618.054
2015-03-18,6624.388,6728.068
2015-03-19,6733.12,6782.463
2015-03-20,6789.058,6850.897
2015-03-23,6891.922,7017.154
2015-03-24,7042.926,7046.123
2015-03-25,7051.821,7124.872
2015-03-26,7104.036,7074.437
2015-03-27,7076.488,7155.945
2015-03-30,7180.063,7245.497
2015-03-31,7280.15,7253.104
2015-04-01,7258.831,7425.733
2015-04-02,7463.907,7560.648
2015-04-03,7532.148,7679.01
2015-04-07,7728.91,7863.284
2015-04-08,7908.77,7807.997
2015-04-09,7818.2,7746.151
2015-04-10,7727.007,7952.189
2015-04-13,7994.253,8122.893
2015-04-14,8129.728,8119.959
2015-04-15,8093.134,7802.747
2015-04-16,7705.464,7912.088
2015-04-17,7979.354,7980.76
2015-04-20,7967.033,7839.901
2015-04-21,7852.515,8112.687
2015-04-22,8180.116,8323.427
2015-04-23,8371.85,8410.703
2015-04-24,8321.328,8419.095
2015-04-27,8503.57,8513.016
2015-04-28,8533.673,8266.483
2015-04-29,8248.315,8428.254
2015-04-30,8460.394,8469.673
2015-05-04,8493.963,8510.481
2015-05-05,8501.119,8199.344
2015-05-06,8220.597,8082.999
2015-05-07,8043.008,7903.478
2015-05-08,7989.339,8201.293
2015-05-11,8292.625,8558.218
2015-05-12,8595.08,8745.678
2015-05-13,8719.584,8824.929
2015-05-14,8829.827,8813.393
2015-05-15,8790.006,8742.885
2015-05-18,8725.41,8903.595
2015-05-19,8927.387,9124.833
2015-05-20,9176.026,9277.331
2015-05-21,9320.842,9619.223
2015-05-22,9756.529,9778.171
2015-05-25,9717.511,10040.09
2015-05-26,10117.73,10373.58
2015-05-27,10421.3,10497.34
2015-05-28,10501.36,9868.424
2015-05-29,9846.389,9966.845
2015-06-01,10067.53,10488.31
2015-06-02,10592.75,10886.4
2015-06-03,10973.96,10979.99
2015-06-04,10986.42,10965.41
2015-06-05,11117.36,11144.52
2015-06-08,11157.18,11030.92
2015-06-09,11009.88,11013.74
2015-06-10,10947.49,11208.06
2015-06-11,11220.07,11366.29
2015-06-12,11424.33,11545.89
2015-06-15,11589.95,11332.89
2015-06-16,11205.75,10879.84
2015-06-17,10865.39,11100.55
2015-06-18,11093.3,10731.38
2015-06-19,10475.92,9987.407
2015-06-23,9951.782,10046.88
2015-06-24,10136.25,10267.63
2015-06-25,10298.56,9906.104
2015-06-26,9571.555,9078.065
2015-06-29,9267.028,8484.643
2015-06-30,8302.181,8906.02
2015-07-01,8808.514,8411.91
2015-07-02,8369.492,7835.104
2015-07-03,7530.265,7355.491
2015-07-06,7842.429,7235.999
2015-07-07,6977.548,6763.526
2015-07-08,6444.667,6602.374
2015-07-09,6525.121,6896.352
2015-07-10,7101.818,7244.784
2015-07-13,7563.38,7695.635
2015-07-14,7853.997,7859.057
2015-07-15,7836.084,7405.295
2015-07-16,7342.831,7578.759
2015-07-17,7629.782,7994.697
2015-07-20,8025.104,8116.496
2015-07-21,8011.904,8220.463
2015-07-22,8207.173,8320.236
2015-07-23,8330.47,8551.991
2015-07-24,8580.647,8425.074
2015-07-27,8240.678,7794.181
2015-07-28,7514.148,7649.82
2015-07-29,7765.949,8022.796
2015-07-30,7979.569,7800.58
2015-07-31,7692.478,7727.061
2015-08-03,7605.895,7540.205
2015-08-04,7548.029,7942.095
2015-08-05,7933.317,7839.338
2015-08-06,7660.583,7792.028
2015-08-07,7874.416,8013.319
2015-08-10,8106.12,8394.086
2015-08-11,8402.319,8435.327
2015-08-12,8342.606,8336.337
2015-08-13,8287.771,8534.429
2015-08-14,8599.774,8625.242
2015-08-17,8613.286,8820.457
2015-08-18,8842.162,8161.269
2015-08-19,7865.635,8340.983
2015-08-20,8255.931,8049.512
2015-08-21,7884.305,7612.902
2015-08-24,7255.295,7006.189
2015-08-25,6496.107,6481.412
2015-08-26,6470.002,6238.526
2015-08-27,6344.955,6456.055
2015-08-28,6554.755,6842.894
2015-08-31,6791.419,6581.313
2015-09-01,6507.875,6169.207
2015-09-02,5878.207,6122.553
2015-09-07,6187.69,6143.557
2015-09-08,6096.014,6374.855
2015-09-09,6408.671,6551.007
2015-09-10,6434.531,6440.309
2015-09-11,6423.521,6493.319
2015-09-14,6535.263,6049.79
2015-09-15,5886.268,5708.03
2015-09-16,5722.531,6084.837
2015-09-17,6057.868,5965.409
2015-09-18,6007.459,6036.881
2015-09-21,5966.294,6250.439
2015-09-22,6264.057,6295.926
2015-09-23,6192.326,6224.601
2015-09-24,6250.088,6315.11
2015-09-25,6294.202,6108.376
2015-09-28,6118.226,6219.692
2015-09-29,6114.48,6103.606
2015-09-30,6139.14,6123.727
2015-10-08,6322.535,6372.492
2015-10-09,6369.752,6470.051
2015-10-12,6505.912,6718.722
2015-10-13,6672.661,6802.077
2015-10-14,6772.458,6724.496
2015-10-15,6694.067,6929.237
2015-10-16,6979.677,7047.56
2015-10-19,7072.359,7047.372
2015-10-20,7033.205,7162.075
2015-10-21,7159.132,6712.739
2015-10-22,6708.214,6964.298
2015-10-23,7015.623,7138.234
2015-10-26,7223.155,7186.755
2015-10-27,7123.083,7231.436
2015-10-28,7179.988,7048.895
2015-10-29,7097.188,7108.975
2015-10-30,7088.806,7084.971
2015-11-02,6936.369,6936.432
2015-11-03,6956.893,6920.103
2015-11-04,6953.867,7267.988
2015-11-05,7277.096,7276.451
2015-11-06,7284.867,7446.847
2015-11-09,7415.757,7543.801
2015-11-10,7517.408,7575.008
2015-11-11,7589.664,7684.666
2015-11-12,7712.636,7682.452
2015-11-13,7601.146,7567.108
2015-11-16,7438.405,7718.855
2015-11-17,7787.075,7650.381
2015-11-18,7655.327,7526.942
2015-11-19,7552.996,7718.622
2015-11-20,7741.677,7806.266
2015-11-23,7816.849,7744.182
2015-11-24,7739.09,7798.498
2015-11-25,7803.29,7922.384
2015-11-26,7962.169,7874.08
2015-11-27,7839.312,7376.124
2015-11-30,7388.28,7408.399
2015-12-01,7403.942,7443.945
2015-12-02,7423.498,7405.86
2015-12-03,7413.218,7570.508
2015-12-04,7533.612,7511.675
2015-12-07,7526.223,7602.228
2015-12-08,7555.463,7404.142
2015-12-09,7369.108,7374.274
2015-12-10,7374.355,7350.21
2015-12-11,7320.158,7290.702
2015-12-14,7224.809,7441.03
2015-12-15,7448.714,7498.181
2015-12-16,7522.729,7529.403
2015-12-17,7570.67,7716.246
2015-12-18,7708.335,7699.37
2015-12-21,7698.443,7788.564
2015-12-22,7810.996,7856.608
2015-12-23,7859.132,7773.283
2015-12-24,7760.378,7753.037
2015-12-25,7759.837,7792.124
2015-12-28,7815.382,7603.361
2015-12-29,7591.714,7674.388
2015-12-30,7693.022,7741.047
2015-12-31,7745.638,7617.689
2016-01-04,7615.514,6983.404
2016-01-05,6663.726,6889.741
2016-01-06,6916.532,7065.607
2016-01-07,6937.416,6462.243
2016-01-08,6618.081,6570.432
2016-01-11,6435.894,6128.656
2016-01-12,6126.67,6136.663
2016-01-13,6168.987,5924.044
2016-01-14,5734.608,6124.82
2016-01-15,6078.615,5893.682
2016-01-18,5768.758,5978.908
2016-01-19,5965.355,6197.095
2016-01-20,6161.232,6138.503
2016-01-21,6031.17,5886.884
2016-01-22,5954.364,5980.611
2016-01-25,6034.084,6041.326
2016-01-26,5966.705,5589.307
2016-01-27,5604.167,5514.189
2016-01-28,5441.738,5271.233
2016-01-29,5262.46,5469.125
2016-02-01,5458.605,5399.477
2016-02-02,5407.707,5586.627
2016-02-03,5520.642,5610.173
2016-02-04,5631.32,5721.485
2016-02-05,5734.481,5664.197
2016-02-15,5485.723,5668.04
2016-02-16,5694.749,5902.534
2016-02-17,5889.502,5971.412
2016-02-18,6009.749,5957.131
2016-02-19,5939.697,5979.516
2016-02-22,6055.675,6103.723
2016-02-23,6102.512,6070.5
2016-02-24,6041.753,6111.043
2016-02-25,6097.42,5626.052
2016-02-26,5668.329,5648.938
2016-02-29,5618.509,5350.434
2016-03-01,5361.792,5473.635
2016-03-02,5464.733,5753.148
2016-03-03,5757.361,5776.977
2016-03-04,5755.119,5621.561
2016-03-07,5686.686,5752.548
2016-03-08,5751.388,5764.325
2016-03-09,5627.138,5617.038
2016-03-10,5617.415,5521.948
2016-03-11,5460.542,5508.982
2016-03-14,5568.464,5690.59
2016-03-15,5672.754,5639.801
2016-03-16,5662.439,5562.804
2016-03-17,5589.22,5745.975
2016-03-18,5774.303,5949.263
2016-03-21,6016.694,6099.481
2016-03-22,6045.839,6075.492
2016-03-23,6054.222,6118.966
2016-03-24,6062.758,6018.424
2016-03-25,6006.669,6077.431
2016-03-28,6114.767,6037.778
2016-03-29,6029.943,5921.867
2016-03-30,5981.421,6137.503
2016-03-31,6164.281,6155.814
2016-04-01,6129.724,6124.528
2016-04-05,6136.685,6286.583
2016-04-06,6262.601,6323.434
2016-04-07,6344.368,6228.974
2016-04-08,6176.864,6168.742
2016-04-11,6226.381,6304.3
2016-04-12,6299.472,6252.773
2016-04-13,6292.569,6344.226
2016-04-14,6375.494,6401.855
2016-04-15,6403.253,6384.35
2016-04-18,6343.701,6281.202
2016-04-19,6314.582,6308.229
2016-04-20,6331.87,6022.213
2016-04-21,6000.305,5970.682
2016-04-22,5930.531,6011.32
2016-04-25,5997.213,5978.077
2016-04-26,5971.805,6046.773
2016-04-27,6051.443,6016.699
2016-04-28,6014.126,5990.329
2016-04-29,5963.908,5985.594
2016-05-03,5991.829,6167.454
2016-05-04,6144.569,6169.783
2016-05-05,6159.727,6203.817
2016-05-06,6208.44,5961.489
2016-05-09,5910.124,5743.647
2016-05-10,5728.108,5738.896
2016-05-11,5770.353,5723.41
2016-05-12,5647.065,5726.456
2016-05-13,5708.628,5714.311
2016-05-16,5692.605,5812.542
2016-05-17,5814.103,5790.342
2016-05-18,5743.033,5631.193
2016-05-19,5628.727,5666.733
2016-05-20,5619.936,5732.902
2016-05-23,5752.145,5809.476
2016-05-24,5800.003,5743.178
2016-05-25,5780.266,5715.183
2016-05-26,5705.073,5744.388
2016-05-27,5728.903,5739.59
2016-05-30,5705.996,5711.315
2016-05-31,5721.826,5947.322
2016-06-01,5957.176,5973.78
2016-06-02,5961.715,6013.894
2016-06-03,6016.949,6032.603
2016-06-06,6051.948,6051.86
2016-06-07,6048.32,6045.357
2016-06-08,6037.413,6023.878
2016-06-13,5943.733,5746.444
2016-06-14,5723.994,5762.761
2016-06-15,5701.388,5952.846
2016-06-16,5945.494,5930.545
2016-06-17,5937.32,5964.272
2016-06-20,5965.825,5985.569
2016-06-21,6023.923,5916.803
2016-06-22,5901.15,6008.886
2016-06-23,5998.673,5978.174
2016-06-24,5967.515,5903.62
2016-06-27,5864.726,6044.219
2016-06-28,6018.912,6107.511
2016-06-29,6130.576,6120.202
2016-06-30,6127.989,6123.494
2016-07-01,6133.718,6111.539
2016-07-04,6079.584,6231.881
2016-07-05,6244.387,6269.505
2016-07-06,6250.489,6297.397
2016-07-07,6291.057,6319.793
2016-07-08,6308.062,6299.853
2016-07-11,6320.063,6312.499
2016-07-12,6309.819,6395.145
2016-07-13,6413.812,6446.563
2016-07-14,6437.277,6455.583
2016-07-15,6459.626,6441.016
2016-07-18,6426.856,6412.073
2016-07-19,6407.034,6431.938
2016-07-20,6429.689,6417.922
2016-07-21,6414.801,6442.709
2016-07-22,6437.883,6390.925
2016-07-25,6383.562,6408.783
2016-07-26,6410.823,6494.474
2016-07-27,6499.338,6229.289
2016-07-28,6220.917,6243.288
2016-07-29,6239.854,6202.892
2016-08-01,6179.202,6109.278
2016-08-02,6100.749,6168.509
2016-08-03,6154.474,6198.389
2016-08-04,6194.203,6238.231
2016-08-05,6231.526,6203.287
2016-08-08,6191.647,6290.756
2016-08-09,6283.289,6341.55
2016-08-10,6336.536,6318.268
2016-08-11,6304.777,6226.313
2016-08-12,6218.353,6299.092
2016-08-15,6309.414,6442.527
2016-08-16,6449.907,6468.895
2016-08-17,6462.047,6488.365
2016-08-18,6485.927,6490.408
2016-08-19,6485.72,6499.555
2016-08-22,6499.753,6420.354
2016-08-23,6414.982,6428.698
2016-08-24,6432.879,6435.059
2016-08-25,6398.564,6382.57
2016-08-26,6395.772,6410.734
2016-08-29,6409.118,6427.529
2016-08-30,6428.966,6425.754
2016-08-31,6422.801,6434.21
2016-09-01,6434.261,6381.476
2016-09-02,6371.492,6356.954
2016-09-05,6372.624,6391.792
2016-09-06,6392.608,6492.972
2016-09-07,6490.33,6494.316
2016-09-08,6489.617,6517.984
2016-09-09,6518.676,6471.053
2016-09-12,6362.77,6291.636
2016-09-13,6324.744,6320.032
2016-09-14,6286.617,6278.158
2016-09-19,6292.807,6344.181
2016-09-20,6344.706,6342.033
2016-09-21,6342.004,6343.754
2016-09-22,6381.157,6385.635
2016-09-23,6397.333,6370.583
2016-09-26,6363.931,6241.516
2016-09-27,6229.818,6286.909
2016-09-28,6300.85,6281.284
2016-09-29,6288.918,6298.791
2016-09-30,6292.08,6328.086
2016-10-10,6364.517,6447.693
2016-10-11,6451.045,6486.425
2016-10-12,6463.809,6482.738
2016-10-13,6480.929,6484.831
2016-10-14,6476.261,6469.492
2016-10-17,6478.511,6413.149
2016-10-18,6409.738,6509.282
2016-10-19,6518.737,6495.257
2016-10-20,6495.827,6498.238
2016-10-21,6498.986,6475.281
2016-10-24,6479.554,6539.466
2016-10-25,6543.467,6563.354
2016-10-26,6561.158,6530.39
2016-10-27,6522.887,6517.359
2016-10-28,6512.038,6455.835
2016-10-31,6441.435,6452.206
2016-11-01,6456.999,6507.95
2016-11-02,6494.98,6455.13
2016-11-03,6442.355,6483.732
2016-11-04,6482.601,6462.593
2016-11-07,6461.001,6468.817
2016-11-08,6487.649,6503.178
2016-11-09,6504.412,6453.572
2016-11-10,6501.639,6536.965
2016-11-11,6539.36,6583.886
2016-11-14,6568.659,6615.007
2016-11-15,6622.878,6640.462
2016-11-16,6647.529,6644.188
2016-11-17,6633.31,6636.469
2016-11-18,6632.627,6602.327
2016-11-21,6597.175,6611.54
2016-11-22,6619.85,6661.246
2016-11-23,6668.248,6631.173
2016-11-24,6635.224,6623.049
2016-11-25,6620.219,6652.818
2016-11-28,6667.266,6670.804
2016-11-29,6658.355,6620.795
2016-11-30,6605.361,6585.578
2016-12-01,6593.594,6624.466
2016-12-02,6617.874,6520.975
2016-12-05,6462.256,6486.017
2016-12-06,6496.164,6490.89
2016-12-07,6493.003,6558.025
2016-12-08,6561.722,6527.434
2016-12-09,6519.395,6513.916
2016-12-12,6512.959,6249.078
2016-12-13,6235.558,6278.179
2016-12-14,6269.081,6239.499
2016-12-15,6216.145,6280.398
2016-12-16,6279.277,6318.524
2016-12-19,6319.857,6320.732
2016-12-20,6314.611,6300.638
2016-12-21,6311.058,6347.606
2016-12-22,6341.201,6341.788
2016-12-23,6339.347,6281.997
2016-12-26,6260.34,6294.755
2016-12-27,6291.647,6288.859
2016-12-28,6288.732,6270.24
2016-12-29,6261.868,6252.608
2016-12-30,6255.62,6263.626
2017-01-03,6273.818,6320.763
2017-01-04,6321.747,6394.669
2017-01-05,6391.584,6399.284
2017-01-06,6398.863,6371.617
2017-01-09,6365.389,6415.418
2017-01-10,6412.762,6393.928
2017-01-11,6381.705,6331.964
2017-01-12,6325.623,6272.851
2017-01-13,6272.79,6194.658
2017-01-16,6184.129,6031.241
2017-01-17,6006.08,6082.066
2017-01-18,6067.168,6068.593
2017-01-19,6054.725,6043.675
2017-01-20,6037.56,6121.998
2017-01-23,6130.44,6172.167
2017-01-24,6167.84,6165.264
2017-01-25,6156.776,6179.568
2017-01-26,6183.159,6223.706
2017-02-03,6227.462,6207.092
2017-02-06,6206.535,6259.247
2017-02-07,6254.2,6255.927
2017-02-08,6248.471,6291.598
2017-02-09,6288.884,6331.177
2017-02-10,6329.683,6337.108
2017-02-13,6341.727,6369.653
2017-02-14,6366.937,6374.885
2017-02-15,6367.644,6311.696
2017-02-16,6308.318,6359.336
2017-02-17,6356.092,6307.163
2017-02-20,6307.234,6385.063
2017-02-21,6390.508,6434.438
2017-02-22,6432.751,6474.225
2017-02-23,6470.617,6473.993
2017-02-24,6466.182,6476.166
2017-02-27,6476.376,6424.255
2017-02-28,6424.995,6450.97
2017-03-01,6446.436,6467.639
2017-03-02,6476.106,6434.626
2017-03-03,6417.389,6452.839
2017-03-06,6457.593,6517.324
2017-03-07,6517.845,6523.187
2017-03-08,6519.974,6497.088
2017-03-09,6484.582,6439.382
2017-03-10,6436.758,6447.917
2017-03-13,6444.558,6507.896
2017-03-14,6508.369,6493.485
2017-03-15,6486.3,6486.062
2017-03-16,6499.832,6543.341
2017-03-17,6543.557,6483.246
2017-03-20,6484.54,6498.342
2017-03-21,6494.773,6515.946
2017-03-22,6486.301,6499.793
2017-03-23,6502.127,6512.187
2017-03-24,6509.233,6546.615
2017-03-27,6545.446,6516.033
2017-03-28,6509.038,6498.69
2017-03-29,6504.246,6480.543
2017-03-30,6467.063,6375.744
2017-03-31,6374.565,6401.648
2017-04-05,6450.896,6539.967
2017-04-06,6554.745,6559.653
2017-04-07,6554.257,6578.726
2017-04-10,6575.46,6566.544
2017-04-11,6566.84,6629.166
2017-04-12,6625.88,6576.476
2017-04-13,6569.24,6615.704
2017-04-14,6623.454,6528.162
2017-04-17,6500.949,6456.598
2017-04-18,6452.918,6418.211
2017-04-19,6390.331,6350.647
2017-04-20,6349.408,6347.773
2017-04-21,6345.771,6300.713
2017-04-24,6282.331,6138.505
2017-04-25,6139.484,6160.461
2017-04-26,6159.893,6176.398
2017-04-27,6157.518,6192.304
2017-04-28,6174.142,6211.862
2017-05-02,6205.101,6216.115
2017-05-03,6205.682,6197.478
2017-05-04,6180.029,6176.305
2017-05-05,6155.197,6089.683
2017-05-08,6076.458,5975.54
2017-05-09,5953.839,6012.002
2017-05-10,6010.73,5885.841
2017-05-11,5856.415,5872.639
2017-05-12,5859.337,5863.783
2017-05-15,5880.696,5893.508
2017-05-16,5882.33,6014.734
2017-05-17,6006.469,6027.65
2017-05-18,5983.35,5976.3
2017-05-19,5973.768,5974.977
2017-05-22,5962.286,5888.813
2017-05-23,5879.559,5764.876
2017-05-24,5740.443,5799.25
2017-05-25,5788.557,5850.801
2017-05-26,5843.521,5836.934
2017-05-31,5887.941,5824.104
2017-06-01,5810.419,5709.999
2017-06-02,5696.829,5772.517
2017-06-05,5778.189,5815.802
2017-06-06,5808.972,5841.523
2017-06-07,5838.881,5955.015
2017-06-08,5947.975,5958.977
2017-06-09,5952.406,5969.274
2017-06-12,5943.644,5902.855
2017-06-13,5895.469,5980.057
2017-06-14,5976.014,5966.431
2017-06-15,5959.475,6021.165
2017-06-16,6016.973,6013.0
2017-06-19,6010.939,6057.412
2017-06-20,6061.11,6066.905
2017-06-21,6074.61,6078.193
2017-06-22,6074.366,5992.335
2017-06-23,5978.239,6010.314
2017-06-26,6013.479,6111.641
2017-06-27,6109.37,6113.166
2017-06-28,6102.228,6086.211
2017-06-29,6089.92,6116.993
2017-06-30,6101.365,6138.156
2017-07-03,6142.171,6177.395
2017-07-04,6169.034,6146.853
2017-07-05,6135.713,6193.964
2017-07-06,6187.43,6201.654
2017-07-07,6182.454,6226.011
2017-07-10,6221.525,6206.557
2017-07-11,6194.616,6128.994
2017-07-12,6124.957,6132.992
2017-07-13,6134.751,6149.934
2017-07-14,6143.326,6128.74
2017-07-17,6108.452,5876.459
2017-07-18,5854.072,5938.434
2017-07-19,5928.008,6059.358
2017-07-20,6052.511,6099.284
2017-07-21,6089.658,6126.108
2017-07-24,6121.327,6167.128
2017-07-25,6159.412,6153.598
2017-07-26,6151.854,6146.703
2017-07-27,6136.96,6184.021
2017-07-28,6170.658,6215.463
2017-07-31,6214.657,6298.0
2017-08-01,6293.056,6286.536
2017-08-02,6289.245,6251.863
2017-08-03,6240.152,6261.968
2017-08-04,6258.847,6225.115
2017-08-07,6227.518,6303.421
2017-08-08,6302.026,6303.716
2017-08-09,6296.115,6340.022
2017-08-10,6322.831,6289.217
2017-08-11,6242.488,6161.19
2017-08-14,6165.13,6292.642
2017-08-15,6291.184,6314.761
2017-08-16,6307.171,6318.799
2017-08-17,6327.028,6366.034
2017-08-18,6324.897,6347.756
2017-08-21,6354.096,6403.78
2017-08-22,6396.926,6375.981
2017-08-23,6359.776,6322.782
2017-08-24,6322.628,6278.59
2017-08-25,6274.351,6346.531
2017-08-28,6348.87,6424.584
2017-08-29,6420.568,6408.157
2017-08-30,6405.896,6453.464
2017-08-31,6451.517,6470.426
2017-09-01,6472.948,6526.505
2017-09-04,6530.509,6564.68
2017-09-05,6561.673,6571.859
2017-09-06,6550.061,6607.118
2017-09-07,6601.343,6558.596
2017-09-08,6554.601,6574.183
2017-09-11,6579.886,6649.628
2017-09-12,6659.802,6644.012
2017-09-13,6635.169,6684.38
2017-09-14,6683.473,6672.185
2017-09-15,6661.521,6622.044
2017-09-18,6616.129,6669.455
2017-09-19,6670.966,6636.02
2017-09-20,6627.692,6692.472
2017-09-21,6684.65,6612.046
2017-09-22,6591.15,6572.01
2017-09-25,6560.135,6489.844
2017-09-26,6484.341,6520.718
2017-09-27,6523.495,6583.14
2017-09-28,6577.432,6567.792
2017-09-29,6572.45,6603.259
2017-10-09,6682.577,6678.371
2017-10-10,6677.372,6705.481
2017-10-11,6702.69,6666.47
2017-10-12,6658.13,6659.096
2017-10-13,6660.026,6709.816
2017-10-16,6709.874,6619.206
2017-10-17,6604.33,6612.943
2017-10-18,6612.489,6563.437
2017-10-19,6553.868,6501.4
2017-10-20,6489.79,6571.424
2017-10-23,6569.786,6612.764
2017-10-24,6605.521,6603.004
2017-10-25,6596.791,6647.892
2017-10-26,6639.887,6671.929
2017-10-27,6664.429,6630.807
2017-10-30,6621.779,6511.762
2017-10-31,6496.687,6560.205
2017-11-01,6559.522,6552.955
2017-11-02,6541.61,6484.926
2017-11-03,6477.824,6426.98
2017-11-06,6432.074,6511.096
2017-11-07,6508.206,6551.936
2017-11-08,6544.59,6561.69
2017-11-09,6562.358,6611.352
2017-11-10,6599.65,6641.216
2017-11-13,6644.692,6671.205
2017-11-14,6664.612,6614.514
2017-11-15,6592.758,6537.656
2017-11-16,6529.314,6558.309
2017-11-17,6549.224,6361.942
2017-11-20,6330.905,6433.17
2017-11-21,6420.388,6456.352
2017-11-22,6456.324,6439.442
2017-11-23,6427.576,6274.512
2017-11-24,6250.057,6278.029
2017-11-27,6269.226,6194.552
2017-11-28,6188.089,6299.312
2017-11-29,6293.246,6318.368
2017-11-30,6303.918,6263.421
2017-12-01,6259.956,6316.407
2017-12-04,6311.216,6279.621
2017-12-05,6265.787,6132.912
2017-12-06,6116.161,6172.803
2017-12-07,6156.351,6135.47
2017-12-08,6128.121,6203.143
2017-12-11,6214.645,6286.166
2017-12-12,6281.139,6233.212
2017-12-13,6224.782,6277.441
2017-12-14,6273.607,6284.081
2017-12-15,6274.098,6235.761
2017-12-18,6229.742,6199.989
2017-12-19,6200.934,6251.242
2017-12-20,6244.062,6199.363
2017-12-21,6191.781,6238.499
2017-12-22,6236.226,6242.885
2017-12-25,6244.864,6185.591
2017-12-26,6179.56,6220.147
2017-12-27,6213.243,6173.153
2017-12-28,6163.964,6204.27
2017-12-29,6201.455,6250.821
2018-01-02,6263.151,6332.227
2018-01-03,6331.72,6388.253
2018-01-04,6380.267,6417.535
2018-01-05,6414.766,6417.254
2018-01-08,6413.873,6446.182
2018-01-09,6441.684,6445.746
2018-01-10,6443.461,6405.94
2018-01-11,6391.904,6425.94
2018-01-12,6418.827,6399.374
2018-01-15,6391.366,6253.376
2018-01-16,6245.153,6301.133
2018-01-17,6288.017,6267.46
2018-01-18,6253.061,6286.801
2018-01-19,6284.596,6272.38
2018-01-22,6264.755,6347.638
2018-01-23,6342.688,6354.998
2018-01-24,6353.298,6394.3
2018-01-25,6386.799,6382.717
2018-01-26,6374.1,6383.631
2018-01-29,6385.037,6309.884
2018-01-30,6301.348,6313.442
2018-01-31,6277.742,6189.341
2018-02-01,6180.999,5984.743
2018-02-02,5937.62,6004.849
2018-02-05,5927.737,5998.224
2018-02-06,5886.346,5704.264
2018-02-07,5805.965,5711.332
2018-02-08,5695.666,5766.48
2018-02-09,5631.96,5554.897
2018-02-12,5581.711,5699.098
2018-02-13,5731.147,5736.951
2018-02-14,5741.884,5754.834
2018-02-22,5800.949,5875.727
2018-02-23,5877.716,5897.677
2018-02-26,5926.421,6029.68
2018-02-27,6025.883,6010.557
2018-02-28,5967.898,6023.677
2018-03-01,5987.359,6090.225
2018-03-02,6053.477,6056.335
2018-03-05,6066.683,6064.098
2018-03-06,6077.369,6145.577
2018-03-07,6133.947,6086.487
2018-03-08,6073.671,6131.514
2018-03-09,6131.125,6206.975
2018-03-12,6230.813,6295.778
2018-03-13,6285.802,6254.146
2018-03-14,6234.242,6189.317
2018-03-15,6172.853,6180.111
2018-03-16,6181.381,6146.306
2018-03-19,6142.52,6153.834
2018-03-20,6109.605,6173.698
2018-03-21,6182.109,6129.204
2018-03-22,6130.048,6101.228
2018-03-23,5913.368,5787.152
2018-03-26,5715.352,5902.959
2018-03-27,5956.236,6034.775
2018-03-28,5962.564,5973.341
2018-03-29,5993.972,6034.857
2018-03-30,6052.176,6114.738
2018-04-02,6127.233,6121.964
2018-04-03,6039.068,6059.709
2018-04-04,6077.647,6017.686
2018-04-09,5994.347,6025.649
2018-04-10,6032.489,6063.742
2018-04-11,6082.032,6086.613
2018-04-12,6073.766,6051.335
2018-04-13,6073.835,6027.187
2018-04-16,6018.169,6012.405
2018-04-17,6024.554,5890.857
2018-04-18,5925.84,5970.658
2018-04-19,5965.237,6004.733
2018-04-20,5984.064,5880.836
2018-04-23,5885.612,5823.921
2018-04-24,5825.452,5957.193
2018-04-25,5929.405,5959.422
2018-04-26,5951.192,5847.977
2018-04-27,5865.442,5860.984
2018-05-02,5861.841,5855.323
2018-05-03,5843.09,5910.606
2018-05-04,5891.12,5909.294
2018-05-07,5921.313,6019.141
2018-05-08,6023.583,6041.814
2018-05-09,6034.456,6029.233
2018-05-10,6036.006,6040.572
2018-05-11,6044.983,5991.342
2018-05-14,5982.471,5967.554
2018-05-15,5972.162,6020.57
2018-05-16,6002.754,6004.07
2018-05-17,6000.741,5973.779
2018-05-18,5968.56,5995.15
2018-05-21,6034.426,6072.199
2018-05-22,6066.251,6092.907
2018-05-23,6080.726,6013.847
2018-05-24,6014.021,5992.621
2018-05-25,5983.94,5917.798
2018-05-28,5910.482,5891.263
2018-05-29,5884.59,5835.446
2018-05-30,5759.449,5682.588
2018-05-31,5722.948,5754.475
2018-06-01,5729.918,5685.116
2018-06-04,5692.97,5683.149
2018-06-05,5681.216,5779.078
2018-06-06,5770.714,5774.258
2018-06-07,5786.46,5738.018
2018-06-08,5731.839,5669.303
2018-06-11,5657.649,5632.357
2018-06-12,5638.348,5693.346
2018-06-13,5678.809,5607.017
2018-06-14,5590.568,5586.931
2018-06-15,5582.84,5483.945
2018-06-19,5396.685,5141.71
2018-06-20,5114.061,5198.394
2018-06-21,5196.13,5089.252
2018-06-22,5052.436,5160.123
2018-06-25,5196.648,5125.033
2018-06-26,5059.383,5160.283
2018-06-27,5159.622,5109.498
2018-06-28,5097.509,5055.109
2018-06-29,5061.089,5217.764
2018-07-02,5216.853,5138.783
2018-07-03,5138.548,5197.131
2018-07-04,5171.19,5121.344
2018-07-05,5109.143,4982.763
2018-07-06,4981.983,4996.63
2018-07-09,5007.213,5107.551
2018-07-10,5114.122,5136.533
2018-07-11,5060.072,5036.157
2018-07-12,5029.294,5172.503
2018-07-13,5174.509,5204.186
2018-07-16,5201.528,5195.2
2018-07-17,5189.149,5196.197
2018-07-18,5198.89,5156.636
2018-07-19,5153.377,5111.327
2018-07-20,5105.652,5175.252
2018-07-23,5146.619,5214.004
2018-07-24,5213.394,5304.641
2018-07-25,5308.015,5308.657
2018-07-26,5307.304,5273.479
2018-07-27,5270.232,5249.29
2018-07-30,5244.772,5185.151
2018-07-31,5182.827,5188.717
2018-08-01,5198.456,5105.374
2018-08-02,5094.342,4996.012
2018-08-03,4982.894,4929.75
2018-08-06,4919.502,4825.251
2018-08-07,4836.313,4956.872
2018-08-08,4940.779,4880.569
2018-08-09,4862.154,5004.773
2018-08-10,5000.049,5030.515
2018-08-13,4981.343,5055.275
2018-08-14,5043.89,5037.883
2018-08-15,5035.566,4932.806
2018-08-16,4876.695,4888.371
2018-08-17,4923.435,4803.029
2018-08-20,4794.237,4832.651
2018-08-21,4831.209,4891.98
2018-08-22,4877.012,4837.018
2018-08-23,4832.007,4863.665
2018-08-24,4853.865,4852.289
2018-08-27,4859.125,4960.066
2018-08-28,4964.734,4974.207
2018-08-29,4972.085,4941.961
2018-08-30,4937.651,4867.121
2018-08-31,4854.965,4814.824
2018-09-03,4808.379,4838.873
2018-09-04,4833.879,4890.281
2018-09-05,4877.114,4815.034
2018-09-06,4800.935,4793.345
2018-09-07,4796.836,4791.778
2018-09-10,4792.599,4704.878
2018-09-11,4702.835,4702.903
2018-09-12,4700.9,4693.974
2018-09-13,4727.43,4721.212
2018-09-14,4720.778,4670.08
2018-09-17,4649.95,4602.39
2018-09-18,4588.234,4683.506
2018-09-19,4673.948,4736.893
2018-09-20,4734.482,4733.481
2018-09-21,4743.805,4805.215
2018-09-25,4774.792,4792.551
2018-09-26,4794.07,4815.631
2018-09-27,4812.645,4755.38
2018-09-28,4762.335,4800.729
2018-10-08,4722.418,4646.493
2018-10-09,4652.488,4634.894
2018-10-10,4634.639,4629.888
2018-10-11,4483.266,4307.421
2018-10-12,4267.356,4278.035
2018-10-15,4283.356,4199.153
2018-10-16,4193.379,4099.683
2018-10-17,4147.346,4133.383
2018-10-18,4104.334,4018.461
2018-10-19,3958.446,4127.985
2018-10-22,4165.757,4333.145
2018-10-23,4336.446,4253.556
2018-10-24,4233.838,4245.488
2018-10-25,4124.185,4234.421
2018-10-26,4260.91,4233.959
2018-10-29,4220.635,4162.526
2018-10-30,4145.397,4204.542
2018-10-31,4207.759,4272.552
2018-11-01,4299.46,4298.984
2018-11-02,4366.734,4437.946
2018-11-05,4427.632,4440.827
2018-11-06,4427.357,4438.097
2018-11-07,4437.722,4415.136
2018-11-08,4442.656,4382.329
2018-11-09,4363.214,4368.614
2018-11-12,4360.632,4481.688
2018-11-13,4430.95,4563.535
2018-11-14,4551.797,4545.509
2018-11-15,4540.881,4619.814
2018-11-16,4625.004,4659.097
2018-11-19,4660.475,4670.737
2018-11-20,4629.126,4537.449
2018-11-21,4483.378,4554.675
2018-11-22,4562.642,4551.326
2018-11-23,4542.11,4374.764
2018-11-26,4371.424,4367.462
2018-11-27,4393.29,4387.652
2018-11-28,4389.832,4441.857
2018-11-29,4462.793,4345.703
2018-11-30,4334.041,4376.651
2018-12-03,4483.663,4515.174
2018-12-04,4506.247,4536.21
2018-12-05,4456.198,4502.702
2018-12-06,4476.81,4411.088
2018-12-07,4419.609,4410.959
2018-12-10,4381.38,4359.312
2018-12-11,4373.027,4395.57
2018-12-12,4408.914,4393.324
2018-12-13,4405.086,4443.157
2018-12-14,4436.002,4337.103
2018-12-17,4322.594,4330.647
2018-12-18,4308.048,4307.268
2018-12-19,4311.279,4247.899
2018-12-20,4240.373,4259.761
2018-12-21,4246.429,4231.144
2018-12-24,4227.354,4274.722
2018-12-25,4233.543,4225.512
2018-12-26,4218.662,4208.405
2018-12-27,4263.335,4161.27
2018-12-28,4168.94,4168.036
2019-01-02,4176.11,4131.957
2019-01-03,4131.695,4112.807
2019-01-04,4075.622,4210.879
2019-01-07,4235.035,4288.323
2019-01-08,4278.28,4277.297
2019-01-09,4286.231,4288.772
2019-01-10,4289.559,4281.861
2019-01-11,4282.394,4314.876
2019-01-14,4317.524,4286.547
2019-01-15,4282.986,4347.356
2019-01-16,4347.076,4336.878
2019-01-17,4334.631,4303.731
2019-01-18,4307.139,4347.811
2019-01-21,4354.7,4373.633
2019-01-22,4370.857,4308.252
2019-01-23,4298.938,4315.685
2019-01-24,4318.709,4338.17
2019-01-25,4341.413,4318.442
2019-01-28,4341.492,4307.22
2019-01-29,4301.469,4254.288
2019-01-30,4235.275,4211.624
2019-01-31,4203.977,4176.474
2019-02-01,4189.11,4294.27
2019-02-11,4306.201,4402.867
2019-02-12,4398.443,4439.485
2019-02-13,4442.728,4512.409
2019-02-14,4507.841,4532.17
2019-02-15,4523.945,4502.735
2019-02-18,4527.969,4660.999
2019-02-19,4683.325,4667.284
2019-02-20,4667.353,4667.624
2019-02-21,4666.281,4659.143
2019-02-22,4651.538,4777.298
2019-02-25,4840.543,5044.347
2019-02-26,5059.284,5038.544
2019-02-27,5027.388,5017.884
2019-02-28,5017.44,5025.291
2019-03-01,5047.228,5067.225
2019-03-04,5112.952,5158.247
2019-03-05,5146.62,5295.288
2019-03-06,5328.128,5390.029
2019-03-07,5381.227,5458.615
2019-03-08,5340.106,5245.7
2019-03-11,5279.751,5456.381
2019-03-12,5500.936,5551.003
2019-03-13,5557.156,5424.864
2019-03-14,5381.11,5298.502
2019-03-15,5328.809,5359.009
2019-03-18,5387.376,5501.183
2019-03-19,5505.699,5522.18
2019-03-20,5518.309,5515.786
2019-03-21,5525.992,5589.478
2019-03-22,5591.043,5622.14
2019-03-25,5521.251,5549.671
2019-03-26,5571.525,5394.879
2019-03-27,5431.978,5447.88
2019-03-28,5432.944,5370.123
2019-03-29,5370.421,5547.656
2019-04-01,5591.665,5757.838
2019-04-02,5794.788,5775.55
2019-04-03,5744.222,5836.037
2019-04-04,5868.392,5871.558
2019-04-08,5921.211,5847.63
2019-04-09,5834.29,5858.046
2019-04-10,5826.026,5850.761
2019-04-11,5852.636,5727.175
2019-04-12,5720.048,5714.368
2019-04-15,5795.501,5655.983
2019-04-16,5625.122,5777.011
2019-04-17,5776.635,5807.729
2019-04-18,5804.301,5775.171
2019-04-19,5762.501,5810.18
2019-04-22,5821.023,5723.042
2019-04-23,5710.733,5628.062
2019-04-24,5636.402,5679.726
2019-04-25,5652.006,5458.419
2019-04-26,5427.623,5408.031
2019-04-29,5405.164,5265.601
2019-04-30,5244.045,5307.56
2019-05-06,5122.47,4908.798
2019-05-07,4933.043,4973.404
2019-05-08,4865.788,4947.742
2019-05-09,4897.978,4888.413
2019-05-10,4940.481,5064.323
2019-05-13,5009.475,5005.904
2019-05-14,4942.394,4965.612
2019-05-15,5002.605,5076.555
2019-05-16,5071.109,5108.359
2019-05-17,5112.241,4942.579
2019-05-20,4937.177,4923.559
2019-05-21,4917.342,5009.873
2019-05-22,5002.16,4976.393
2019-05-23,4955.252,4872.92
2019-05-24,4848.576,4841.757
2019-05-27,4848.642,4962.947
2019-05-28,4965.591,4955.486
2019-05-29,4943.568,4956.864
2019-05-30,4933.501,4926.403
2019-05-31,4923.92,4912.001
2019-06-03,4921.708,4853.815
2019-06-04,4847.663,4795.413
2019-06-05,4837.895,4783.825
2019-06-06,4776.49,4678.784
2019-06-10,4693.763,4725.264
2019-06-11,4730.809,4901.472
2019-06-12,4889.361,4863.492
2019-06-13,4855.54,4877.651
2019-06-14,4880.226,4795.527
2019-06-17,4796.12,4802.819
2019-06-18,4804.302,4797.147
2019-06-19,4902.96,4858.916
2019-06-20,4853.209,4954.734
2019-06-21,4973.585,5021.305
2019-06-24,5032.375,5024.205
2019-06-25,5020.201,4974.988
2019-06-26,4943.775,4962.594
2019-06-27,4974.986,5007.483
2019-06-28,5005.192,4950.48
2019-07-01,5044.664,5100.262
2019-07-02,5092.842,5084.41
2019-07-03,5074.71,5040.723
2019-07-04,5046.883,5025.021
2019-07-05,5026.332,5042.66
2019-07-08,5028.635,4870.781
2019-07-09,4868.475,4881.624
2019-07-10,4891.911,4843.865
2019-07-11,4867.683,4844.547
2019-07-12,4848.222,4861.568
2019-07-15,4850.89,4925.324
2019-07-16,4917.793,4932.046
2019-07-17,4930.647,4929.085
2019-07-18,4909.717,4844.109
2019-07-19,4861.213,4878.69
2019-07-22,4885.429,4776.575
2019-07-23,4778.053,4823.918
2019-07-24,4837.767,4873.027
2019-07-25,4873.174,4891.643
2019-07-26,4880.719,4898.11
2019-07-29,4897.652,4897.018
2019-07-30,4902.841,4922.918
2019-07-31,4914.044,4903.203
2019-08-01,4877.557,4870.469
2019-08-02,4773.43,4809.92
2019-08-05,4795.911,4751.985
2019-08-06,4665.84,4650.563
2019-08-07,4678.428,4626.364
2019-08-08,4641.867,4656.101
2019-08-09,4677.248,4600.353
2019-08-12,4608.117,4685.045
2019-08-13,4649.349,4658.388
2019-08-14,4713.503,4683.84
2019-08-15,4585.094,4706.55
2019-08-16,4702.142,4722.663
2019-08-19,4765.058,4875.036
2019-08-20,4878.675,4872.606
2019-08-21,4865.717,4882.721
2019-08-22,4894.363,4887.914
2019-08-23,4888.533,4887.902
2019-08-26,4799.483,4855.458
2019-08-27,4878.289,4936.124
2019-08-28,4929.894,4928.194
2019-08-29,4937.591,4934.184
2019-08-30,4963.279,4886.494
2019-09-02,4894.05,5008.296
2019-09-03,5019.405,5044.181
2019-09-04,5036.524,5093.266
2019-09-05,5119.574,5138.405
2019-09-06,5152.185,5154.638
2019-09-09,5202.706,5263.459
2019-09-10,5264.328,5245.305
2019-09-11,5262.495,5217.291
2019-09-12,5230.294,5242.612
2019-09-16,5263.301,5250.34
2019-09-17,5237.559,5140.45
2019-09-18,5148.063,5141.038
2019-09-19,5150.498,5191.669
2019-09-20,5198.728,5204.485
2019-09-23,5192.884,5171.484
2019-09-24,5168.122,5180.742
2019-09-25,5162.151,5087.009
2019-09-26,5099.518,4970.24
2019-09-27,4974.032,5005.63
2019-09-30,5009.139,4940.903
2019-10-08,4955.078,4941.761
2019-10-09,4926.209,4982.954
2019-10-10,4988.141,5046.359
2019-10-11,5057.811,5055.517
2019-10-14,5095.216,5131.131
2019-10-15,5115.248,5061.003
2019-10-16,5064.333,5038.356
2019-10-17,5039.271,5029.854
2019-10-18,5033.817,4961.807
2019-10-21,4956.793,4951.035
2019-10-22,4954.108,5005.553
2019-10-23,5009.357,4967.195
2019-10-24,4961.685,4958.247
2019-10-25,4953.327,4994.568
2019-10-28,5026.064,5084.468
2019-10-29,5080.93,5007.713
2019-10-30,4975.673,4947.895
2019-10-31,4950.026,4917.417
2019-11-01,4908.648,4962.35
2019-11-04,4974.363,4987.836
2019-11-05,4995.462,5025.303
2019-11-06,5022.105,4974.734
2019-11-07,4970.529,5007.067
2019-11-08,5036.657,4988.294
2019-11-11,4961.194,4876.159
2019-11-12,4878.972,4881.614
2019-11-13,4878.968,4875.543
2019-11-14,4875.249,4912.108
2019-11-15,4910.205,4868.437
2019-11-18,4862.28,4892.461
2019-11-19,4892.34,4975.113
2019-11-20,4975.756,4946.276
2019-11-21,4929.851,4945.719
2019-11-22,4954.31,4904.083
2019-11-25,4904.995,4901.502
2019-11-26,4906.429,4882.162
2019-11-27,4881.402,4904.257
2019-11-28,4897.653,4889.26
2019-11-29,4888.348,4894.942
2019-12-02,4897.631,4905.421
2019-12-03,4889.407,4926.455
2019-12-04,4902.485,4920.668
2019-12-05,4927.776,4967.602
2019-12-06,4968.041,5010.51
2019-12-09,5020.222,5024.604
2019-12-10,5012.472,5049.051
2019-12-11,5044.937,5027.278
2019-12-12,5025.491,5012.001
2019-12-13,5047.897,5073.686
2019-12-16,5095.348,5166.039
2019-12-17,5167.229,5236.062
2019-12-18,5235.476,5235.125
2019-12-19,5236.915,5241.738
2019-12-20,5244.213,5184.675
2019-12-23,5161.282,5084.351
2019-12-24,5098.805,5162.07
2019-12-25,5157.367,5183.099
2019-12-26,5181.381,5219.14
2019-12-27,5223.47,5179.193
2019-12-30,5160.31,5241.938
2019-12-31,5239.913,5267.662
2020-01-02,5306.668,5366.138
2020-01-03,5376.033,5380.637
2020-01-06,5365.217,5434.85
2020-01-07,5441.903,5499.84
2020-01-08,5481.984,5423.797
2020-01-09,5465.857,5497.543
2020-01-10,5511.674,5480.228
2020-01-13,5478.316,5559.627
2020-01-14,5576.629,5542.332
2020-01-15,5532.961,5530.027
2020-01-16,5539.421,5527.668
2020-01-17,5539.723,5510.045
2020-01-20,5523.01,5587.536
2020-01-21,5581.01,5523.942
2020-01-22,5502.587,5575.513
2020-01-23,5521.792,5377.741
2020-02-03,4896.895,4910.901
2020-02-04,4736.123,4996.474
2020-02-05,5035.409,5123.962
2020-02-06,5128.186,5282.892
2020-02-07,5287.269,5327.037
2020-02-10,5322.009,5388.435
2020-02-11,5390.526,5361.277
2020-02-12,5345.522,5459.946
2020-02-13,5456.659,5412.842
2020-02-14,5407.474,5420.803
2020-02-17,5454.463,5594.437
2020-02-18,5607.84,5660.814
2020-02-19,5654.178,5603.263
2020-02-20,5619.52,5706.713
2020-02-21,5704.836,5784.032
2020-02-24,5784.575,5865.467
2020-02-25,5745.617,5897.722
2020-02-26,5824.048,5743.393
2020-02-27,5770.218,5753.728
2020-02-28,5558.416,5451.29
2020-03-02,5516.439,5656.419
2020-03-03,5756.791,5710.024
2020-03-04,5670.5,5716.511
2020-03-05,5795.25,5801.12
2020-03-06,5737.096,5763.86
2020-03-09,5668.637,5525.817
2020-03-10,5459.173,5675.111
2020-03-11,5692.717,5589.531
2020-03-12,5507.321,5493.884
2020-03-13,5225.506,5457.201
2020-03-16,5496.889,5200.114
2020-03-17,5245.523,5212.062
2020-03-18,5257.944,5119.472
2020-03-19,5119.944,5157.824
2020-03-20,5217.488,5219.281
2020-03-23,5079.355,4998.91
2020-03-24,5089.152,5096.041
2020-03-25,5200.775,5217.424
2020-03-26,5180.466,5166.109
2020-03-27,5222.851,5137.337
2020-03-30,5073.705,5027.486
2020-03-31,5073.523,5041.453
2020-04-01,5029.584,5019.219
2020-04-02,4998.626,5147.202
2020-04-03,5143.519,5107.039
2020-04-07,5202.547,5267.073
2020-04-08,5243.162,5271.796
2020-04-09,5301.266,5322.461
2020-04-10,5321.787,5208.51
2020-04-13,5176.443,5169.176
2020-04-14,5197.172,5288.593
2020-04-15,5291.966,5268.75
2020-04-16,5245.925,5316.971
2020-04-17,5354.983,5318.455
2020-04-20,5329.869,5381.786
2020-04-21,5358.601,5343.881
2020-04-22,5304.731,5387.623
2020-04-23,5402.648,5357.79
2020-04-24,5350.543,5273.547
2020-04-27,5278.979,5265.725
2020-04-28,5268.126,5227.846
2020-04-29,5203.71,5226.812
2020-04-30,5261.047,5353.86
2020-05-06,5320.94,5451.316
2020-05-07,5454.252,5445.752
2020-05-08,5474.874,5507.697
2020-05-11,5529.106,5496.192
2020-05-12,5494.069,5512.464
2020-05-13,5495.897,5536.28
2020-05-14,5513.082,5487.107
2020-05-15,5510.145,5507.934
2020-05-18,5522.723,5478.822
2020-05-19,5515.029,5547.876
2020-05-20,5545.044,5489.702
2020-05-21,5508.204,5426.175
2020-05-22,5421.728,5328.227
2020-05-25,5323.966,5316.604
2020-05-26,5341.111,5420.213
2020-05-27,5426.556,5369.499
2020-05-28,5367.266,5361.167
2020-05-29,5349.568,5406.34
2020-06-01,5446.291,5569.48
2020-06-02,5595.359,5566.444
2020-06-03,5583.701,5572.313
2020-06-04,5589.345,5576.754
2020-06-05,5585.159,5585.423
2020-06-08,5618.375,5575.304
2020-06-09,5582.144,5610.377
2020-06-10,5611.658,5615.242
2020-06-11,5618.641,5589.102
2020-06-12,5483.785,5591.487
2020-06-15,5605.883,5590.644
2020-06-16,5633.259,5695.301
2020-06-17,5708.687,5735.418
2020-06-18,5738.031,5734.403
2020-06-19,5733.429,5787.148
2020-06-22,5793.788,5784.027
2020-06-23,5783.12,5804.343
2020-06-24,5808.539,5789.089
2020-06-29,5774.459,5762.438
2020-06-30,5790.065,5864.416
2020-07-01,5884.54,5881.888
2020-07-02,5880.883,5975.279
2020-07-03,5989.996,6051.51
2020-07-06,6095.956,6299.855
2020-07-07,6368.314,6380.028
2020-07-08,6378.946,6535.415
2020-07-09,6541.285,6693.745
2020-07-10,6664.326,6676.437
2020-07-13,6710.635,6899.518
2020-07-14,6897.003,6807.727
2020-07-15,6815.616,6638.838
2020-07-16,6642.329,6319.998
2020-07-17,6327.027,6344.591
2020-07-20,6419.08,6526.833
2020-07-21,6546.565,6563.324
2020-07-22,6554.168,6620.689
2020-07-23,6562.049,6620.086
2020-07-24,6584.809,6283.983
2020-07-27,6304.586,6298.735
2020-07-28,6345.682,6359.664
2020-07-29,6341.008,6530.271
2020-07-30,6548.701,6511.436
2020-07-31,6499.394,6579.67
2020-08-03,6635.343,6739.809
2020-08-04,6758.494,6697.707
2020-08-05,6696.687,6772.842
2020-08-06,6780.327,6770.302
2020-08-07,6743.291,6688.882
2020-08-10,6666.56,6725.296
2020-08-11,6727.769,6600.847
2020-08-12,6580.006,6528.4
2020-08-13,6552.37,6552.657
2020-08-14,6542.603,6623.563
2020-08-17,6646.542,6744.547
2020-08-18,6747.606,6789.398
2020-08-19,6782.593,6666.274
2020-08-20,6622.005,6593.785
2020-08-21,6628.901,6643.944
2020-08-24,6667.296,6688.965
2020-08-25,6698.12,6652.548
2020-08-26,6650.449,6525.879
2020-08-27,6538.136,6578.791
2020-08-28,6571.898,6691.21
2020-08-31,6719.286,6668.433
2020-09-01,6667.168,6710.46
2020-09-02,6725.691,6717.558
2020-09-03,6715.104,6662.252
2020-09-04,6545.888,6618.576
2020-09-07,6619.898,6478.812
2020-09-08,6493.774,6525.098
2020-09-09,6455.305,6349.223
2020-09-10,6404.665,6235.569
2020-09-11,6209.788,6311.967
2020-09-14,6350.355,6351.242
2020-09-15,6351.037,6387.881
2020-09-16,6379.518,6353.836
2020-09-17,6345.672,6367.021
2020-09-18,6367.792,6469.469
2020-09-21,6492.225,6445.965
2020-09-22,6392.025,6358.652
2020-09-23,6382.281,6392.033
2020-09-24,6353.694,6244.639
2020-09-25,6271.701,6236.89
2020-09-28,6255.021,6178.469
2020-09-29,6206.991,6228.771
2020-09-30,6245.116,6192.505
2020-10-09,6300.07,6357.971
2020-10-12,6408.083,6541.176
2020-10-13,6538.835,6551.399
2020-10-14,6547.838,6508.374
2020-10-15,6511.071,6460.041
2020-10-16,6456.738,6428.682
2020-10-19,6466.566,6358.321
2020-10-20,6349.644,6423.113
2020-10-21,6426.194,6350.013
2020-10-22,6331.804,6317.144
2020-10-23,6312.008,6213.263
2020-10-26,6195.354,6214.378
2020-10-27,6187.473,6221.341
2020-10-28,6221.74,6245.999
2020-10-29,6168.908,6255.193
2020-10-30,6272.927,6111.48
2020-11-02,6119.451,6143.116
2020-11-03,6175.159,6241.768
2020-11-04,6246.637,6234.158
2020-11-05,6294.614,6351.979
2020-11-06,6366.185,6301.248
2020-11-09,6337.442,6421.651
2020-11-10,6434.43,6373.085
2020-11-11,6356.367,6294.606
2020-11-12,6305.066,6315.494
2020-11-13,6304.459,6306.97
2020-11-16,6319.704,6387.371
2020-11-17,6380.769,6336.941
2020-11-18,6333.451,6341.014
2020-11-19,6328.084,6360.6
2020-11-20,6354.787,6422.985
2020-11-23,6435.919,6472.93
2020-11-24,6472.747,6475.188
2020-11-25,6489.255,6350.367
2020-11-26,6349.862,6334.304
2020-11-27,6337.384,6351.612
2020-11-30,6360.462,6320.944
2020-12-01,6307.854,6426.616
2020-12-02,6437.956,6434.979
2020-12-03,6437.384,6440.881
2020-12-04,6426.026,6464.735
2020-12-07,6465.988,6424.682
2020-12-08,6424.159,6423.651
2020-12-09,6430.477,6307.221
2020-12-10,6295.353,6320.096
2020-12-11,6328.828,6209.427
2020-12-14,6207.826,6259.018
2020-12-15,6250.097,6265.582
2020-12-16,6268.211,6235.435
2020-12-17,6225.079,6308.901
2020-12-18,6310.16,6291.918
2020-12-21,6302.258,6398.599
2020-12-22,6372.879,6250.061
2020-12-23,6255.352,6307.604
2020-12-24,6308.48,6205.225
2020-12-25,6190.992,6278.498
2020-12-28,6283.782,6244.482
2020-12-29,6240.736,6199.852
2020-12-30,6196.451,6269.248
2020-12-31,6282.958,6367.115
2021-01-04,6395.612,6482.787
2021-01-05,6470.25,6539.732
2021-01-06,6549.731,6528.143
2021-01-07,6523.676,6538.116
2021-01-08,6541.558,6557.596
2021-01-11,6557.453,6455.399
2021-01-12,6425.815,6543.229
2021-01-13,6550.035,6496.913
2021-01-14,6471.789,6439.885
2021-01-15,6427.13,6417.501
2021-01-18,6414.83,6514.464
2021-01-19,6510.479,6476.374
2021-01-20,6477.668,6535.419
2021-01-21,6552.035,6622.496
2021-01-22,6619.86,6637.805
2021-01-25,6636.22,6645.314
2021-01-26,6621.148,6532.961
2021-01-27,6527.68,6557.161
2021-01-28,6475.861,6414.381
2021-01-29,6448.67,6346.137
2021-02-01,6338.645,6393.278
2021-02-02,6404.853,6454.785
2021-02-03,6459.664,6399.332
2021-02-04,6375.672,6328.788
2021-02-05,6343.83,6239.871
2021-02-08,6247.919,6323.162
2021-02-09,6334.416,6457.881
2021-02-10,6474.75,6525.166
2021-02-18,6657.307,6614.544
2021-02-19,6600.246,6703.482
2021-02-22,6731.505,6657.056
2021-02-23,6613.601,6631.229
2021-02-24,6633.282,6536.186
2021-02-25,6600.205,6499.153
2021-02-26,6365.739,6364.353
2021-03-01,6407.164,6488.439
2021-03-02,6514.021,6433.328
2021-03-03,6426.037,6524.751
2021-03-04,6482.787,6401.992
2021-03-05,6325.752,6403.496
2021-03-08,6453.78,6256.409
2021-03-09,6235.314,6108.003
2021-03-10,6164.768,6062.255
2021-03-11,6074.335,6213.832
2021-03-12,6231.485,6222.38
2021-03-15,6192.299,6173.872
2021-03-16,6176.069,6195.244
2021-03-17,6180.893,6225.359
2021-03-18,6231.193,6273.856
2021-03-19,6195.253,6206.602
2021-03-22,6208.932,6305.692
2021-03-23,6307.98,6219.167
2021-03-24,6180.312,6142.544
2021-03-25,6118.87,6157.407
2021-03-26,6164.824,6251.794
2021-03-29,6269.999,6254.943
2021-03-30,6239.47,6280.359
2021-03-31,6277.696,6254.07
2021-04-01,6259.414,6311.664
2021-04-02,6316.556,6326.606
2021-04-06,6345.891,6343.096
2021-04-07,6350.378,6348.076
2021-04-08,6332.926,6356.753
2021-04-09,6345.29,6335.239
2021-04-12,6325.264,6226.418
2021-04-13,6210.223,6209.78
2021-04-14,6206.637,6277.211
2021-04-15,6263.628,6276.461
2021-04-16,6283.862,6339.591
2021-04-19,6331.71,6425.261
2021-04-20,6419.731,6428.541
2021-04-21,6396.272,6420.259
2021-04-22,6444.284,6445.466
2021-04-23,6445.516,6462.756
2021-04-26,6480.3,6442.645
2021-04-27,6434.613,6446.282
2021-04-28,6433.099,6489.744
2021-04-29,6495.646,6491.928
2021-04-30,6470.353,6485.708
2021-05-06,6503.601,6489.349
2021-05-07,6505.575,6444.443
2021-05-10,6461.418,6475.994
2021-05-11,6436.292,6456.038
2021-05-12,6434.914,6512.05
2021-05-13,6448.96,6439.027
2021-05-14,6454.679,6525.804
2021-05-17,6521.886,6578.14
2021-05-18,6578.971,6599.599
2021-05-19,6582.104,6584.387
2021-05-20,6541.093,6548.711
2021-05-21,6557.488,6527.864
2021-05-24,6515.833,6544.122
2021-05-25,6549.344,6619.671
2021-05-26,6631.366,6628.207
2021-05-27,6629.237,6685.405
2021-05-28,6699.284,6668.17
2021-05-31,6681.55,6728.991
2021-06-01,6718.643,6739.762
2021-06-02,6740.503,6681.429
2021-06-03,6680.105,6667.726
2021-06-04,6642.06,6693.057
2021-06-07,6705.736,6721.502
2021-06-08,6726.087,6684.563
2021-06-09,6677.138,6692.905
2021-06-10,6688.819,6765.644
2021-06-11,6773.642,6725.915
2021-06-15,6734.095,6663.662
2021-06-16,6659.494,6566.286
2021-06-17,6554.301,6616.174
2021-06-18,6610.266,6657.764
2021-06-21,6652.653,6707.176
2021-06-22,6723.298,6739.794
2021-06-23,6741.577,6789.946
2021-06-24,6791.861,6754.866
2021-06-25,6748.866,6813.414
2021-06-28,6814.317,6828.516
2021-06-29,6833.057,6765.42
2021-06-30,6767.742,6808.183
2021-07-01,6827.697,6716.666
2021-07-02,6701.064,6658.045
2021-07-05,6670.126,6711.014
2021-07-06,6727.967,6709.498
2021-07-07,6661.854,6764.132
2021-07-08,6774.845,6748.654
2021-07-09,6721.609,6804.539
2021-07-12,6852.475,6904.382
2021-07-13,6901.812,6961.848
2021-07-14,6953.822,6898.75
2021-07-15,6874.805,6932.406
2021-07-16,6931.051,6925.123
2021-07-19,6912.098,6889.338
2021-07-20,6831.051,6901.132
2021-07-21,6923.612,6984.542
2021-07-22,6996.255,7026.548
2021-07-23,7036.298,6985.75
2021-07-26,6974.109,6868.207
2021-07-27,6877.442,6719.256
2021-07-28,6650.152,6621.985
2021-07-29,6720.616,6758.887
2021-07-30,6739.755,6767.316
2021-08-02,6756.813,6872.0
2021-08-03,6844.37,6816.011
2021-08-04,6814.085,6931.337
2021-08-05,6920.939,6911.829
2021-08-06,6929.023,6938.868
2021-08-09,6914.322,6979.526
2021-08-10,6970.826,7019.228
2021-08-11,7024.769,7073.522
2021-08-12,7059.467,7095.202
2021-08-13,7070.471,7088.888
2021-08-16,7087.58,7052.488
2021-08-17,7045.755,6894.404
2021-08-18,6883.266,6941.008
2021-08-19,6917.509,6947.056
2021-08-20,6915.018,6920.025
2021-08-23,6949.332,7024.565
2021-08-24,7031.648,7090.782
2021-08-25,7092.147,7153.004
2021-08-26,7151.53,7118.844
2021-08-27,7096.655,7180.109
2021-08-30,7202.626,7226.882
2021-08-31,7202.524,7255.342
2021-09-01,7271.034,7193.1
2021-09-02,7172.399,7307.008
2021-09-03,7335.696,7278.681
2021-09-06,7297.361,7355.401
2021-09-07,7360.383,7498.926
2021-09-08,7496.334,7544.041
2021-09-09,7534.982,7617.451
2021-09-10,7613.604,7607.675
2021-09-13,7613.54,7648.748
2021-09-14,7630.715,7556.616
2021-09-15,7535.251,7592.306
2021-09-16,7616.881,7446.935
2021-09-17,7421.805,7395.565
2021-09-22,7305.079,7453.625
2021-09-23,7512.331,7502.839
2021-09-24,7490.565,7380.384
2021-09-27,7400.005,7170.59
2021-09-28,7158.62,7198.897
2021-09-29,7142.761,7010.219
2021-09-30,7034.694,7103.608
2021-10-08,7191.225,7091.336
2021-10-11,7102.882,7090.467
2021-10-12,7069.352,6952.19
2021-10-13,6957.729,6981.595
2021-10-14,6970.647,7008.333
2021-10-15,6996.12,7024.16
2021-10-18,7027.14,7068.105
2021-10-19,7060.775,7120.379
2021-10-20,7081.985,7118.796
2021-10-21,7127.635,7098.254
2021-10-22,7089.135,7026.068
2021-10-25,7019.022,7103.986
2021-10-26,7120.066,7102.434
2021-10-27,7093.124,7048.604
2021-10-28,7026.294,6950.277
2021-10-29,6955.847,7022.499
2021-11-01,7005.069,7060.756
2021-11-02,7061.002,6985.1
2021-11-03,6975.064,7017.854
2021-11-04,7031.947,7073.852
2021-11-05,7071.083,6991.908
2021-11-08,6986.496,7026.972
2021-11-09,7037.573,7081.754
2021-11-10,7061.636,7062.331
2021-11-11,7048.863,7119.859
2021-11-12,7118.993,7156.613
2021-11-15,7166.037,7098.213
2021-11-16,7083.921,7045.939
2021-11-17,7043.633,7104.534
2021-11-18,7108.78,7084.683
2021-11-19,7083.007,7169.876
2021-11-22,7177.401,7255.074
2021-11-23,7245.946,7261.379
2021-11-24,7260.216,7256.112
2021-11-25,7262.793,7233.542
2021-11-26,7216.638,7219.862
2021-11-29,7129.939,7221.898
2021-11-30,7252.332,7252.755
2021-12-01,7239.128,7272.837
2021-12-02,7256.424,7229.988
2021-12-03,7233.572,7301.917
2021-12-06,7308.989,7240.456
2021-12-07,7274.126,7206.826
2021-12-08,7225.0,7302.991
2021-12-09,7298.796,7320.318
2021-12-10,7285.974,7306.646
2021-12-13,7334.11,7353.031
2021-12-14,7330.236,7324.133
2021-12-15,7319.664,7314.259
2021-12-16,7323.412,7380.997
2021-12-17,7380.72,7314.56
2021-12-20,7290.949,7195.973
2021-12-21,7190.973,7275.468
2021-12-22,7289.907,7302.463
2021-12-23,7306.159,7337.19
2021-12-24,7336.0,7278.756
2021-12-27,7269.37,7272.749
2021-12-28,7281.004,7286.034
2021-12-29,7275.674,7247.774
2021-12-30,7246.031,7310.96
2021-12-31,7320.936,7359.402
2022-01-04,7387.806,7354.456
2022-01-05,7343.9,7222.675
2022-01-06,7187.95,7229.96
2022-01-07,7232.409,7175.676
2022-01-10,7161.438,7191.451
2022-01-11,7187.016,7135.223
2022-01-12,7160.176,7196.933
2022-01-13,7203.243,7097.759
2022-01-14,7063.423,7081.141
2022-01-17,7080.616,7157.859
2022-01-18,7163.128,7163.159
2022-01-19,7144.477,7118.762
2022-01-20,7119.51,7056.785
2022-01-21,7037.939,6976.616
2022-01-24,6942.918,6979.246
2022-01-25,6959.995,6743.957
2022-01-26,6762.351,6782.576
2022-01-27,6781.608,6605.916
2022-01-28,6690.176,6580.53
2022-02-07,6664.568,6676.612
2022-02-08,6678.989,6742.192
2022-02-09,6736.751,6843.027
2022-02-10,6841.161,6840.485
2022-02-11,6811.78,6745.024
2022-02-14,6711.588,6695.696
2022-02-15,6700.818,6760.278
2022-02-16,6779.208,6772.034
2022-02-17,6764.334,6768.789
2022-02-18,6734.519,6835.022
2022-02-21,6843.084,6867.113
2022-02-22,6827.047,6784.762
2022-02-23,6785.103,6887.424
2022-02-24,6861.412,6764.876
2022-02-25,6805.637,6819.431
2022-02-28,6831.488,6853.308
2022-03-01,6868.622,6874.045
2022-03-02,6853.072,6875.24
2022-03-03,6900.977,6859.552
2022-03-04,6823.835,6803.834
2022-03-07,6800.767,6659.39
2022-03-08,6650.58,6429.889
2022-03-09,6443.202,6305.609
2022-03-10,6424.912,6414.94
2022-03-11,6343.186,6474.127
2022-03-14,6419.239,6323.578
2022-03-15,6272.443,5964.981
2022-03-16,6068.9,6156.271
2022-03-17,6233.644,6267.524
2022-03-18,6249.476,6332.217
2022-03-21,6340.559,6358.943
2022-03-22,6343.4,6358.109
2022-03-23,6368.313,6398.101
2022-03-24,6370.971,6344.115
2022-03-25,6346.711,6268.238
2022-03-28,6230.121,6283.281
2022-03-29,6289.476,6253.069
2022-03-30,6272.002,6377.874
2022-03-31,6361.104,6324.961
2022-04-01,6289.39,6364.521
2022-04-06,6363.002,6356.927
2022-04-07,6321.809,6221.591
2022-04-08,6227.195,6224.117
2022-04-11,6202.023,6029.894
2022-04-12,6019.674,6126.907
2022-04-13,6094.685,6044.326
2022-04-14,6074.134,6126.49
2022-04-15,6094.122,6070.749
2022-04-18,6019.531,6074.007
2022-04-19,6067.48,6092.396
2022-04-20,6082.812,5956.921
2022-04-21,5933.789,5759.801
2022-04-22,5728.193,5740.984
2022-04-25,5656.394,5369.717
2022-04-26,5374.255,5234.006
2022-04-27,5179.031,5437.037
2022-04-28,5398.904,5418.764
2022-04-29,5458.915,5627.902
2022-05-05,5612.496,5686.702
2022-05-06,5560.976,5563.769
2022-05-09,5552.476,5608.516
2022-05-10,5532.6,5690.087
2022-05-11,5697.429,5737.817
2022-05-12,5707.556,5743.101
2022-05-13,5765.317,5796.801
2022-05-16,5840.243,5791.081
2022-05-17,5789.916,5816.338
2022-05-18,5815.605,5797.49
2022-05-19,5708.801,5838.407
2022-05-20,5854.014,5929.488
2022-05-23,5941.142,5965.728
2022-05-24,5962.149,5745.675
2022-05-25,5741.235,5844.255
2022-05-26,5848.026,5911.561
2022-05-27,5921.332,5899.915
2022-05-30,5918.243,5942.832
2022-05-31,5940.372,6026.237
2022-06-01,6008.752,6023.644
2022-06-02,6000.618,6078.435
2022-06-06,6079.885,6187.444
2022-06-07,6186.577,6186.567
2022-06-08,6184.96,6217.828
2022-06-09,6207.727,6130.686
2022-06-10,6083.501,6240.103
2022-06-13,6188.766,6233.619
2022-06-14,6161.62,6275.565
2022-06-15,6275.371,6261.061
2022-06-16,6262.287,6264.822
2022-06-17,6220.583,6316.309
2022-06-20,6323.406,6330.394
2022-06-21,6324.841,6277.001
2022-06-22,6281.867,6179.57
2022-06-23,6186.987,6300.475
2022-06-24,6306.829,6368.283
2022-06-27,6398.36,6407.745
2022-06-28,6412.44,6501.352
2022-06-29,6479.17,6374.297
2022-06-30,6385.215,6454.078
2022-07-01,6450.75,6438.538
2022-07-04,6445.075,6523.131
2022-07-05,6535.454,6511.53
2022-07-06,6489.021,6418.545
2022-07-07,6414.408,6452.986
2022-07-08,6478.291,6404.439
2022-07-11,6387.449,6319.14
2022-07-12,6317.878,6241.479
2022-07-13,6238.68,6268.494
2022-07-14,6267.472,6302.432
2022-07-15,6279.677,6196.8
2022-07-18,6216.1,6312.356
2022-07-19,6318.837,6335.709
2022-07-20,6353.003,6410.709
2022-07-21,6400.066,6347.598
2022-07-22,6353.925,6289.533
2022-07-25,6297.1,6231.236
2022-07-26,6239.209,6307.956
2022-07-27,6301.608,6332.233
2022-07-28,6361.273,6348.166
2022-07-29,6356.52,6294.114
2022-08-01,6293.383,6347.221
2022-08-02,6288.606,6169.996
2022-08-03,6171.617,6124.315
2022-08-04,6160.486,6158.735
2022-08-05,6175.481,6270.511
2022-08-08,6266.567,6323.075
2022-08-09,6314.104,6341.481
2022-08-10,6331.413,6322.056
2022-08-11,6349.496,6439.359
2022-08-12,6425.11,6420.853
2022-08-15,6405.717,6442.809
2022-08-16,6446.76,6465.187
2022-08-17,6473.253,6493.505
2022-08-18,6481.37,6468.806
2022-08-19,6468.823,6391.716
2022-08-22,6381.34,6472.68
2022-08-23,6460.172,6466.405
2022-08-24,6470.686,6284.577
2022-08-25,6303.145,6322.696
2022-08-26,6331.079,6298.374
2022-08-29,6213.402,6310.402
2022-08-30,6309.579,6285.927
2022-08-31,6265.593,6155.746
2022-09-01,6153.287,6126.769
2022-09-02,6135.296,6149.427
2022-09-05,6147.706,6182.647
2022-09-06,6198.487,6291.571
2022-09-07,6269.991,6301.564
2022-09-08,6299.907,6272.575
2022-09-09,6275.898,6316.972
2022-09-13,6334.861,6300.422
2022-09-14,6214.912,6249.963
2022-09-15,6280.446,6107.796
2022-09-16,6091.42,5954.504
2022-09-19,5947.857,5913.149
2022-09-20,5949.336,5958.292
2022-09-21,5943.094,5978.581
2022-09-22,5938.099,5965.885
2022-09-23,5961.062,5889.602
2022-09-26,5841.578,5806.318
2022-09-27,5823.548,5920.053
2022-09-28,5910.049,5769.52
2022-09-29,5823.272,5771.881
2022-09-30,5764.152,5714.063
2022-10-10,5729.755,5635.711
2022-10-11,5642.479,5684.506
2022-10-12,5680.364,5820.454
2022-10-13,5789.661,5830.336
2022-10-14,5866.859,5973.439
2022-10-17,5952.38,6015.596
2022-10-18,6031.047,6035.674
2022-10-19,6021.8,5972.723
2022-10-20,5943.477,5948.862
2022-10-21,5959.207,5956.881
2022-10-24,5968.542,5896.903
2022-10-25,5864.025,5869.781
2022-10-26,5871.077,5971.601
2022-10-27,5978.285,5963.004
2022-10-28,5922.819,5781.797
2022-10-31,5745.078,5807.106
2022-11-01,5814.215,5941.145
2022-11-02,5925.651,5997.804
2022-11-03,5944.511,5996.719
2022-11-04,5996.305,6133.463
2022-11-07,6133.239,6141.409
2022-11-08,6139.89,6134.256
2022-11-09,6140.542,6120.829
2022-11-10,6085.285,6089.695
2022-11-11,6223.228,6138.621
2022-11-14,6140.188,6129.513
2022-11-15,6125.107,6236.384
2022-11-16,6238.584,6203.917
2022-11-17,6182.691,6217.205
2022-11-18,6213.091,6191.648
2022-11-21,6147.717,6189.709
2022-11-22,6178.163,6125.4
2022-11-23,6114.269,6115.605
2022-11-24,6126.598,6120.066
2022-11-25,6095.126,6087.859
2022-11-28,5999.855,6055.284
2022-11-29,6071.449,6163.821
2022-11-30,6156.772,6156.147
2022-12-01,6211.291,6186.102
2022-12-02,6177.923,6168.013
2022-12-05,6201.98,6215.124
2022-12-06,6202.524,6211.252
2022-12-07,6198.053,6204.005
2022-12-08,6199.164,6186.284
2022-12-09,6185.794,6192.301
2022-12-12,6181.244,6154.809
2022-12-13,6153.738,6121.662
2022-12-14,6122.432,6096.386
2022-12-15,6090.118,6101.879
2022-12-16,6071.956,6072.863
2022-12-19,6058.894,5936.475
2022-12-20,5919.027,5878.031
2022-12-21,5879.272,5845.835
2022-12-22,5867.724,5779.056
2022-12-23,5751.949,5763.346
2022-12-26,5769.069,5843.256
2022-12-27,5857.754,5885.662
2022-12-28,5869.456,5862.097
2022-12-29,5843.943,5857.402
2022-12-30,5875.279,5864.467
2023-01-03,5861.55,5955.897
2023-01-04,5952.506,5952.454
2023-01-05,5959.438,6010.464
2023-01-06,6004.173,6012.815
2023-01-09,6028.399,6040.019
2023-01-10,6044.641,6048.297
2023-01-11,6049.039,6014.157
2023-01-12,6022.561,6015.287
2023-01-13,6030.93,6057.69
2023-01-16,6068.912,6126.177
2023-01-17,6129.735,6132.639
2023-01-18,6139.691,6151.456
2023-01-19,6145.621,6204.326
2023-01-20,6214.025,6251.434
2023-01-30,6331.876,6283.327
2023-01-31,6266.296,6289.15
2023-02-01,6300.5,6365.905
2023-02-02,6383.298,6370.141
2023-02-03,6354.714,6343.686
2023-02-06,6314.6,6302.335
2023-02-07,6309.221,6317.238
2023-02-08,6319.516,6268.276
2023-02-09,6256.312,6354.562
2023-02-10,6348.999,6334.252
2023-02-13,6333.219,6383.828
2023-02-14,6394.62,6397.215
2023-02-15,6398.874,6384.348
2023-02-16,6384.215,6289.479
2023-02-17,6284.923,6237.405
2023-02-20,6248.256,6346.068
2023-02-21,6349.907,6383.425
2023-02-22,6352.028,6375.068
2023-02-23,6377.293,6360.32
2023-02-24,6367.631,6340.844
2023-02-27,6318.639,6307.206
2023-02-28,6323.842,6357.535
2023-03-01,6356.504,6402.141
2023-03-02,6398.256,6382.232
2023-03-03,6384.064,6390.318
2023-03-06,6398.102,6395.219
2023-03-07,6389.811,6284.299
2023-03-08,6264.432,6301.516
2023-03-09,6311.042,6285.952
2023-03-10,6251.56,6204.899
2023-03-13,6189.976,6245.003
2023-03-14,6237.731,6189.397
2023-03-15,6210.928,6224.64
2023-03-16,6191.296,6140.832
2023-03-17,6174.192,6183.184
2023-03-20,6195.351,6160.354
2023-03-21,6171.886,6234.679
2023-03-22,6244.362,6269.738
2023-03-23,6253.577,6305.759
2023-03-24,6312.431,6310.098
2023-03-27,6304.479,6311.6
2023-03-28,6314.582,6279.922
2023-03-29,6285.954,6260.551
2023-03-30,6257.64,6286.177
2023-03-31,6284.852,6339.818
2023-04-03,6346.693,6413.807
2023-04-04,6414.818,6408.899
2023-04-06,6387.229,6416.846
2023-04-07,6418.26,6464.466
2023-04-10,6474.942,6410.522
2023-04-11,6405.628,6420.877
2023-04-12,6415.704,6443.439
2023-04-13,6438.164,6404.646
2023-04-14,6420.312,6431.069
2023-04-17,6422.867,6459.24
2023-04-18,6448.757,6449.853
2023-04-19,6444.873,6416.97
2023-04-20,6408.808,6411.756
2023-04-21,6411.514,6250.545
2023-04-24,6250.964,6208.78
2023-04-25,6205.618,6118.153
2023-04-26,6095.134,6142.154
2023-04-27,6127.644,6157.936
2023-04-28,6151.643,6241.244
2023-05-04,6223.226,6262.389
2023-05-05,6255.704,6200.576
2023-05-08,6202.679,6248.583
2023-05-09,6242.662,6181.976
2023-05-10,6167.135,6173.809
2023-05-11,6185.669,6154.47
2023-05-12,6138.94,6091.646
2023-05-15,6094.676,6159.389
2023-05-16,6159.169,6110.827
2023-05-17,6097.977,6122.052
2023-05-18,6132.518,6128.176
2023-05-19,6116.843,6117.083
2023-05-22,6111.845,6115.315
2023-05-23,6114.214,6052.43
2023-05-24,6032.689,6005.791
2023-05-25,6000.219,5988.189
2023-05-26,5983.137,6034.983
2023-05-29,6046.543,6025.155
2023-05-30,6008.462,6061.309
2023-05-31,6044.02,6047.802
2023-06-01,6028.803,6051.46
2023-06-02,6061.911,6105.218
2023-06-05,6102.13,6097.106
2023-06-06,6088.663,5983.42
2023-06-07,5982.309,5987.011
2023-06-08,5971.725,5966.148
2023-06-09,5968.7,6009.583
2023-06-12,5999.617,6027.712
2023-06-13,6016.686,6044.037
2023-06-14,6046.438,6044.077
2023-06-15,6049.468,6096.808
2023-06-16,6094.844,6148.013
2023-06-19,6148.855,6131.385
2023-06-20,6122.745,6126.113
2023-06-21,6104.247,5990.846
2023-06-26,5947.57,5887.032
2023-06-27,5897.695,5948.003
2023-06-28,5945.645,5942.311
2023-06-29,5928.709,5940.578
2023-06-30,5931.871,5998.729
2023-07-03,6009.27,6042.312
2023-07-04,6042.722,6055.258
2023-07-05,6050.346,6020.821
2023-07-06,6010.655,5988.553
2023-07-07,5973.976,5961.606
2023-07-10,5980.608,5984.281
2023-07-11,5991.021,6029.232
2023-07-12,6030.645,5962.794
2023-07-13,5986.252,6044.058
2023-07-14,6052.95,6030.519
2023-07-17,6012.765,6012.69
2023-07-18,6015.982,6001.8
2023-07-19,5998.381,5993.413
2023-07-20,5996.838,5925.484
2023-07-21,5914.354,5925.626
2023-07-24,5913.571,5916.714
2023-07-25,5976.968,6016.631
2023-07-26,6014.761,6001.54
2023-07-27,5998.849,5961.184
2023-07-28,5945.914,6043.244
2023-07-31,6059.11,6088.243
2023-08-01,6086.898,6098.879
2023-08-02,6088.136,6077.465
2023-08-03,6062.643,6098.687
2023-08-04,6126.15,6128.556
2023-08-07,6115.836,6090.731
2023-08-08,6077.303,6066.102
2023-08-09,6049.449,6021.751
2023-08-10,6013.35,6031.711
2023-08-11,6030.045,5913.35
2023-08-14,5864.482,5916.803
2023-08-15,5919.769,5879.778
2023-08-16,5858.597,5833.216
2023-08-17,5808.91,5874.361
2023-08-18,5875.11,5777.797
2023-08-21,5764.668,5710.778
2023-08-22,5733.255,5741.061
2023-08-23,5732.394,5629.5
2023-08-24,5650.359,5652.673
2023-08-25,5624.77,5581.212
2023-08-28,5885.884,5644.141
2023-08-29,5631.006,5770.316
2023-08-30,5780.285,5775.153
2023-08-31,5770.953,5739.398
2023-09-01,5746.413,5750.803
2023-09-04,5772.027,5829.784
2023-09-05,5819.967,5788.715
2023-09-06,5771.849,5790.381
2023-09-07,5782.071,5702.701
2023-09-08,5684.656,5708.623
2023-09-11,5723.018,5774.731
2023-09-12,5774.466,5770.926
2023-09-13,5764.824,5715.397
2023-09-14,5714.675,5702.102
2023-09-15,5716.294,5704.663
2023-09-18,5685.853,5719.689
2023-09-19,5713.495,5687.901
2023-09-20,5677.925,5651.006
2023-09-21,5638.441,5611.919
2023-09-22,5606.835,5698.817
2023-09-25,5694.903,5666.664
2023-09-26,5661.032,5646.654
2023-09-27,5642.385,5674.345
2023-09-28,5687.641,5690.77
2023-10-09,5679.641,5658.083
2023-10-10,5665.662,5630.371
2023-10-11,5639.072,5629.789
2023-10-12,5655.613,5671.642
2023-10-13,5645.437,5633.383
2023-10-16,5633.301,5580.667
2023-10-17,5585.145,5595.342
2023-10-18,5586.021,5524.599
2023-10-19,5496.757,5464.027
2023-10-20,5443.456,5423.675
2023-10-23,5400.544,5290.334
2023-10-24,5311.669,5352.012
2023-10-25,5386.426,5375.998
2023-10-26,5351.163,5398.934
2023-10-27,5387.274,5492.027
2023-10-30,5484.624,5546.388
2023-10-31,5547.324,5528.239
2023-11-01,5534.888,5509.966
2023-11-02,5514.517,5459.452
2023-11-03,5462.144,5510.357
2023-11-06,5549.291,5605.062
2023-11-07,5594.467,5611.098
2023-11-08,5602.971,5608.017
2023-11-09,5602.49,5592.057
2023-11-10,5577.337,5573.1
2023-11-13,5589.06,5605.569
2023-11-14,5602.983,5630.553
2023-11-15,5677.55,5664.617
2023-11-16,5647.061,5609.361
2023-11-17,5598.953,5631.423
2023-11-20,5635.587,5659.773
2023-11-21,5669.165,5641.084
2023-11-22,5622.862,5572.899
2023-11-23,5566.733,5622.989
2023-11-24,5619.319,5570.421
2023-11-27,5562.749,5566.507
2023-11-28,5561.577,5591.496
2023-11-29,5588.774,5553.335
2023-11-30,5548.524,5545.05
2023-12-01,5541.226,5566.869
2023-12-04,5578.421,5559.068
2023-12-05,5542.867,5460.409
2023-12-06,5448.458,5481.824
2023-12-07,5475.268,5481.136
2023-12-08,5484.683,5497.99
2023-12-11,5473.651,5564.854
2023-12-12,5560.436,5566.178
2023-12-13,5557.046,5507.513
2023-12-14,5532.986,5489.327
2023-12-15,5499.369,5449.786
2023-12-18,5436.989,5385.27
2023-12-19,5380.735,5379.874
2023-12-20,5385.996,5309.287
2023-12-21,5286.453,5338.762
2023-12-22,5337.381,5311.69
2023-12-25,5301.574,5315.375
2023-12-26,5312.8,5258.284
2023-12-27,5261.57,5285.53
2023-12-28,5280.69,5382.797
2023-12-29,5376.977,5429.229
2024-01-02,5431.478,5409.455
2024-01-03,5398.294,5401.395
2024-01-04,5395.143,5355.322
2024-01-05,5347.073,5281.871
2024-01-08,5268.234,5167.7
2024-01-09,5176.113,5180.653
2024-01-10,5167.732,5158.078
2024-01-11,5152.359,5223.863
2024-01-12,5213.136,5206.178
2024-01-15,5189.528,5193.296
2024-01-16,5188.369,5190.398
2024-01-17,5180.925,5061.54
2024-01-18,5033.103,5066.958
2024-01-19,5056.477,5018.433
2024-01-22,5008.68,4780.975
2024-01-23,4771.496,4865.743
2024-01-24,4886.204,4933.701
2024-01-25,4931.627,5073.178
2024-01-26,5055.288,5027.093
2024-01-29,5032.111,4927.914
2024-01-30,4898.361,4814.991
2024-01-31,4786.813,4696.98
2024-02-01,4667.913,4678.731
2024-02-02,4686.1,4563.222
2024-02-05,4527.709,4460.264
2024-02-06,4411.298,4805.901
2024-02-07,4813.955,5109.569
2024-02-08,5131.803,5150.229
2024-02-19,5225.138,5141.604
2024-02-20,5107.568,5140.958
2024-02-21,5101.411,5139.037
2024-02-22,5133.548,5176.343
2024-02-23,5190.647,5197.712
2024-02-26,5194.737,5195.464
2024-02-27,5174.819,5307.804
2024-02-28,5311.425,5184.047
2024-02-29,5154.149,5346.793
2024-03-01,5350.857,5379.048
2024-03-04,5386.944,5388.82
2024-03-05,5358.221,5351.827
2024-03-06,5332.833,5350.102
2024-03-07,5354.334,5277.299
2024-03-08,5282.408,5349.595
2024-03-11,5342.178,5441.051
2024-03-12,5445.878,5423.718
2024-03-13,5430.044,5415.113
2024-03-14,5415.15,5392.927
2024-03-15,5380.019,5454.146
2024-03-18,5472.315,5528.447
2024-03-19,5514.55,5478.225
2024-03-20,5469.606,5493.414
2024-03-21,5505.699,5465.829
2024-03-22,5454.414,5384.566
2024-03-25,5369.776,5294.746
2024-03-26,5291.523,5284.419
2024-03-27,5280.733,5156.684
2024-03-28,5156.48,5223.806
2024-03-29,5220.552,5286.161
2024-04-01,5309.833,5401.225
2024-04-02,5395.481,5381.229
2024-04-03,5373.502,5374.595
2024-04-08,5358.957,5298.591
2024-04-09,5294.474,5342.898
2024-04-10,5335.73,5275.473
2024-04-11,5244.054,5301.809
2024-04-12,5307.723,5277.219
2024-04-15,5270.042,5339.722
2024-04-16,5309.101,5191.554
2024-04-17,5211.249,5339.747
2024-04-18,5317.799,5349.836
2024-04-19,5322.359,5314.867
2024-04-22,5289.407,5267.581
2024-04-23,5257.766,5208.271
2024-04-24,5210.183,5263.039
2024-04-25,5240.482,5259.335
2024-04-26,5258.385,5372.121
2024-04-29,5371.212,5478.491
2024-04-30,5471.168,5441.141
2024-05-06,5498.444,5528.604
2024-05-07,5532.323,5527.085
2024-05-08,5516.448,5458.756
2024-05-09,5461.36,5556.771
2024-05-10,5562.193,5535.395
2024-05-13,5503.129,5505.26
2024-05-14,5508.466,5500.738
2024-05-15,5495.557,5446.656
2024-05-16,5461.108,5424.665
2024-05-17,5418.658,5491.894
2024-05-20,5496.79,5523.501
2024-05-21,5511.484,5478.913
2024-05-22,5472.01,5468.607
2024-05-23,5448.94,5362.305
2024-05-24,5348.51,5313.455
2024-05-27,5325.851,5371.369
2024-05-28,5363.33,5316.129
2024-05-29,5308.593,5328.306
2024-05-30,5316.398,5308.66
2024-05-31,5310.722,5308.54
2024-06-03,5300.787,5274.069
2024-06-04,5263.226,5341.95
2024-06-05,5328.868,5277.941
2024-06-06,5291.521,5228.8
2024-06-07,5247.146,5208.98
2024-06-11,5182.413,5217.47
2024-06-12,5209.134,5232.953
2024-06-13,5231.91,5194.59
2024-06-14,5180.289,5213.093
2024-06-17,5189.284,5207.128
2024-06-18,5207.978,5230.891
2024-06-19,5235.476,5168.82
2024-06-20,5162.161,5094.565
2024-06-21,5079.923,5102.329
2024-06-24,5072.803,4992.91
2024-06-25,4989.071,4948.634
2024-06-26,4942.165,5020.432
2024-06-27,4998.994,4928.051
2024-06-28,4914.669,4942.782
2024-07-01,4943.787,5003.161
2024-07-02,5000.576,4949.477
2024-07-03,4945.399,4910.925
2024-07-04,4917.441,4834.498
2024-07-05,4828.863,4866.265
2024-07-08,4857.025,4783.617
2024-07-09,4775.313,4876.899
2024-07-10,4857.483,4844.162
2024-07-11,4902.811,4939.732
2024-07-12,4926.981,4919.364
2024-07-15,4903.516,4883.897
2024-07-16,4877.601,4898.363
2024-07-17,4893.414,4856.579
2024-07-18,4822.13,4877.692
2024-07-19,4853.042,4872.053
2024-07-22,4872.636,4865.978
2024-07-23,4862.971,4722.799
2024-07-24,4712.287,4668.062
2024-07-25,4644.422,4665.449
2024-07-26,4670.446,4736.377
2024-07-29,4740.499,4708.844
2024-07-30,4694.525,4699.282
2024-07-31,4694.729,4886.414
2024-08-01,4893.871,4852.973
2024-08-02,4816.937,4788.616
2024-08-05,4756.076,4693.848
2024-08-06,4740.454,4750.776
2024-08-07,4747.98,4751.941
2024-08-08,4737.093,4755.815
2024-08-09,4778.257,4720.31
2024-08-12,4716.961,4714.159
2024-08-13,4713.96,4731.835
2024-08-14,4729.815,4667.073
2024-08-15,4656.695,4698.375
2024-08-16,4703.604,4670.379
2024-08-19,4666.331,4682.963
2024-08-20,4684.295,4602.01
2024-08-21,4589.089,4587.122
2024-08-22,4589.496,4533.37
2024-08-23,4523.991,4537.087
2024-08-26,4542.856,4544.359
2024-08-27,4532.486,4495.286
2024-08-28,4486.431,4500.009
2024-08-29,4483.553,4557.901
2024-08-30,4557.501,4639.114
2024-09-02,4631.9,4546.883
2024-09-03,4543.22,4596.482
2024-09-04,4567.686,4582.084
2024-09-05,4585.168,4601.091
2024-09-06,4609.342,4537.454
2024-09-09,4517.566,4507.187
2024-09-10,4509.324,4507.707
2024-09-11,4490.187,4514.916
2024-09-12,4518.988,4496.592
2024-09-13,4500.395,4450.959
2024-09-18,4450.089,4462.87
2024-09-19,4481.464,4520.394
2024-09-20,4514.96,4498.39
2024-09-23,4495.781,4494.688
2024-09-24,4524.221,4689.596
2024-09-25,4743.634,4731.476
2024-09-26,4725.996,4938.184
2024-09-27,5027.264,5201.666
2024-09-30,5449.789,5743.217
2024-10-08,6417.814,6155.582
2024-10-09,6013.702,5735.641
2024-10-10,5768.611,5690.882
2024-10-11,5650.049,5470.813
2024-10-14,5503.646,5608.153
2024-10-15,5578.261,5472.56
2024-10-16,5393.666,5461.088
2024-10-17,5499.766,5418.988
2024-10-18,5416.032,5640.02
2024-10-21,5680.565,5704.225
2024-10-22,5703.32,5753.85
2024-10-23,5745.107,5776.383
2024-10-24,5747.558,5726.704
2024-10-25,5735.285,5809.688
2024-10-28,5816.33,5883.72
2024-10-29,5903.307,5812.529
2024-10-30,5793.833,5837.934
2024-10-31,5839.977,5901.29
2024-11-01,5893.319,5831.822
2024-11-04,5835.392,5928.909
2024-11-05,5925.865,6111.971
2024-11-06,6134.924,6125.787
2024-11-07,6061.735,6239.56
2024-11-08,6306.799,6222.445
2024-11-11,6211.033,6330.615
2024-11-12,6349.23,6263.883
2024-11-13,6234.158,6259.841
2024-11-14,6240.609,6078.305
2024-11-15,6055.535,5924.483
2024-11-18,5940.486,5833.036
2024-11-19,5836.611,5936.602
2024-11-20,5920.323,5992.39
2024-11-21,5973.155,5985.313
2024-11-22,5969.075,5750.246
2024-11-25,5754.547,5735.649
2024-11-26,5727.373,5690.479
2024-11-27,5669.555,5804.937
2024-11-28,5802.797,5757.597
2024-11-29,5748.167,5851.939
2024-12-02,5853.705,5943.625
2024-12-03,5946.735,5932.121
2024-12-04,5929.476,5879.27
2024-12-05,5855.742,5901.986
2024-12-06,5903.499,5979.197
2024-12-09,5983.334,5947.109
2024-12-10,6132.291,5992.094
2024-12-11,5973.326,6047.105
2024-12-12,6048.781,6100.395
2024-12-13,6065.954,5988.292
2024-12-16,5983.16,5912.601
2024-12-17,5896.968,5848.163
2024-12-18,5861.262,5888.616
2024-12-19,5829.263,5901.916
2024-12-20,5889.946,5917.175
2024-12-23,5917.694,5818.551
2024-12-24,5827.16,5895.26
2024-12-25,5896.43,5840.289
2024-12-26,5830.721,5887.061
2024-12-27,5892.694,5899.167
2024-12-30,5890.463,5898.884
2024-12-31,5902.033,5725.732
2025-01-02,5717.916,5545.817
2025-01-03,5552.75,5427.804
2025-01-06,5421.065,5427.101
2025-01-07,5429.173,5484.685
2025-01-08,5462.324,5461.586
2025-01-09,5437.813,5456.586
2025-01-10,5449.001,5369.281
2025-01-13,5319.701,5381.697
2025-01-14,5393.763,5572.272
2025-01-15,5559.579,5522.459
2025-01-16,5546.7,5545.634
2025-01-17,5524.205,5587.294
2025-01-20,5621.925,5614.331
2025-01-21,5639.604,5633.925
2025-01-22,5606.847,5607.059
2025-01-23,5659.369,5584.255
2025-01-24,5570.48,5649.95
2025-01-27,5660.485,5589.343
2025-02-05,5643.175,5614.387
2025-02-06,5606.871,5747.901
2025-02-07,5750.289,5833.988
2025-02-10,5858.243,5888.551
2025-02-11,5890.373,5858.281
2025-02-12,5841.362,5940.53
2025-02-13,5938.203,5898.261
2025-02-14,5893.934,5947.796
2025-02-17,5979.845,5948.72
2025-02-18,5935.499,5840.711
2025-02-19,5834.955,5943.882
2025-02-20,5941.599,5957.547
2025-02-21,5969.646,6057.065
2025-02-24,6057.38,6044.973
2025-02-25,5967.037,5979.965
2025-02-26,5990.29,6051.74
2025-02-27,6050.186,6028.986
2025-02-28,5997.918,5859.871
2025-03-03,5875.952,5885.77
2025-03-04,5845.471,5937.63
2025-03-05,5937.107,5950.703
2025-03-06,5980.38,6047.773
2025-03-07,6029.381,6013.775
2025-03-10,6022.681,6013.619
2025-03-11,5944.42,6044.974
2025-03-12,6068.376,6040.497
2025-03-13,6032.855,5993.967
2025-03-14,5993.97,6099.981
2025-03-17,6119.606,6108.018
2025-03-18,6126.036,6133.302
2025-03-19,6117.423,6101.437
2025-03-20,6094.843,6059.486
2025-03-21,6038.99,5971.93
2025-03-24,5973.047,5969.079
2025-03-25,5969.416,5946.951
2025-03-26,5935.854,5948.499
2025-03-27,5932.517,5957.602
2025-03-28,5954.73,5916.031
2025-03-31,5886.956,5857.772
2025-04-01,5870.942,5892.85
2025-04-02,5884.893,5899.087
2025-04-03,5842.617,5845.505
2025-04-07,5523.964,5287.033
2025-04-08,5279.757,5326.914
2025-04-09,5249.684,5439.772
2025-04-10,5534.559,5544.065
2025-04-11,5514.188,5581.318
2025-04-14,5633.779,5627.138
2025-04-15,5625.001,5602.534
2025-04-16,5589.777,5556.864
2025-04-17,5527.591,5557.011
2025-04-18,5546.967,5560.721
2025-04-21,5556.513,5642.381
2025-04-22,5634.894,5624.209
2025-04-23,5647.915,5634.949
2025-04-24,5633.024,5605.88
2025-04-25,5613.141,5627.18
2025-04-28,5624.417,5598.295
2025-04-29,5583.719,5604.906
2025-04-30,5604.654,5631.825
2025-05-06,5668.876,5740.334
2025-05-07,5805.656,5750.291
2025-05-08,5731.716,5773.806
2025-05-09,5770.441,5721.723
2025-05-12,5751.437,5793.674
2025-05-13,5838.034,5781.668
2025-05-14,5778.079,5799.119
2025-05-15,5786.783,5715.297
2025-05-16,5703.735,5715.849
2025-05-19,5719.438,5720.795
2025-05-20,5723.506,5747.367
2025-05-21,5741.689,5757.923
2025-05-22,5739.191,5703.28
2025-05-23,5697.136,5653.044
2025-05-26,5653.206,5669.461
2025-05-27,5666.303,5652.145
2025-05-28,5651.876,5637.238
2025-05-29,5637.063,5719.91
2025-05-30,5704.771,5671.072
2025-06-03,5653.675,5694.839
2025-06-04,5696.569,5739.006
2025-06-05,5741.03,5769.968
2025-06-06,5768.399,5762.078
2025-06-09,5772.779,5805.654
2025-06-10,5809.828,5757.992
2025-06-11,5758.529,5792.946
2025-06-12,5780.967,5799.932
2025-06-13,5783.156,5740.24
2025-06-16,5725.003,5767.808
2025-06-17,5772.296,5750.912
2025-06-18,5740.156,5745.871
2025-06-19,5733.807,5676.832
2025-06-20,5669.09,5639.513
2025-06-23,5613.281,5674.17
2025-06-24,5683.462,5765.837
2025-06-25,5777.74,5862.553
2025-06-26,5868.292,5838.245
2025-06-27,5850.425,5863.728
2025-06-30,5877.675,5915.388
2025-07-01,5915.804,5934.67
2025-07-02,5922.541,5892.951
2025-07-03,5896.24,5922.66
2025-07-04,5917.753,5911.435
2025-07-07,5901.402,5900.406
2025-07-08,5903.102,5977.744
2025-07-09,5980.645,5953.487
2025-07-10,5950.966,5983.051
2025-07-11,5985.824,6027.079
2025-07-14,6033.178,6020.859
2025-07-15,6018.627,6018.758
2025-07-16,6019.577,6017.195
2025-07-17,6013.714,6082.464
2025-07-18,6092.23,6099.61
2025-07-21,6115.026,6161.309
2025-07-22,6166.616,6213.407
2025-07-23,6218.207,6196.758
2025-07-24,6197.853,6293.598
2025-07-25,6297.626,6299.591
2025-07-28,6305.225,6323.42
2025-07-29,6308.123,6356.133
2025-07-30,6345.374,6314.687
2025-07-31,6297.912,6226.343
2025-08-01,6221.051,6213.201
2025-08-04,6190.344,6261.731
2025-08-05,6277.011,6303.236
2025-08-06,6298.929,6357.377
2025-08-07,6356.332,6337.543
2025-08-08,6324.175,6323.5
2025-08-11,6335.427,6391.76
2025-08-12,6392.402,6418.16
2025-08-13,6422.789,6508.098
2025-08-14,6509.209,6429.846
2025-08-15,6417.389,6568.57
2025-08-18,6612.988,6668.173
2025-08-19,6663.157,6655.311
2025-08-20,6623.614,6728.069
2025-08-21,6739.69,6704.166
2025-08-22,6704.03,6822.847
2025-08-25,6886.268,6951.896
2025-08-26,6928.286,6964.065
2025-08-27,6964.77,6862.562
2025-08-28,6858.503,7011.16
2025-08-29,7030.274,7043.942
2025-09-01,7087.734,7110.288
2025-09-02,7108.945,6961.689
2025-09-03,6988.021,6868.462
2025-09-04,6884.358,6698.447
2025-09-05,6709.145,6913.953
2025-09-08,6927.407,6992.117
2025-09-09,6959.937,6928.965
2025-09-10,6911.112,6932.109
2025-09-11,6924.304,7122.705
2025-09-12,7115.61,7147.749
2025-09-15,7170.412,7137.363
2025-09-16,7152.189,7190.993
2025-09-17,7184.264,7260.035
2025-09-18,7248.279,7199.883
2025-09-19,7200.692,7170.349
2025-09-22,7182.888,7225.128
2025-09-23,7240.847,7180.714
2025-09-24,7140.313,7323.709
2025-09-25,7325.66,7341.324
2025-09-26,7311.843,7240.911
2025-09-29,7251.522,7350.56
2025-09-30,7372.524,7412.368
2025-10-09,7470.047,7548.923
2025-10-10,7499.392,7398.224
2025-10-13,7135.104,7376.564
2025-10-14,7434.115,7194.851
2025-10-15,7205.737,7294.001
2025-10-16,7269.259,7231.534
2025-10-17,7226.421,7016.066
2025-10-20,7092.884,7069.641
2025-10-21,7095.616,7185.624
2025-10-22,7135.208,7128.478
2025-10-23,7108.855,7142.954
2025-10-24,7175.923,7258.534
2025-10-27,7336.204,7379.394
2025-10-28,7344.454,7341.03
2025-10-29,7350.757,7480.967
2025-10-30,7462.433,7385.711
2025-10-31,7385.742,7331.003
2025-11-03,7327.12,7333.601
2025-11-04,7315.189,7210.825
2025-11-05,7098.956,7229.341
2025-11-06,7243.196,7345.723
2025-11-07,7307.296,7327.911
2025-11-10,7357.339,7343.802
2025-11-11,7364.925,7291.608
2025-11-12,7264.792,7243.248
2025-11-13,7243.64,7355.291
2025-11-14,7283.699,7235.462
2025-11-17,7248.922,7235.351
2025-11-18,7215.03,7151.018
2025-11-19,7141.264,7122.747
2025-11-20,7174.105,7061.95
2025-11-21,6955.749,6817.41
2025-11-24,6856.755,6868.966
2025-11-25,6915.123,6954.603
2025-11-26,6946.081,6965.045
2025-11-27,6970.733,6951.284
2025-11-28,6947.237,7031.551
2025-12-01,7053.847,7101.832
2025-12-02,7084.799,7040.301
2025-12-03,7044.857,6996.355
2025-12-04,7001.642,7012.806
2025-12-05,7008.649,7097.839
2025-12-08,7119.051,7172.367
2025-12-09,7150.973,7121.326
2025-12-10,7111.571,7155.994
2025-12-11,7171.208,7082.893
2025-12-12,7088.1,7169.791
2025-12-15,7121.381,7113.962
2025-12-16,7101.67,7001.319
2025-12-17,7002.506,7137.834
2025-12-18,7096.982,7100.836
2025-12-19,7124.405,7169.551
2025-12-22,7205.489,7255.661
2025-12-23,7257.908,7256.786
2025-12-24,7257.615,7352.04
2025-12-25,7341.922,7410.712
2025-12-26,7422.601,7458.839
2025-12-29,7467.504,7430.615
2025-12-30,7390.14,7458.936
2025-12-31,7473.752,7465.574
2026-01-05,7523.875,7651.198
2026-01-06,7663.942,7814.136
2026-01-07,7838.912,7875.082
2026-01-08,7853.209,7894.545
2026-01-09,7907.849,8056.686
2026-01-12,8141.626,8249.128
2026-01-13,8270.422,8143.28
2026-01-14,8165.352,8227.697
2026-01-15,8170.349,8223.268
2026-01-16,8241.693,8232.674
2026-01-19,8199.499,8287.947
2026-01-20,8307.642,8247.805
2026-01-21,8196.557,8340.113
2026-01-22,8355.678,8387.595
2026-01-23,8422.356,8590.166
2026-01-26,8624.888,8506.693
2026-01-27,8464.65,8548.932
2026-01-28,8565.339,8601.164
2026-01-29,8584.681,8517.843
2026-01-30,8439.652,8370.52
2026-02-02,8279.715,8037.046
2026-02-03,8135.87,8286.701
2026-02-04,8270.842,8299.057
2026-02-05,8203.063,8146.107
2026-02-06,8054.218,8146.413
2026-02-09,8280.109,8311.283
2026-02-10,8318.533,8306.445
2026-02-11,8295.333,8325.811
2026-02-12,8342.365,8423.57
2026-02-13,8366.333,8299.585
2026-02-24,8403.311,8392.91
2026-02-25,8412.08,8527.559
2026-02-26,8542.832,8557.216
2026-02-27,8499.796,8658.45
2026-03-02,8585.853,8658.334
2026-03-03,8651.06,8281.614
2026-03-04,8167.981,8248.945
2026-03-05,8383.546,8309.171
2026-03-06,8273.183,8360.335
2026-03-09,8234.193,8279.481
2026-03-10,8341.145,8410.303
2026-03-11,8419.311,8403.33
2026-03-12,8396.722,8359.472
2026-03-13,8317.78,8239.798
2026-03-16,8227.693,8185.152
2026-03-17,8199.993,8016.026
2026-03-18,8044.919,8096.428
2026-03-19,7975.848,7877.09
2026-03-20,7913.485,7760.037
2026-03-23,7623.245,7440.745
2026-03-24,7555.082,7597.373
2026-03-25,7660.401,7767.665
2026-03-26,7757.019,7642.13
2026-03-27,7539.196,7737.614
2026-03-30,7655.153,7753.723
2026-03-31,7740.579,7617.326
2026-04-01,7764.336,7750.092
2026-04-02,7726.445,7605.293
2026-04-03,7636.663,7534.938
2026-04-07,7562.137,7571.111
2026-04-08,7741.635,7945.153
2026-04-09,7865.205,7898.633
2026-04-10,7958.815,7969.365
2026-04-13,7917.919,7967.697
2026-04-14,8039.074,8088.569
2026-04-15,8144.809,8044.077
2026-04-16,8068.154,8180.082
2026-04-17,8155.396,8214.194
2026-04-20,8223.584,8290.022
2026-04-21,8263.379,8270.327
2026-04-22,8226.852,8376.181
2026-04-23,8387.765,8295.207
2026-04-24,8244.778,8247.876
2026-04-27,8236.434,8299.049
2026-04-28,8274.631,8203.961
2026-04-29,8157.355,8342.422
2026-04-30,8331.439,8349.508
2026-05-06,8441.342,8588.44
2026-05-07,8637.841,8696.799
2026-05-08,8638.838,8694.171
2026-05-11,8771.176,8839.742
2026-05-12,8856.18,8785.979
2026-05-13,8730.913,8918.239
2026-05-14,8952.95,8670.157
2026-05-15,8676.621,8536.344
2026-05-18,8493.016,8554.237
2026-05-19,8524.154,8627.946
2026-05-20,8581.394,8656.306
2026-05-21,8703.174,8419.837
2026-05-22,8473.609,8576.94
2026-05-25,8631.208,8703.89
2026-05-26,8665.436,8658.619
2026-05-27,8659.219,8530.98
2026-05-28,8503.671,8563.222
2026-05-29,8589.818,8359.56
2026-06-01,8358.487,8274.212
2026-06-02,8290.833,8321.435
2026-06-03,8317.003,8362.156
2026-06-04,8279.863,8356.744
2026-06-05,8317.642,8251.141
2026-06-08,7978.66,7963.453
2026-06-09,8059.339,8176.179
2026-06-10,8094.137,8063.864
2026-06-11,8025.608,8035.779
2026-06-12,8189.21,8106.203
2026-06-15,8175.052,8406.748
2026-06-16,8430.916,8507.98
2026-06-17,8451.633,8627.086
2026-06-18,8590.499,8673.09
2026-06-22,8709.664,8868.782
2026-06-23,8831.592,8688.592
2026-06-24,8638.656,8842.938
2026-06-25,8844.849,8938.011
2026-06-26,8891.031,8703.565
2026-06-29,8731.576,8821.094
2026-06-30,8815.107,9031.379
2026-07-01,9052.043,9028.933
2026-07-02,8829.621,8694.176
2026-07-03,8702.327,8745.261
2026-07-06,8790.967,8651.134
2026-07-07,8604.076,8508.789
2026-07-08,8539.016,8390.019
2026-07-09,8437.147,8652.787
2026-07-10,8672.363,8503.971
2026-07-13,8409.143,8138.144
2026-07-14,8135.046,8275.939
2026-07-15,8294.142,8147.579
2026-07-16,8006.449,7955.664
2026-07-17,7900.097,7513.763
2026-07-20,7597.769,7411.313
2026-07-21,7437.452,7800.609
2026-07-22,7741.906,7751.662
2026-07-23,7750.8521,7729.8773
