date,open,close
2006-07-03,1270.1,1280.2
2006-07-05,1280.0,1270.9
2006-07-06,1270.6,1274.1
2006-07-07,1274.1,1265.5
2006-07-10,1265.5,1267.3
2006-07-11,1267.3,1272.5
2006-07-12,1272.4,1258.6
2006-07-13,1258.6,1242.3
2006-07-14,1242.3,1236.2
2006-07-17,1236.2,1234.5
2006-07-18,1234.5,1236.9
2006-07-19,1236.7,1259.8
2006-07-20,1259.8,1249.1
2006-07-21,1249.1,1240.3
2006-07-24,1240.2,1260.9
2006-07-25,1260.9,1268.9
2006-07-26,1268.9,1268.4
2006-07-27,1268.2,1263.2
2006-07-28,1263.2,1278.5
2006-07-31,1278.5,1276.7
2006-08-01,1278.5,1270.9
2006-08-02,1270.7,1278.5
2006-08-03,1278.2,1280.3
2006-08-04,1280.3,1279.4
2006-08-07,1279.3,1275.8
2006-08-08,1275.7,1271.5
2006-08-09,1271.1,1266.0
2006-08-10,1265.7,1271.8
2006-08-11,1271.6,1266.7
2006-08-14,1266.7,1268.2
2006-08-15,1268.2,1285.6
2006-08-16,1285.3,1295.4
2006-08-17,1295.4,1297.5
2006-08-18,1297.5,1302.3
2006-08-21,1302.3,1297.5
2006-08-22,1297.5,1298.8
2006-08-23,1298.7,1293.0
2006-08-24,1293.0,1296.1
2006-08-25,1295.9,1295.1
2006-08-28,1295.1,1301.8
2006-08-29,1301.6,1304.3
2006-08-30,1303.7,1304.3
2006-08-31,1304.2,1303.8
2006-09-01,1303.8,1311.0
2006-09-05,1310.9,1313.2
2006-09-06,1313.0,1300.3
2006-09-07,1300.2,1294.0
2006-09-08,1294.0,1298.9
2006-09-11,1298.9,1299.5
2006-09-12,1299.5,1313.1
2006-09-13,1312.7,1318.1
2006-09-14,1318.0,1316.3
2006-09-15,1316.3,1319.9
2006-09-18,1319.8,1321.2
2006-09-19,1321.2,1318.3
2006-09-20,1318.3,1325.2
2006-09-21,1324.9,1318.0
2006-09-22,1318.0,1314.8
2006-09-25,1314.8,1326.4
2006-09-26,1326.3,1336.3
2006-09-27,1336.1,1336.6
2006-09-28,1336.6,1339.2
2006-09-29,1339.2,1335.8
2006-10-02,1335.8,1331.3
2006-10-03,1331.3,1334.1
2006-10-04,1333.8,1350.2
2006-10-05,1349.8,1353.2
2006-10-06,1353.2,1349.6
2006-10-09,1349.6,1350.7
2006-10-10,1350.6,1353.4
2006-10-11,1353.3,1350.0
2006-10-12,1349.9,1362.8
2006-10-13,1362.8,1365.6
2006-10-16,1365.6,1369.0
2006-10-17,1369.0,1364.0
2006-10-18,1363.9,1366.0
2006-10-19,1366.0,1367.0
2006-10-20,1366.9,1368.6
2006-10-23,1368.6,1377.0
2006-10-24,1377.0,1377.4
2006-10-25,1377.4,1382.2
2006-10-26,1382.2,1389.1
2006-10-27,1388.9,1377.3
2006-10-30,1377.3,1377.9
2006-10-31,1377.9,1377.9
2006-11-01,1377.8,1367.8
2006-11-02,1367.4,1367.3
2006-11-03,1367.3,1364.3
2006-11-06,1364.3,1379.8
2006-11-07,1379.8,1382.8
2006-11-08,1382.5,1385.7
2006-11-09,1385.4,1378.3
2006-11-10,1378.3,1380.9
2006-11-13,1380.6,1384.4
2006-11-14,1384.4,1393.2
2006-11-15,1392.9,1396.6
2006-11-16,1396.5,1399.8
2006-11-17,1399.8,1401.2
2006-11-20,1401.2,1400.5
2006-11-21,1400.4,1402.8
2006-11-22,1402.7,1406.1
2006-11-24,1405.9,1401.0
2006-11-27,1401.0,1381.9
2006-11-28,1381.6,1386.7
2006-11-29,1386.1,1399.5
2006-11-30,1399.5,1400.6
2006-12-01,1400.6,1396.7
2006-12-04,1396.7,1409.1
2006-12-05,1409.1,1414.8
2006-12-06,1414.4,1412.9
2006-12-07,1412.9,1407.3
2006-12-08,1407.3,1409.8
2006-12-11,1409.8,1413.0
2006-12-12,1413.0,1411.6
2006-12-13,1411.3,1413.2
2006-12-14,1413.2,1425.5
2006-12-15,1425.5,1427.1
2006-12-18,1427.1,1422.5
2006-12-19,1422.4,1425.5
2006-12-20,1425.5,1423.5
2006-12-21,1423.2,1418.3
2006-12-22,1418.1,1410.8
2006-12-26,1410.8,1416.9
2006-12-27,1416.6,1426.8
2006-12-28,1426.8,1424.7
2006-12-29,1424.7,1418.3
2007-01-03,1418.0,1416.6
2007-01-04,1416.6,1418.3
2007-01-05,1418.3,1409.7
2007-01-08,1409.3,1412.8
2007-01-09,1412.8,1412.1
2007-01-10,1411.9,1414.8
2007-01-11,1414.8,1423.8
2007-01-12,1423.8,1430.7
2007-01-16,1430.7,1431.9
2007-01-17,1431.8,1430.6
2007-01-18,1430.6,1426.4
2007-01-19,1426.3,1430.5
2007-01-22,1430.5,1423.0
2007-01-23,1423.0,1428.0
2007-01-24,1428.0,1440.1
2007-01-25,1440.1,1423.9
2007-01-26,1423.9,1422.2
2007-01-29,1422.0,1420.6
2007-01-30,1420.6,1428.8
2007-01-31,1428.7,1438.2
2007-02-01,1437.9,1445.9
2007-02-02,1445.9,1448.4
2007-02-05,1448.3,1447.0
2007-02-06,1447.0,1448.0
2007-02-07,1447.4,1450.0
2007-02-08,1450.0,1448.3
2007-02-09,1448.2,1438.1
2007-02-12,1438.0,1433.4
2007-02-13,1433.2,1444.3
2007-02-14,1443.9,1455.3
2007-02-15,1455.2,1456.8
2007-02-16,1456.8,1455.5
2007-02-20,1455.5,1459.7
2007-02-21,1459.6,1457.6
2007-02-22,1457.3,1456.4
2007-02-23,1456.2,1451.2
2007-02-26,1451.0,1449.4
2007-02-27,1449.2,1399.0
2007-02-28,1398.6,1406.8
2007-03-01,1406.8,1403.2
2007-03-02,1403.2,1387.2
2007-03-05,1387.1,1374.1
2007-03-06,1374.1,1395.4
2007-03-07,1395.0,1392.0
2007-03-08,1391.9,1401.9
2007-03-09,1401.9,1402.8
2007-03-12,1402.8,1406.6
2007-03-13,1406.2,1378.0
2007-03-14,1377.9,1387.2
2007-03-15,1387.1,1392.3
2007-03-16,1392.3,1387.0
2007-03-19,1387.0,1402.1
2007-03-20,1402.0,1410.9
2007-03-21,1410.9,1435.0
2007-03-22,1435.0,1434.5
2007-03-23,1434.5,1436.1
2007-03-26,1436.1,1437.5
2007-03-27,1437.5,1428.6
2007-03-28,1428.3,1417.2
2007-03-29,1417.2,1422.5
2007-03-30,1422.5,1420.9
2007-04-02,1420.8,1424.5
2007-04-03,1424.3,1437.8
2007-04-04,1437.8,1439.4
2007-04-05,1438.9,1443.8
2007-04-09,1443.8,1444.6
2007-04-10,1444.6,1448.4
2007-04-11,1448.2,1438.9
2007-04-12,1438.9,1447.8
2007-04-13,1447.8,1452.8
2007-04-16,1452.8,1468.5
2007-04-17,1468.5,1471.5
2007-04-18,1471.5,1472.5
2007-04-19,1472.5,1470.7
2007-04-20,1470.7,1484.3
2007-04-23,1484.3,1480.9
2007-04-24,1480.9,1480.4
2007-04-25,1480.3,1495.4
2007-04-26,1495.3,1494.2
2007-04-27,1494.2,1494.1
2007-04-30,1494.1,1482.4
2007-05-01,1482.4,1486.3
2007-05-02,1486.1,1495.9
2007-05-03,1495.6,1502.4
2007-05-04,1502.3,1505.6
2007-05-07,1505.6,1509.5
2007-05-08,1509.4,1507.7
2007-05-09,1507.3,1512.6
2007-05-10,1512.3,1491.5
2007-05-11,1491.5,1505.8
2007-05-14,1505.8,1503.2
2007-05-15,1503.1,1501.2
2007-05-16,1500.8,1514.1
2007-05-17,1514.0,1512.8
2007-05-18,1512.7,1522.8
2007-05-21,1522.8,1525.1
2007-05-22,1525.1,1524.1
2007-05-23,1524.1,1522.3
2007-05-24,1522.1,1507.5
2007-05-25,1507.5,1515.7
2007-05-29,1515.5,1518.1
2007-05-30,1517.6,1530.2
2007-05-31,1530.2,1530.6
2007-06-01,1530.6,1536.3
2007-06-04,1536.3,1539.2
2007-06-05,1539.1,1531.0
2007-06-06,1530.6,1517.4
2007-06-07,1517.4,1490.7
2007-06-08,1490.7,1507.7
2007-06-11,1507.6,1509.1
2007-06-12,1509.1,1493.0
2007-06-13,1492.7,1515.7
2007-06-14,1515.6,1523.0
2007-06-15,1525.5,1532.9
2007-06-18,1532.9,1531.0
2007-06-19,1531.0,1533.7
2007-06-20,1533.7,1512.8
2007-06-21,1512.5,1522.2
2007-06-22,1522.2,1502.6
2007-06-25,1502.6,1497.7
2007-06-26,1497.7,1492.9
2007-06-27,1492.6,1506.3
2007-06-28,1506.3,1505.7
2007-06-29,1505.7,1503.3
2007-07-02,1504.7,1519.4
2007-07-03,1519.1,1524.9
2007-07-05,1524.9,1525.4
2007-07-06,1525.0,1530.4
2007-07-09,1530.4,1531.8
2007-07-10,1531.8,1510.1
2007-07-11,1509.9,1518.8
2007-07-12,1518.7,1547.7
2007-07-13,1547.7,1552.5
2007-07-16,1552.5,1549.5
2007-07-17,1549.5,1549.4
2007-07-18,1549.2,1546.2
2007-07-19,1546.1,1553.1
2007-07-20,1553.2,1534.1
2007-07-23,1534.1,1541.6
2007-07-24,1541.6,1511.0
2007-07-25,1511.0,1518.1
2007-07-26,1518.1,1482.7
2007-07-27,1482.4,1459.0
2007-07-30,1458.9,1473.9
2007-07-31,1473.9,1455.3
2007-08-01,1455.2,1465.8
2007-08-02,1465.5,1472.2
2007-08-03,1472.2,1433.1
2007-08-06,1433.0,1467.7
2007-08-07,1467.6,1476.7
2007-08-08,1476.2,1497.5
2007-08-09,1497.2,1453.1
2007-08-10,1453.1,1453.6
2007-08-13,1453.4,1452.9
2007-08-14,1452.9,1426.5
2007-08-15,1426.2,1406.7
2007-08-16,1406.6,1411.3
2007-08-17,1411.3,1445.9
2007-08-20,1445.9,1445.5
2007-08-21,1445.5,1447.1
2007-08-22,1447.0,1464.1
2007-08-23,1464.0,1462.5
2007-08-24,1462.3,1479.4
2007-08-27,1479.4,1466.8
2007-08-28,1466.7,1432.4
2007-08-29,1432.0,1463.8
2007-08-30,1463.7,1457.6
2007-08-31,1457.6,1474.0
2007-09-04,1474.0,1489.4
2007-09-05,1488.8,1472.3
2007-09-06,1472.0,1478.5
2007-09-07,1478.5,1453.5
2007-09-10,1453.5,1451.7
2007-09-11,1451.7,1471.5
2007-09-12,1471.1,1471.6
2007-09-13,1471.5,1484.0
2007-09-14,1484.0,1484.2
2007-09-17,1484.2,1476.7
2007-09-18,1476.6,1519.8
2007-09-19,1519.8,1529.0
2007-09-20,1528.7,1518.8
2007-09-21,1518.8,1525.8
2007-09-24,1525.8,1517.7
2007-09-25,1516.3,1517.2
2007-09-26,1518.6,1525.4
2007-09-27,1527.3,1531.4
2007-09-28,1531.2,1526.8
2007-10-01,1527.3,1547.0
2007-10-02,1547.0,1546.6
2007-10-03,1545.8,1539.6
2007-10-04,1539.9,1542.8
2007-10-05,1543.8,1557.6
2007-10-08,1556.5,1552.6
2007-10-09,1553.2,1565.2
2007-10-10,1565.0,1562.5
2007-10-11,1564.7,1554.4
2007-10-12,1555.4,1561.8
2007-10-15,1562.2,1548.7
2007-10-16,1547.8,1538.5
2007-10-17,1544.4,1541.2
2007-10-18,1539.3,1540.1
2007-10-19,1540.0,1500.6
2007-10-22,1497.8,1506.3
2007-10-23,1509.3,1519.6
2007-10-24,1516.6,1515.9
2007-10-25,1516.2,1514.4
2007-10-26,1522.2,1535.3
2007-10-29,1536.9,1541.0
2007-10-30,1539.4,1531.0
2007-10-31,1532.2,1549.4
2007-11-01,1545.8,1508.4
2007-11-02,1511.1,1509.7
2007-11-05,1505.6,1502.2
2007-11-06,1505.3,1520.3
2007-11-07,1515.5,1475.6
2007-11-08,1475.3,1474.8
2007-11-09,1467.6,1453.7
2007-11-12,1453.7,1439.2
2007-11-13,1441.3,1481.0
2007-11-14,1483.4,1470.6
2007-11-15,1468.0,1451.2
2007-11-16,1453.1,1458.7
2007-11-19,1456.7,1433.3
2007-11-20,1434.5,1439.7
2007-11-21,1434.7,1416.8
2007-11-23,1417.6,1440.7
2007-11-26,1440.7,1407.2
2007-11-27,1409.6,1428.2
2007-11-28,1433.0,1469.0
2007-11-29,1467.4,1469.7
2007-11-30,1471.8,1481.1
2007-12-03,1479.6,1472.4
2007-12-04,1471.3,1462.8
2007-12-05,1465.2,1485.0
2007-12-06,1484.6,1507.3
2007-12-07,1508.6,1504.7
2007-12-10,1505.1,1516.0
2007-12-11,1516.7,1477.7
2007-12-12,1487.6,1486.6
2007-12-13,1483.3,1488.4
2007-12-14,1486.2,1468.0
2007-12-17,1465.0,1445.9
2007-12-18,1445.9,1455.0
2007-12-19,1454.7,1453.0
2007-12-20,1456.4,1460.1
2007-12-21,1463.2,1484.5
2007-12-24,1484.5,1496.5
2007-12-26,1495.1,1497.7
2007-12-27,1495.0,1476.4
2007-12-28,1479.8,1478.5
2007-12-31,1475.2,1468.4
2008-01-02,1468.0,1447.2
2008-01-03,1447.5,1447.2
2008-01-04,1444.0,1411.6
2008-01-07,1414.1,1416.2
2008-01-08,1415.7,1390.2
2008-01-09,1390.2,1409.1
2008-01-10,1406.8,1420.3
2008-01-11,1419.9,1401.0
2008-01-14,1402.9,1416.2
2008-01-15,1411.9,1381.0
2008-01-16,1377.4,1373.2
2008-01-17,1374.8,1333.2
2008-01-18,1333.9,1325.2
2008-01-22,1312.9,1310.5
2008-01-23,1310.4,1338.6
2008-01-24,1340.1,1352.1
2008-01-25,1357.3,1330.6
2008-01-28,1330.7,1354.0
2008-01-29,1355.9,1362.3
2008-01-30,1362.2,1355.8
2008-01-31,1352.0,1378.5
2008-02-01,1378.6,1395.4
2008-02-04,1395.4,1380.8
2008-02-05,1380.3,1336.6
2008-02-06,1339.5,1326.5
2008-02-07,1324.0,1336.9
2008-02-08,1336.9,1331.3
2008-02-11,1331.9,1339.1
2008-02-12,1340.5,1348.9
2008-02-13,1353.1,1367.2
2008-02-14,1367.3,1348.9
2008-02-15,1347.5,1350.0
2008-02-19,1355.9,1348.8
2008-02-20,1348.4,1360.0
2008-02-21,1362.2,1342.5
2008-02-22,1344.2,1353.1
2008-02-25,1352.8,1371.8
2008-02-26,1371.8,1381.3
2008-02-27,1379.0,1380.0
2008-02-28,1378.2,1367.7
2008-02-29,1364.1,1330.6
2008-03-03,1330.5,1331.3
2008-03-04,1329.6,1326.8
2008-03-05,1327.7,1333.7
2008-03-06,1332.2,1304.3
2008-03-07,1301.5,1293.4
2008-03-10,1293.2,1273.4
2008-03-11,1274.4,1320.7
2008-03-12,1321.1,1308.8
2008-03-13,1305.3,1315.5
2008-03-14,1316.0,1288.1
2008-03-17,1283.2,1276.6
2008-03-18,1277.2,1330.7
2008-03-19,1331.0,1298.4
2008-03-20,1299.7,1329.5
2008-03-24,1330.3,1349.9
2008-03-25,1349.1,1353.0
2008-03-26,1352.5,1341.1
2008-03-27,1340.3,1325.8
2008-03-28,1327.0,1315.2
2008-03-31,1315.9,1322.7
2008-04-01,1326.4,1370.2
2008-04-02,1370.0,1367.5
2008-04-03,1365.7,1369.3
2008-04-04,1369.8,1370.4
2008-04-07,1373.7,1372.5
2008-04-08,1370.2,1365.5
2008-04-09,1365.5,1354.5
2008-04-10,1355.4,1360.5
2008-04-11,1358.0,1332.8
2008-04-14,1332.2,1328.3
2008-04-15,1331.7,1334.4
2008-04-16,1337.0,1364.7
2008-04-17,1363.4,1365.6
2008-04-18,1369.0,1390.3
2008-04-21,1387.7,1388.2
2008-04-22,1386.4,1375.9
2008-04-23,1378.4,1379.9
2008-04-24,1380.5,1388.8
2008-04-25,1387.9,1397.8
2008-04-28,1398.0,1396.4
2008-04-29,1395.6,1390.9
2008-04-30,1391.2,1385.6
2008-05-01,1386.0,1409.3
2008-05-02,1409.2,1413.9
2008-05-05,1412.8,1407.5
2008-05-06,1405.6,1418.3
2008-05-07,1417.5,1392.6
2008-05-08,1394.3,1397.7
2008-05-09,1394.9,1388.3
2008-05-12,1389.4,1403.6
2008-05-13,1404.4,1403.0
2008-05-14,1405.7,1408.7
2008-05-15,1408.4,1423.6
2008-05-16,1423.9,1425.3
2008-05-19,1425.3,1426.6
2008-05-20,1424.5,1413.4
2008-05-21,1414.1,1390.7
2008-05-22,1390.8,1394.3
2008-05-23,1392.2,1375.9
2008-05-27,1376.0,1385.3
2008-05-28,1386.5,1390.8
2008-05-29,1390.5,1398.3
2008-05-30,1398.4,1400.4
2008-06-02,1399.6,1385.7
2008-06-03,1386.4,1377.7
2008-06-04,1376.3,1377.2
2008-06-05,1377.5,1404.0
2008-06-06,1400.1,1360.7
2008-06-09,1360.8,1361.8
2008-06-10,1359.0,1358.4
2008-06-11,1357.1,1335.5
2008-06-12,1335.8,1339.9
2008-06-13,1341.8,1360.0
2008-06-16,1358.8,1360.1
2008-06-17,1360.7,1350.9
2008-06-18,1349.6,1337.8
2008-06-19,1336.9,1342.8
2008-06-20,1341.0,1317.9
2008-06-23,1319.8,1318.0
2008-06-24,1317.2,1314.3
2008-06-25,1314.5,1322.0
2008-06-26,1316.3,1283.2
2008-06-27,1283.6,1278.4
2008-06-30,1278.1,1280.0
2008-07-01,1276.7,1284.9
2008-07-02,1285.8,1261.5
2008-07-03,1263.0,1262.9
2008-07-07,1262.9,1252.3
2008-07-08,1251.8,1273.7
2008-07-09,1273.4,1244.7
2008-07-10,1245.2,1253.4
2008-07-11,1248.7,1239.5
2008-07-14,1241.6,1228.3
2008-07-15,1226.8,1214.9
2008-07-16,1214.7,1245.4
2008-07-17,1246.3,1260.3
2008-07-18,1258.2,1260.7
2008-07-21,1261.8,1260.0
2008-07-22,1257.1,1277.0
2008-07-23,1278.9,1282.2
2008-07-24,1283.2,1252.5
2008-07-25,1253.5,1257.8
2008-07-28,1257.8,1234.4
2008-07-29,1236.4,1263.2
2008-07-30,1264.5,1284.3
2008-07-31,1281.4,1267.4
2008-08-01,1269.4,1260.3
2008-08-04,1260.2,1249.0
2008-08-05,1254.9,1284.9
2008-08-06,1284.0,1289.2
2008-08-07,1286.5,1266.1
2008-08-08,1266.3,1296.3
2008-08-11,1294.4,1305.3
2008-08-12,1304.8,1289.6
2008-08-13,1288.6,1285.8
2008-08-14,1282.1,1292.9
2008-08-15,1293.8,1298.2
2008-08-18,1298.1,1278.6
2008-08-19,1276.7,1266.7
2008-08-20,1267.3,1274.5
2008-08-21,1271.1,1277.7
2008-08-22,1277.6,1292.2
2008-08-25,1290.5,1266.8
2008-08-26,1267.0,1271.5
2008-08-27,1271.3,1281.7
2008-08-28,1283.8,1300.7
2008-08-29,1296.5,1282.8
2008-09-02,1287.8,1277.6
2008-09-03,1276.6,1275.0
2008-09-04,1271.8,1236.8
2008-09-05,1233.2,1242.3
2008-09-08,1249.5,1267.8
2008-09-09,1268.0,1224.5
2008-09-10,1227.5,1232.0
2008-09-11,1229.0,1249.0
2008-09-12,1245.9,1251.7
2008-09-15,1250.9,1192.7
2008-09-16,1188.3,1213.6
2008-09-17,1210.3,1156.4
2008-09-18,1157.1,1206.5
2008-09-19,1213.1,1255.1
2008-09-22,1255.4,1207.1
2008-09-23,1207.6,1188.2
2008-09-24,1188.8,1185.9
2008-09-25,1187.9,1209.2
2008-09-26,1204.5,1213.0
2008-09-29,1209.1,1106.4
2008-09-30,1113.8,1166.4
2008-10-01,1164.2,1161.1
2008-10-02,1160.6,1114.3
2008-10-03,1115.2,1099.2
2008-10-06,1097.6,1056.9
2008-10-07,1057.6,996.2
2008-10-08,988.9,984.9
2008-10-09,988.4,909.9
2008-10-10,902.3,899.2
2008-10-13,912.8,1003.4
2008-10-14,1010.0,998.0
2008-10-15,994.6,907.8
2008-10-16,909.5,946.4
2008-10-17,942.3,940.5
2008-10-20,943.5,985.4
2008-10-21,980.4,955.0
2008-10-22,951.7,896.8
2008-10-23,899.1,908.1
2008-10-24,895.2,876.8
2008-10-27,874.3,848.9
2008-10-28,848.9,940.5
2008-10-29,939.5,930.1
2008-10-30,939.4,954.1
2008-10-31,953.1,968.8
2008-11-03,968.7,966.3
2008-11-04,971.3,1005.8
2008-11-05,1001.8,952.8
2008-11-06,952.4,904.9
2008-11-07,907.4,931.0
2008-11-10,936.8,919.2
2008-11-11,917.1,899.0
2008-11-12,893.4,852.3
2008-11-13,853.1,911.3
2008-11-14,904.4,873.3
2008-11-17,873.2,850.8
2008-11-18,852.3,859.1
2008-11-19,859.0,806.6
2008-11-20,805.9,752.4
2008-11-21,755.8,800.0
2008-11-24,801.2,851.8
2008-11-25,853.4,857.4
2008-11-26,852.9,887.7
2008-11-28,886.9,896.2
2008-12-01,888.6,816.2
2008-12-02,817.9,848.8
2008-12-03,843.6,870.7
2008-12-04,869.8,845.2
2008-12-05,844.4,876.1
2008-12-08,882.7,909.7
2008-12-09,906.5,888.7
2008-12-10,892.2,899.2
2008-12-11,898.4,873.6
2008-12-12,871.8,879.7
2008-12-15,881.1,868.6
2008-12-16,871.5,913.2
2008-12-17,908.2,904.4
2008-12-18,906.0,885.3
2008-12-19,887.0,887.9
2008-12-22,887.2,871.6
2008-12-23,874.3,863.2
2008-12-24,863.9,868.1
2008-12-26,869.5,872.8
2008-12-29,872.4,869.4
2008-12-30,870.6,890.6
2008-12-31,890.6,903.2
2009-01-02,903.0,931.8
2009-01-05,929.2,927.5
2009-01-06,931.2,934.7
2009-01-07,927.5,906.6
2009-01-08,905.7,909.7
2009-01-09,909.9,890.4
2009-01-12,890.4,870.3
2009-01-13,869.8,871.8
2009-01-14,867.3,842.6
2009-01-15,842.0,843.7
2009-01-16,844.5,850.1
2009-01-20,849.6,805.2
2009-01-21,806.8,840.2
2009-01-22,839.7,827.5
2009-01-23,822.2,832.0
2009-01-26,832.5,836.6
2009-01-27,837.3,845.7
2009-01-28,845.7,874.1
2009-01-29,868.9,845.1
2009-01-30,845.7,825.9
2009-02-02,823.1,825.4
2009-02-03,825.7,838.5
2009-02-04,837.8,832.2
2009-02-05,831.8,845.9
2009-02-06,846.1,868.6
2009-02-09,868.2,869.9
2009-02-10,866.9,827.2
2009-02-11,827.4,833.7
2009-02-12,829.9,835.2
2009-02-13,834.0,826.8
2009-02-17,818.6,789.2
2009-02-18,791.1,788.4
2009-02-19,787.9,778.9
2009-02-20,775.9,770.0
2009-02-23,773.2,743.3
2009-02-24,744.7,773.1
2009-02-25,770.6,764.9
2009-02-26,765.8,752.8
2009-02-27,749.9,735.1
2009-03-02,729.6,700.8
2009-03-03,704.4,696.3
2009-03-04,698.6,712.9
2009-03-05,708.3,682.5
2009-03-06,684.0,683.4
2009-03-09,680.8,676.5
2009-03-10,679.3,719.6
2009-03-11,719.6,721.4
2009-03-12,720.9,750.7
2009-03-13,752.0,756.5
2009-03-16,758.8,753.9
2009-03-17,753.9,778.1
2009-03-18,776.0,794.4
2009-03-19,797.9,784.0
2009-03-20,784.6,768.5
2009-03-23,772.3,822.9
2009-03-24,820.6,806.1
2009-03-25,806.8,813.9
2009-03-26,814.1,832.9
2009-03-27,828.7,815.9
2009-03-30,809.1,787.5
2009-03-31,790.9,797.9
2009-04-01,793.6,811.1
2009-04-02,814.5,834.4
2009-04-03,835.1,842.5
2009-04-06,839.8,835.5
2009-04-07,834.1,815.5
2009-04-08,816.8,825.2
2009-04-09,829.3,856.6
2009-04-13,855.3,858.7
2009-04-14,856.9,841.5
2009-04-15,839.4,852.1
2009-04-16,854.5,865.3
2009-04-17,865.2,869.6
2009-04-20,868.3,832.4
2009-04-21,831.2,850.1
2009-04-22,847.3,843.5
2009-04-23,844.6,851.9
2009-04-24,853.9,866.2
2009-04-27,862.8,857.5
2009-04-28,854.5,855.2
2009-04-29,856.9,873.6
2009-04-30,876.6,872.8
2009-05-01,872.7,877.5
2009-05-04,879.2,907.2
2009-05-05,906.1,903.8
2009-05-06,904.0,919.5
2009-05-07,919.6,907.4
2009-05-08,909.0,929.2
2009-05-11,923.0,909.2
2009-05-12,910.5,908.4
2009-05-13,905.4,883.9
2009-05-14,884.2,893.1
2009-05-15,892.8,882.9
2009-05-18,886.1,909.7
2009-05-19,909.7,908.1
2009-05-20,908.6,903.5
2009-05-21,900.4,888.3
2009-05-22,888.7,887.0
2009-05-26,887.0,910.3
2009-05-27,910.0,893.1
2009-05-28,893.0,906.8
2009-05-29,907.0,919.1
2009-06-01,923.3,942.9
2009-06-02,942.9,944.7
2009-06-03,942.5,931.8
2009-06-04,932.5,942.5
2009-06-05,945.7,940.1
2009-06-08,938.1,939.1
2009-06-09,940.4,942.4
2009-06-10,942.7,939.1
2009-06-11,939.0,944.9
2009-06-12,943.4,946.2
2009-06-15,942.5,923.7
2009-06-16,925.6,912.0
2009-06-17,911.9,910.7
2009-06-18,910.9,918.4
2009-06-19,920.0,921.2
2009-06-22,918.1,893.0
2009-06-23,893.5,895.1
2009-06-24,896.3,900.9
2009-06-25,899.5,920.3
2009-06-26,918.8,918.9
2009-06-29,919.9,927.2
2009-06-30,927.1,919.3
2009-07-01,920.8,923.3
2009-07-02,921.2,896.4
2009-07-06,894.3,898.7
2009-07-07,898.6,881.0
2009-07-08,881.9,879.6
2009-07-09,881.3,882.7
2009-07-10,880.0,879.1
2009-07-13,879.6,901.0
2009-07-14,900.8,905.8
2009-07-15,910.1,932.7
2009-07-16,930.2,940.7
2009-07-17,940.6,940.4
2009-07-20,942.1,951.1
2009-07-21,952.0,954.6
2009-07-22,953.4,954.1
2009-07-23,954.1,976.3
2009-07-24,972.2,979.3
2009-07-27,978.6,982.2
2009-07-28,981.5,979.6
2009-07-29,977.7,975.1
2009-07-30,976.0,986.8
2009-07-31,986.8,987.5
2009-08-03,990.2,1002.6
2009-08-04,1001.4,1005.6
2009-08-05,1005.4,1002.7
2009-08-06,1004.1,997.1
2009-08-07,999.8,1010.5
2009-08-10,1008.9,1007.1
2009-08-11,1005.8,994.4
2009-08-12,994.0,1005.8
2009-08-13,1005.9,1012.7
2009-08-14,1012.2,1004.1
2009-08-17,998.2,979.7
2009-08-18,980.6,989.7
2009-08-19,986.9,996.5
2009-08-20,996.4,1007.4
2009-08-21,1009.1,1026.1
2009-08-24,1026.6,1025.6
2009-08-25,1026.6,1028.0
2009-08-26,1027.3,1028.1
2009-08-27,1027.8,1031.0
2009-08-28,1031.6,1028.9
2009-08-31,1025.2,1020.6
2009-09-01,1019.5,998.0
2009-09-02,996.1,994.8
2009-09-03,996.1,1003.2
2009-09-04,1003.8,1016.4
2009-09-08,1018.7,1025.4
2009-09-09,1025.4,1033.4
2009-09-10,1033.0,1044.1
2009-09-11,1043.9,1042.7
2009-09-14,1040.2,1049.3
2009-09-15,1049.0,1052.6
2009-09-16,1054.0,1068.8
2009-09-17,1067.9,1065.5
2009-09-18,1066.6,1068.3
2009-09-21,1067.1,1064.7
2009-09-22,1066.3,1071.7
2009-09-23,1072.7,1060.9
2009-09-24,1062.6,1050.8
2009-09-25,1049.5,1044.4
2009-09-28,1045.4,1063.0
2009-09-29,1063.7,1060.6
2009-09-30,1061.0,1057.1
2009-10-01,1054.9,1029.8
2009-10-02,1029.7,1025.2
2009-10-05,1026.9,1040.5
2009-10-06,1042.0,1054.7
2009-10-07,1053.7,1057.6
2009-10-08,1060.0,1065.5
2009-10-09,1065.3,1071.5
2009-10-12,1071.6,1076.2
2009-10-13,1075.0,1073.2
2009-10-14,1078.7,1092.0
2009-10-15,1090.4,1096.6
2009-10-16,1094.7,1087.7
2009-10-19,1088.2,1097.9
2009-10-20,1098.6,1091.1
2009-10-21,1090.4,1081.4
2009-10-22,1081.0,1092.9
2009-10-23,1095.6,1079.6
2009-10-26,1080.4,1067.0
2009-10-27,1067.5,1063.4
2009-10-28,1061.5,1042.6
2009-10-29,1043.7,1066.1
2009-10-30,1065.4,1036.2
2009-11-02,1036.2,1042.9
2009-11-03,1040.9,1045.4
2009-11-04,1047.1,1046.5
2009-11-05,1047.3,1066.6
2009-11-06,1065.0,1069.3
2009-11-09,1072.3,1093.1
2009-11-10,1091.9,1093.0
2009-11-11,1096.0,1098.5
2009-11-12,1098.3,1087.2
2009-11-13,1087.6,1093.5
2009-11-16,1094.1,1109.3
2009-11-17,1109.2,1110.3
2009-11-18,1109.4,1109.8
2009-11-19,1106.4,1094.9
2009-11-20,1094.7,1091.4
2009-11-23,1094.9,1106.2
2009-11-24,1105.8,1105.7
2009-11-25,1106.5,1110.6
2009-11-27,1105.5,1091.5
2009-11-30,1091.1,1095.6
2009-12-01,1098.9,1108.9
2009-12-02,1109.0,1109.2
2009-12-03,1110.6,1099.9
2009-12-04,1100.4,1106.0
2009-12-07,1105.5,1103.2
2009-12-08,1103.0,1091.9
2009-12-09,1091.1,1096.0
2009-12-10,1098.7,1102.3
2009-12-11,1104.0,1106.4
2009-12-14,1107.8,1114.1
2009-12-15,1114.1,1107.9
2009-12-16,1108.6,1109.2
2009-12-17,1106.4,1096.1
2009-12-18,1097.9,1102.5
2009-12-21,1105.3,1114.0
2009-12-22,1114.5,1118.0
2009-12-23,1118.8,1120.6
2009-12-24,1121.1,1126.5
2009-12-28,1127.5,1127.8
2009-12-29,1128.5,1126.2
2009-12-30,1125.5,1126.4
2009-12-31,1126.6,1115.1
2010-01-04,1116.6,1133.0
2010-01-05,1132.7,1136.5
2010-01-06,1135.7,1137.1
2010-01-07,1136.3,1141.7
2010-01-08,1140.5,1145.0
2010-01-11,1146.0,1147.0
2010-01-12,1143.8,1136.2
2010-01-13,1137.3,1145.7
2010-01-14,1145.7,1148.5
2010-01-15,1147.7,1136.0
2010-01-19,1136.0,1150.2
2010-01-20,1148.0,1138.0
2010-01-21,1138.7,1116.5
2010-01-22,1115.5,1091.8
2010-01-25,1092.4,1096.8
2010-01-26,1095.8,1092.2
2010-01-27,1091.9,1097.5
2010-01-28,1096.9,1084.5
2010-01-29,1087.6,1073.9
2010-02-01,1073.9,1089.2
2010-02-02,1090.0,1103.3
2010-02-03,1100.7,1097.3
2010-02-04,1097.2,1063.1
2010-02-05,1064.1,1066.2
2010-02-08,1065.5,1056.7
2010-02-09,1060.1,1070.5
2010-02-10,1069.7,1068.1
2010-02-11,1067.1,1078.5
2010-02-12,1076.0,1075.5
2010-02-16,1079.1,1094.9
2010-02-17,1096.1,1099.5
2010-02-18,1099.0,1106.8
2010-02-19,1105.5,1109.2
2010-02-22,1110.0,1108.0
2010-02-23,1107.5,1094.6
2010-02-24,1095.9,1105.2
2010-02-25,1101.2,1102.9
2010-02-26,1103.1,1104.5
2010-03-01,1105.4,1115.7
2010-03-02,1117.0,1118.3
2010-03-03,1119.4,1118.8
2010-03-04,1119.1,1123.0
2010-03-05,1125.1,1138.7
2010-03-08,1138.4,1138.5
2010-03-09,1137.6,1140.5
2010-03-10,1140.2,1145.6
2010-03-11,1144.0,1150.2
2010-03-12,1151.7,1150.0
2010-03-15,1148.5,1150.5
2010-03-16,1150.8,1159.5
2010-03-17,1159.9,1166.2
2010-03-18,1166.1,1165.8
2010-03-19,1166.7,1159.9
2010-03-22,1157.2,1165.8
2010-03-23,1166.5,1174.2
2010-03-24,1172.7,1167.7
2010-03-25,1170.0,1165.7
2010-03-26,1167.6,1166.6
2010-03-29,1167.7,1173.2
2010-03-30,1173.8,1173.3
2010-03-31,1171.8,1169.4
2010-04-01,1171.2,1178.1
2010-04-05,1178.7,1187.4
2010-04-06,1186.0,1189.4
2010-04-07,1188.2,1182.5
2010-04-08,1181.8,1186.4
2010-04-09,1187.5,1194.4
2010-04-12,1194.9,1196.5
2010-04-13,1195.9,1197.3
2010-04-14,1198.7,1210.7
2010-04-15,1210.8,1211.7
2010-04-16,1210.2,1192.1
2010-04-19,1192.1,1197.5
2010-04-20,1199.0,1207.2
2010-04-21,1207.2,1205.9
2010-04-22,1202.5,1208.7
2010-04-23,1207.9,1217.3
2010-04-26,1217.1,1212.0
2010-04-27,1209.9,1183.7
2010-04-28,1184.6,1191.4
2010-04-29,1193.3,1206.8
2010-04-30,1206.8,1186.7
2010-05-03,1188.6,1202.3
2010-05-04,1197.5,1173.6
2010-05-05,1169.2,1165.9
2010-05-06,1164.4,1128.2
2010-05-07,1127.0,1110.9
2010-05-10,1122.3,1159.7
2010-05-11,1156.4,1155.8
2010-05-12,1155.4,1171.7
2010-05-13,1170.0,1157.4
2010-05-14,1157.2,1135.7
2010-05-17,1136.5,1136.9
2010-05-18,1138.8,1120.8
2010-05-19,1119.6,1115.0
2010-05-20,1107.3,1071.6
2010-05-21,1067.3,1087.7
2010-05-24,1084.8,1073.7
2010-05-25,1067.4,1074.0
2010-05-26,1075.5,1068.0
2010-05-27,1074.3,1103.1
2010-05-28,1102.6,1089.4
2010-06-01,1087.3,1070.7
2010-06-02,1073.0,1098.4
2010-06-03,1098.8,1102.8
2010-06-04,1098.4,1064.9
2010-06-07,1065.8,1050.5
2010-06-08,1050.8,1062.0
2010-06-09,1062.8,1055.7
2010-06-10,1058.8,1086.8
2010-06-11,1082.7,1091.6
2010-06-14,1095.0,1089.6
2010-06-15,1091.2,1115.2
2010-06-16,1114.0,1114.6
2010-06-17,1116.0,1116.0
2010-06-18,1116.2,1117.5
2010-06-21,1122.8,1113.2
2010-06-22,1113.9,1095.3
2010-06-23,1095.6,1092.0
2010-06-24,1090.9,1073.7
2010-06-25,1075.1,1076.8
2010-06-28,1077.5,1074.6
2010-06-29,1071.1,1041.2
2010-06-30,1040.6,1030.7
2010-07-01,1031.1,1027.4
2010-07-02,1027.7,1022.6
2010-07-06,1028.1,1028.1
2010-07-07,1028.5,1060.3
2010-07-08,1062.9,1070.2
2010-07-09,1070.5,1078.0
2010-07-12,1077.2,1078.8
2010-07-13,1080.7,1095.3
2010-07-14,1095.6,1095.2
2010-07-15,1094.5,1096.5
2010-07-16,1093.8,1064.9
2010-07-19,1066.8,1071.2
2010-07-20,1064.5,1083.5
2010-07-21,1086.7,1069.6
2010-07-22,1072.1,1093.7
2010-07-23,1092.2,1102.7
2010-07-26,1102.9,1115.0
2010-07-27,1117.4,1113.8
2010-07-28,1112.8,1106.1
2010-07-29,1108.1,1101.5
2010-07-30,1098.4,1101.6
2010-08-02,1107.5,1125.9
2010-08-03,1125.3,1120.5
2010-08-04,1121.1,1127.2
2010-08-05,1125.8,1125.8
2010-08-06,1122.1,1121.6
2010-08-09,1122.8,1127.8
2010-08-10,1122.9,1121.1
2010-08-11,1116.9,1089.5
2010-08-12,1081.5,1083.6
2010-08-13,1082.2,1079.2
2010-08-16,1077.5,1079.4
2010-08-17,1081.2,1092.5
2010-08-18,1092.1,1094.2
2010-08-19,1092.4,1075.6
2010-08-20,1075.6,1071.7
2010-08-23,1073.4,1067.4
2010-08-24,1063.2,1051.9
2010-08-25,1049.0,1055.3
2010-08-26,1056.3,1047.2
2010-08-27,1049.3,1064.6
2010-08-30,1062.9,1048.9
2010-08-31,1046.9,1049.3
2010-09-01,1049.7,1080.3
2010-09-02,1080.7,1090.1
2010-09-03,1093.6,1104.5
2010-09-07,1102.6,1091.8
2010-09-08,1092.4,1098.9
2010-09-09,1101.2,1104.2
2010-09-10,1104.6,1109.5
2010-09-13,1113.4,1121.9
2010-09-14,1121.2,1121.1
2010-09-15,1119.4,1125.1
2010-09-16,1123.9,1124.7
2010-09-17,1126.4,1125.6
2010-09-20,1126.6,1142.7
2010-09-21,1142.8,1139.8
2010-09-22,1139.5,1134.3
2010-09-23,1131.1,1124.8
2010-09-24,1131.7,1148.7
2010-09-27,1148.6,1142.2
2010-09-28,1142.3,1147.7
2010-09-29,1146.8,1144.7
2010-09-30,1146.0,1141.2
2010-10-01,1143.5,1146.2
2010-10-04,1145.0,1137.0
2010-10-05,1140.7,1160.8
2010-10-06,1159.8,1160.0
2010-10-07,1161.6,1158.1
2010-10-08,1158.4,1165.2
2010-10-11,1165.3,1165.3
2010-10-12,1164.3,1169.8
2010-10-13,1171.3,1178.1
2010-10-14,1177.8,1173.8
2010-10-15,1177.5,1176.2
2010-10-18,1176.8,1184.7
2010-10-19,1178.6,1165.9
2010-10-20,1166.7,1178.2
2010-10-21,1179.8,1180.3
2010-10-22,1180.5,1183.1
2010-10-25,1184.7,1185.6
2010-10-26,1184.9,1185.6
2010-10-27,1183.8,1182.5
2010-10-28,1184.5,1183.8
2010-10-29,1183.9,1183.3
2010-11-01,1185.7,1184.4
2010-11-02,1187.9,1193.6
2010-11-03,1193.8,1198.0
2010-11-04,1198.3,1221.1
2010-11-05,1221.2,1225.8
2010-11-08,1223.2,1223.2
2010-11-09,1223.6,1213.4
2010-11-10,1213.1,1218.7
2010-11-11,1213.0,1213.5
2010-11-12,1209.1,1199.2
2010-11-15,1200.4,1197.8
2010-11-16,1194.8,1178.3
2010-11-17,1178.3,1178.6
2010-11-18,1183.8,1196.7
2010-11-19,1196.1,1199.7
2010-11-22,1198.1,1197.8
2010-11-23,1192.5,1180.7
2010-11-24,1183.7,1198.3
2010-11-26,1194.2,1189.4
2010-11-29,1189.1,1187.8
2010-11-30,1183.0,1180.5
2010-12-01,1186.6,1206.1
2010-12-02,1206.8,1221.5
2010-12-03,1219.9,1224.7
2010-12-06,1223.9,1223.1
2010-12-07,1227.2,1223.8
2010-12-08,1225.0,1228.3
2010-12-09,1230.1,1233.0
2010-12-10,1233.8,1240.4
2010-12-13,1242.5,1240.5
2010-12-14,1241.8,1241.6
2010-12-15,1241.6,1235.2
2010-12-16,1236.3,1242.9
2010-12-17,1243.6,1243.9
2010-12-20,1245.8,1247.1
2010-12-21,1249.4,1254.6
2010-12-22,1254.9,1258.8
2010-12-23,1257.5,1256.8
2010-12-27,1254.7,1257.5
2010-12-28,1259.1,1258.5
2010-12-29,1258.8,1259.8
2010-12-30,1259.4,1257.9
2010-12-31,1256.8,1257.6
2011-01-03,1257.6,1271.9
2011-01-04,1273.0,1270.2
2011-01-05,1268.8,1276.6
2011-01-06,1276.3,1273.8
2011-01-07,1274.4,1271.5
2011-01-10,1270.8,1269.8
2011-01-11,1272.6,1274.5
2011-01-12,1275.7,1286.0
2011-01-13,1285.8,1283.8
2011-01-14,1282.9,1293.2
2011-01-18,1293.2,1295.0
2011-01-19,1294.5,1281.9
2011-01-20,1280.8,1280.3
2011-01-21,1283.6,1283.3
2011-01-24,1283.3,1290.8
2011-01-25,1288.2,1291.2
2011-01-26,1292.0,1296.6
2011-01-27,1297.5,1299.5
2011-01-28,1299.6,1276.3
2011-01-31,1276.5,1286.1
2011-02-01,1289.1,1307.6
2011-02-02,1305.9,1304.0
2011-02-03,1302.8,1307.1
2011-02-04,1307.0,1310.9
2011-02-07,1311.8,1319.0
2011-02-08,1318.8,1324.6
2011-02-09,1322.5,1320.9
2011-02-10,1318.1,1321.9
2011-02-11,1318.7,1329.2
2011-02-14,1328.7,1332.3
2011-02-15,1330.4,1328.0
2011-02-16,1329.5,1336.3
2011-02-17,1334.4,1340.4
2011-02-18,1340.4,1343.0
2011-02-22,1338.9,1315.4
2011-02-23,1315.4,1307.4
2011-02-24,1307.1,1306.1
2011-02-25,1307.3,1319.9
2011-02-28,1321.6,1327.2
2011-03-01,1328.6,1306.3
2011-03-02,1305.5,1308.4
2011-03-03,1312.4,1331.0
2011-03-04,1330.7,1321.2
2011-03-07,1322.7,1310.1
2011-03-08,1311.0,1321.8
2011-03-09,1319.9,1320.0
2011-03-10,1315.7,1295.1
2011-03-11,1293.4,1304.3
2011-03-14,1301.2,1296.4
2011-03-15,1288.5,1281.9
2011-03-16,1279.5,1256.9
2011-03-17,1261.6,1273.7
2011-03-18,1276.7,1279.2
2011-03-21,1281.7,1298.4
2011-03-22,1298.3,1293.8
2011-03-23,1292.2,1297.5
2011-03-24,1300.6,1309.7
2011-03-25,1311.8,1313.8
2011-03-28,1315.5,1310.2
2011-03-29,1309.4,1319.4
2011-03-30,1321.9,1328.3
2011-03-31,1327.4,1325.8
2011-04-01,1329.5,1332.4
2011-04-04,1333.6,1332.9
2011-04-05,1332.0,1332.6
2011-04-06,1335.9,1335.5
2011-04-07,1334.8,1333.5
2011-04-08,1336.2,1328.2
2011-04-11,1329.0,1324.5
2011-04-12,1322.0,1314.2
2011-04-13,1314.0,1314.4
2011-04-14,1311.1,1314.5
2011-04-15,1314.5,1319.7
2011-04-18,1313.3,1305.1
2011-04-19,1306.0,1312.6
2011-04-20,1319.1,1330.4
2011-04-21,1333.2,1337.4
2011-04-25,1337.1,1335.2
2011-04-26,1336.8,1347.2
2011-04-27,1348.4,1355.7
2011-04-28,1353.9,1360.5
2011-04-29,1360.1,1363.6
2011-05-02,1365.2,1361.2
2011-05-03,1359.8,1356.6
2011-05-04,1355.9,1347.3
2011-05-05,1344.2,1335.1
2011-05-06,1340.2,1340.2
2011-05-09,1340.2,1346.3
2011-05-10,1348.3,1357.2
2011-05-11,1354.5,1342.1
2011-05-12,1339.4,1348.7
2011-05-13,1348.7,1337.8
2011-05-16,1334.8,1329.5
2011-05-17,1326.1,1329.0
2011-05-18,1328.5,1340.7
2011-05-19,1342.4,1343.6
2011-05-20,1342.0,1333.3
2011-05-23,1333.1,1317.4
2011-05-24,1317.7,1316.3
2011-05-25,1316.4,1320.5
2011-05-26,1320.6,1325.7
2011-05-27,1325.7,1331.1
2011-05-31,1331.1,1345.2
2011-06-01,1345.2,1314.5
2011-06-02,1314.5,1312.9
2011-06-03,1312.9,1300.2
2011-06-06,1300.3,1286.2
2011-06-07,1286.3,1284.9
2011-06-08,1284.6,1279.6
2011-06-09,1279.6,1289.0
2011-06-10,1288.6,1271.0
2011-06-13,1271.3,1271.8
2011-06-14,1272.2,1287.9
2011-06-15,1287.9,1265.4
2011-06-16,1265.5,1267.6
2011-06-17,1268.6,1271.5
2011-06-20,1271.5,1278.4
2011-06-21,1278.4,1295.5
2011-06-22,1295.5,1287.1
2011-06-23,1286.6,1283.5
2011-06-24,1283.0,1268.5
2011-06-27,1268.4,1280.1
2011-06-28,1280.2,1296.7
2011-06-29,1296.8,1307.4
2011-06-30,1307.6,1320.6
2011-07-01,1320.6,1339.7
2011-07-05,1339.6,1337.9
2011-07-06,1337.6,1339.2
2011-07-07,1339.6,1353.2
2011-07-08,1352.4,1343.8
2011-07-11,1343.3,1319.5
2011-07-12,1319.6,1313.6
2011-07-13,1314.5,1317.7
2011-07-14,1317.7,1308.9
2011-07-15,1308.9,1316.1
2011-07-18,1315.9,1305.4
2011-07-19,1307.1,1326.7
2011-07-20,1328.7,1325.8
2011-07-21,1325.7,1343.8
2011-07-22,1343.8,1345.0
2011-07-25,1344.3,1337.4
2011-07-26,1337.4,1331.9
2011-07-27,1331.9,1304.9
2011-07-28,1304.8,1300.7
2011-07-29,1300.1,1292.3
2011-08-01,1292.6,1286.9
2011-08-02,1286.6,1254.0
2011-08-03,1254.2,1260.3
2011-08-04,1260.2,1200.1
2011-08-05,1200.3,1199.4
2011-08-08,1198.5,1119.5
2011-08-09,1120.2,1172.5
2011-08-10,1171.8,1120.8
2011-08-11,1121.3,1172.6
2011-08-12,1172.9,1178.8
2011-08-15,1178.9,1204.5
2011-08-16,1204.2,1192.8
2011-08-17,1192.9,1193.9
2011-08-18,1189.6,1140.7
2011-08-19,1140.5,1123.5
2011-08-22,1123.5,1123.8
2011-08-23,1124.4,1162.3
2011-08-24,1162.2,1177.6
2011-08-25,1176.7,1159.3
2011-08-26,1158.8,1176.8
2011-08-29,1177.9,1210.1
2011-08-30,1209.8,1212.9
2011-08-31,1213.0,1218.9
2011-09-01,1219.1,1204.4
2011-09-02,1203.9,1174.0
2011-09-06,1174.0,1165.2
2011-09-07,1165.8,1198.6
2011-09-08,1198.0,1185.9
2011-09-09,1185.4,1154.2
2011-09-12,1153.5,1162.3
2011-09-13,1162.6,1172.9
2011-09-14,1173.3,1188.7
2011-09-15,1189.4,1209.1
2011-09-16,1209.2,1216.0
2011-09-19,1215.0,1204.1
2011-09-20,1204.5,1202.1
2011-09-21,1203.6,1166.8
2011-09-22,1164.5,1129.6
2011-09-23,1128.8,1136.4
2011-09-26,1136.9,1163.0
2011-09-27,1163.3,1175.4
2011-09-28,1175.4,1151.1
2011-09-29,1151.7,1160.4
2011-09-30,1159.9,1131.4
2011-10-03,1131.2,1099.2
2011-10-04,1097.4,1124.0
2011-10-05,1124.0,1144.0
2011-10-06,1144.1,1165.0
2011-10-07,1165.0,1155.5
2011-10-10,1158.2,1194.9
2011-10-11,1194.6,1195.5
2011-10-12,1196.2,1207.2
2011-10-13,1207.0,1203.7
2011-10-14,1205.7,1224.6
2011-10-17,1224.5,1200.9
2011-10-18,1200.8,1225.4
2011-10-19,1223.5,1209.9
2011-10-20,1211.1,1215.4
2011-10-21,1215.4,1238.2
2011-10-24,1238.7,1254.2
2011-10-25,1254.2,1229.0
2011-10-26,1229.2,1242.0
2011-10-27,1244.0,1284.6
2011-10-28,1284.4,1285.1
2011-10-31,1285.0,1253.3
2011-11-01,1251.0,1218.3
2011-11-02,1219.6,1237.9
2011-11-03,1238.2,1261.2
2011-11-04,1260.8,1253.2
2011-11-07,1253.2,1261.1
2011-11-08,1261.1,1275.9
2011-11-09,1275.2,1229.1
2011-11-10,1229.6,1239.7
2011-11-11,1240.1,1263.8
2011-11-14,1263.8,1251.8
2011-11-15,1251.7,1257.8
2011-11-16,1257.8,1236.9
2011-11-17,1236.6,1216.1
2011-11-18,1216.2,1215.7
2011-11-21,1215.6,1193.0
2011-11-22,1193.0,1188.0
2011-11-23,1187.5,1161.8
2011-11-25,1161.4,1158.7
2011-11-28,1158.7,1192.5
2011-11-29,1192.6,1195.2
2011-11-30,1196.7,1247.0
2011-12-01,1246.9,1244.6
2011-12-02,1246.0,1244.3
2011-12-05,1244.3,1257.1
2011-12-06,1257.2,1258.5
2011-12-07,1258.1,1261.0
2011-12-08,1260.9,1234.3
2011-12-09,1234.5,1255.2
2011-12-12,1255.0,1236.5
2011-12-13,1236.8,1225.7
2011-12-14,1225.7,1211.8
2011-12-15,1212.1,1215.8
2011-12-16,1216.1,1219.7
2011-12-19,1219.7,1205.3
2011-12-20,1205.7,1241.3
2011-12-21,1241.2,1243.7
2011-12-22,1243.7,1254.0
2011-12-23,1254.0,1265.3
2011-12-27,1265.0,1265.4
2011-12-28,1265.4,1249.6
2011-12-29,1249.8,1263.0
2011-12-30,1262.8,1257.6
2012-01-03,1258.9,1277.1
2012-01-04,1277.0,1277.3
2012-01-05,1277.3,1281.1
2012-01-06,1280.9,1277.8
2012-01-09,1277.8,1280.7
2012-01-10,1280.8,1292.1
2012-01-11,1292.0,1292.5
2012-01-12,1292.5,1295.5
2012-01-13,1294.8,1289.1
2012-01-17,1290.2,1293.7
2012-01-18,1293.7,1308.0
2012-01-19,1308.1,1314.5
2012-01-20,1314.5,1315.4
2012-01-23,1315.3,1316.0
2012-01-24,1316.0,1314.7
2012-01-25,1314.4,1326.0
2012-01-26,1326.3,1318.4
2012-01-27,1318.2,1316.3
2012-01-30,1316.2,1313.0
2012-01-31,1313.5,1312.4
2012-02-01,1312.5,1324.1
2012-02-02,1324.2,1325.5
2012-02-03,1326.2,1344.9
2012-02-06,1344.3,1344.3
2012-02-07,1344.3,1347.0
2012-02-08,1347.0,1350.0
2012-02-09,1350.0,1352.0
2012-02-10,1351.2,1342.6
2012-02-13,1343.1,1351.8
2012-02-14,1351.3,1350.5
2012-02-15,1350.5,1343.2
2012-02-16,1342.6,1358.0
2012-02-17,1358.1,1361.2
2012-02-21,1361.2,1362.2
2012-02-22,1362.1,1357.7
2012-02-23,1357.5,1363.5
2012-02-24,1363.5,1365.7
2012-02-27,1365.2,1367.6
2012-02-28,1367.6,1372.2
2012-02-29,1372.2,1365.7
2012-03-01,1365.9,1374.1
2012-03-02,1374.1,1369.6
2012-03-05,1369.6,1364.3
2012-03-06,1363.6,1343.4
2012-03-07,1343.4,1352.6
2012-03-08,1352.7,1365.9
2012-03-09,1366.0,1370.9
2012-03-12,1370.8,1371.1
2012-03-13,1371.9,1396.0
2012-03-14,1396.0,1394.3
2012-03-15,1394.2,1402.6
2012-03-16,1402.5,1404.2
2012-03-19,1404.2,1409.8
2012-03-20,1409.6,1405.5
2012-03-21,1405.5,1402.9
2012-03-22,1402.9,1392.8
2012-03-23,1392.8,1397.1
2012-03-26,1397.1,1416.5
2012-03-27,1416.5,1412.5
2012-03-28,1412.5,1405.5
2012-03-29,1405.4,1403.3
2012-03-30,1403.3,1408.5
2012-04-02,1408.5,1419.0
2012-04-03,1419.0,1413.4
2012-04-04,1413.1,1399.0
2012-04-05,1398.8,1398.1
2012-04-09,1397.5,1382.2
2012-04-10,1382.2,1358.6
2012-04-11,1359.0,1368.7
2012-04-12,1368.8,1387.6
2012-04-13,1387.6,1370.3
2012-04-16,1370.3,1369.6
2012-04-17,1369.6,1390.8
2012-04-18,1390.8,1385.1
2012-04-19,1385.1,1376.9
2012-04-20,1377.0,1378.5
2012-04-23,1378.5,1366.9
2012-04-24,1367.0,1372.0
2012-04-25,1372.1,1390.7
2012-04-26,1390.6,1400.0
2012-04-27,1400.2,1403.4
2012-04-30,1403.3,1397.9
2012-05-01,1397.9,1405.8
2012-05-02,1405.5,1402.3
2012-05-03,1402.3,1391.6
2012-05-04,1391.5,1369.1
2012-05-07,1368.8,1369.6
2012-05-08,1369.2,1363.7
2012-05-09,1363.2,1354.6
2012-05-10,1354.6,1358.0
2012-05-11,1358.1,1353.4
2012-05-14,1351.9,1338.3
2012-05-15,1338.4,1330.7
2012-05-16,1330.8,1324.8
2012-05-17,1324.8,1304.9
2012-05-18,1305.0,1295.2
2012-05-21,1295.7,1316.0
2012-05-22,1316.1,1316.6
2012-05-23,1316.0,1318.9
2012-05-24,1318.7,1320.7
2012-05-25,1320.8,1317.8
2012-05-29,1318.9,1332.4
2012-05-30,1331.2,1313.3
2012-05-31,1313.1,1310.3
2012-06-01,1309.9,1278.0
2012-06-04,1278.3,1278.2
2012-06-05,1277.8,1285.5
2012-06-06,1285.6,1315.1
2012-06-07,1316.2,1315.0
2012-06-08,1315.0,1325.7
2012-06-11,1325.7,1308.9
2012-06-12,1309.4,1324.2
2012-06-13,1324.0,1314.9
2012-06-14,1314.9,1329.1
2012-06-15,1329.2,1342.8
2012-06-18,1342.4,1344.8
2012-06-19,1344.8,1358.0
2012-06-20,1358.0,1355.7
2012-06-21,1355.4,1325.5
2012-06-22,1325.9,1335.0
2012-06-25,1334.9,1313.7
2012-06-26,1314.1,1320.0
2012-06-27,1320.7,1331.8
2012-06-28,1331.5,1329.0
2012-06-29,1330.1,1362.2
2012-07-02,1362.3,1365.5
2012-07-03,1365.8,1374.0
2012-07-05,1373.7,1367.6
2012-07-06,1367.1,1354.7
2012-07-09,1354.7,1352.5
2012-07-10,1353.0,1341.5
2012-07-11,1341.4,1341.5
2012-07-12,1341.3,1334.8
2012-07-13,1334.8,1356.8
2012-07-16,1356.5,1353.6
2012-07-17,1353.7,1363.7
2012-07-18,1363.6,1372.8
2012-07-19,1373.0,1376.5
2012-07-20,1376.5,1362.7
2012-07-23,1362.3,1350.5
2012-07-24,1350.5,1338.3
2012-07-25,1338.3,1337.9
2012-07-26,1338.2,1360.0
2012-07-27,1360.0,1386.0
2012-07-30,1385.9,1385.3
2012-07-31,1385.3,1379.3
2012-08-01,1379.3,1375.1
2012-08-02,1375.1,1365.0
2012-08-03,1365.5,1391.0
2012-08-06,1391.0,1394.2
2012-08-07,1394.5,1401.3
2012-08-08,1401.2,1402.2
2012-08-09,1402.3,1402.8
2012-08-10,1402.6,1405.9
2012-08-13,1405.9,1404.1
2012-08-14,1404.4,1403.9
2012-08-15,1403.9,1405.5
2012-08-16,1406.6,1415.5
2012-08-17,1415.8,1418.2
2012-08-20,1417.8,1418.1
2012-08-21,1418.1,1413.2
2012-08-22,1413.1,1413.5
2012-08-23,1413.5,1402.1
2012-08-24,1402.0,1411.1
2012-08-27,1411.1,1410.4
2012-08-28,1410.4,1409.3
2012-08-29,1409.3,1410.5
2012-08-30,1410.1,1399.5
2012-08-31,1400.1,1406.6
2012-09-04,1406.5,1404.9
2012-09-05,1404.9,1403.4
2012-09-06,1403.4,1432.1
2012-09-07,1432.1,1437.9
2012-09-10,1437.9,1429.1
2012-09-11,1429.1,1433.6
2012-09-12,1433.6,1436.6
2012-09-13,1436.6,1460.0
2012-09-14,1460.1,1465.8
2012-09-17,1465.4,1461.2
2012-09-18,1461.2,1459.3
2012-09-19,1459.5,1461.0
2012-09-20,1461.0,1460.3
2012-09-21,1460.3,1460.2
2012-09-24,1459.8,1456.9
2012-09-25,1456.9,1441.6
2012-09-26,1441.6,1433.3
2012-09-27,1433.4,1447.2
2012-09-28,1447.1,1440.7
2012-10-01,1440.9,1444.5
2012-10-02,1445.0,1445.8
2012-10-03,1446.0,1451.0
2012-10-04,1451.1,1461.4
2012-10-05,1461.4,1460.9
2012-10-08,1460.9,1455.9
2012-10-09,1455.9,1441.5
2012-10-10,1441.5,1432.6
2012-10-11,1432.8,1432.8
2012-10-12,1432.8,1428.6
2012-10-15,1428.8,1440.1
2012-10-16,1440.3,1454.9
2012-10-17,1454.2,1460.9
2012-10-18,1460.9,1457.3
2012-10-19,1457.3,1433.2
2012-10-22,1433.2,1433.8
2012-10-23,1433.7,1413.1
2012-10-24,1413.2,1408.8
2012-10-25,1409.7,1413.0
2012-10-26,1413.0,1411.9
2012-10-31,1411.0,1412.2
2012-11-01,1412.2,1427.6
2012-11-02,1427.6,1414.2
2012-11-05,1414.0,1417.3
2012-11-06,1417.3,1428.4
2012-11-07,1428.3,1394.5
2012-11-08,1394.5,1377.5
2012-11-09,1377.5,1379.8
2012-11-12,1379.9,1380.0
2012-11-13,1380.0,1374.5
2012-11-14,1374.6,1355.5
2012-11-15,1355.4,1353.3
2012-11-16,1353.4,1359.9
2012-11-19,1359.9,1386.9
2012-11-20,1386.8,1387.8
2012-11-21,1387.8,1391.0
2012-11-23,1391.0,1409.2
2012-11-26,1409.2,1406.3
2012-11-27,1406.3,1398.9
2012-11-28,1398.8,1409.9
2012-11-29,1410.0,1416.0
2012-11-30,1416.0,1416.2
2012-12-03,1416.3,1409.5
2012-12-04,1409.5,1407.0
2012-12-05,1407.0,1409.3
2012-12-06,1409.4,1413.9
2012-12-07,1414.0,1418.1
2012-12-10,1418.1,1418.5
2012-12-11,1418.5,1427.8
2012-12-12,1427.8,1428.5
2012-12-13,1428.5,1419.5
2012-12-14,1419.5,1413.6
2012-12-17,1413.5,1430.4
2012-12-18,1430.5,1446.8
2012-12-19,1446.8,1435.8
2012-12-20,1435.8,1443.7
2012-12-21,1443.7,1430.2
2012-12-24,1430.2,1426.7
2012-12-26,1426.7,1419.8
2012-12-27,1419.8,1418.1
2012-12-28,1418.1,1402.4
2012-12-31,1402.4,1426.2
2013-01-02,1426.2,1462.4
2013-01-03,1462.4,1459.4
2013-01-04,1459.4,1466.5
2013-01-07,1466.5,1461.9
2013-01-08,1461.9,1457.2
2013-01-09,1457.2,1461.0
2013-01-10,1464.6,1472.1
2013-01-11,1472.1,1472.0
2013-01-14,1472.0,1470.7
2013-01-15,1470.7,1472.3
2013-01-16,1472.3,1472.6
2013-01-17,1472.6,1480.9
2013-01-18,1481.0,1486.0
2013-01-22,1486.0,1492.6
2013-01-23,1492.6,1494.8
2013-01-24,1494.8,1494.8
2013-01-25,1494.8,1503.0
2013-01-28,1503.0,1500.2
2013-01-29,1500.2,1507.8
2013-01-30,1507.8,1502.0
2013-01-31,1502.0,1498.1
2013-02-01,1498.1,1513.2
2013-02-04,1513.2,1495.7
2013-02-05,1495.7,1511.3
2013-02-06,1511.3,1512.1
2013-02-07,1512.1,1509.4
2013-02-08,1509.4,1517.9
2013-02-11,1517.9,1517.0
2013-02-12,1517.0,1519.4
2013-02-13,1519.4,1520.3
2013-02-14,1520.3,1521.4
2013-02-15,1521.4,1519.8
2013-02-19,1519.8,1530.9
2013-02-20,1530.9,1512.0
2013-02-21,1512.0,1502.4
2013-02-22,1502.4,1515.6
2013-02-25,1515.6,1487.8
2013-02-26,1487.8,1496.9
2013-02-27,1496.9,1516.0
2013-02-28,1516.0,1514.7
2013-03-01,1514.7,1518.2
2013-03-04,1518.2,1525.2
2013-03-05,1525.2,1539.8
2013-03-06,1539.8,1541.5
2013-03-07,1541.5,1544.3
2013-03-08,1544.3,1551.2
2013-03-11,1551.2,1556.2
2013-03-12,1556.2,1552.5
2013-03-13,1552.5,1554.5
2013-03-14,1554.5,1563.2
2013-03-15,1563.2,1560.7
2013-03-18,1560.7,1552.1
2013-03-19,1552.1,1548.3
2013-03-20,1548.3,1558.7
2013-03-21,1558.7,1545.8
2013-03-22,1545.9,1556.9
2013-03-25,1556.9,1551.7
2013-03-26,1551.7,1563.8
2013-03-27,1563.8,1562.8
2013-03-28,1562.9,1569.2
2013-04-01,1569.2,1562.2
2013-04-02,1562.2,1570.2
2013-04-03,1570.2,1553.7
2013-04-04,1553.7,1560.0
2013-04-05,1560.0,1553.3
2013-04-08,1553.3,1563.1
2013-04-09,1563.1,1568.6
2013-04-10,1568.6,1587.7
2013-04-11,1587.7,1593.4
2013-04-12,1593.3,1588.8
2013-04-15,1588.8,1552.4
2013-04-16,1552.4,1574.6
2013-04-17,1574.6,1552.0
2013-04-18,1552.0,1541.6
2013-04-19,1541.6,1555.2
2013-04-22,1555.2,1562.5
2013-04-23,1562.5,1578.8
2013-04-24,1578.8,1578.8
2013-04-25,1578.9,1585.2
2013-04-26,1585.2,1582.2
2013-04-29,1582.3,1593.6
2013-04-30,1593.6,1597.6
2013-05-01,1597.5,1582.7
2013-05-02,1582.8,1597.6
2013-05-03,1597.6,1614.4
2013-05-06,1614.4,1617.5
2013-05-07,1617.5,1626.0
2013-05-08,1626.0,1632.7
2013-05-09,1632.7,1626.7
2013-05-10,1626.7,1633.7
2013-05-13,1632.1,1633.8
2013-05-14,1633.8,1650.3
2013-05-15,1649.1,1658.8
2013-05-16,1658.1,1650.5
2013-05-17,1652.5,1667.5
2013-05-20,1665.7,1666.3
2013-05-21,1666.2,1669.2
2013-05-22,1669.4,1655.3
2013-05-23,1651.6,1650.5
2013-05-24,1646.7,1649.6
2013-05-28,1652.6,1660.1
2013-05-29,1656.6,1648.4
2013-05-30,1649.1,1654.4
2013-05-31,1652.1,1630.7
2013-06-03,1631.7,1640.4
2013-06-04,1640.7,1631.4
2013-06-05,1629.0,1608.9
2013-06-06,1609.3,1622.6
2013-06-07,1625.3,1643.4
2013-06-10,1644.7,1642.8
2013-06-11,1638.6,1626.1
2013-06-12,1629.9,1612.5
2013-06-13,1612.2,1636.4
2013-06-14,1635.5,1626.7
2013-06-17,1630.6,1639.0
2013-06-18,1639.8,1651.8
2013-06-19,1651.8,1628.9
2013-06-20,1624.6,1588.2
2013-06-21,1588.6,1592.4
2013-06-24,1588.8,1573.1
2013-06-25,1577.5,1588.0
2013-06-26,1592.3,1603.3
2013-06-27,1606.4,1613.2
2013-06-28,1611.1,1606.3
2013-07-01,1609.8,1615.0
2013-07-02,1614.3,1614.1
2013-07-03,1611.5,1615.4
2013-07-05,1618.7,1631.9
2013-07-08,1634.2,1640.5
2013-07-09,1642.9,1652.3
2013-07-10,1651.6,1652.6
2013-07-11,1657.4,1675.0
2013-07-12,1675.3,1680.2
2013-07-15,1679.6,1682.5
2013-07-16,1682.7,1676.3
2013-07-17,1677.9,1680.9
2013-07-18,1681.0,1689.4
2013-07-19,1686.2,1692.1
2013-07-22,1694.4,1695.5
2013-07-23,1696.6,1692.4
2013-07-24,1696.1,1685.9
2013-07-25,1685.2,1690.2
2013-07-26,1687.3,1691.7
2013-07-29,1690.3,1685.3
2013-07-30,1687.9,1686.0
2013-07-31,1687.8,1685.7
2013-08-01,1689.4,1706.9
2013-08-02,1706.1,1709.7
2013-08-05,1708.0,1707.1
2013-08-06,1705.8,1697.4
2013-08-07,1695.3,1690.9
2013-08-08,1693.3,1697.5
2013-08-09,1696.1,1691.4
2013-08-12,1688.4,1689.5
2013-08-13,1690.7,1694.2
2013-08-14,1693.9,1685.4
2013-08-15,1679.6,1661.3
2013-08-16,1661.2,1655.8
2013-08-19,1655.2,1646.1
2013-08-20,1646.8,1652.3
2013-08-21,1650.7,1642.8
2013-08-22,1645.0,1657.0
2013-08-23,1659.9,1663.5
2013-08-26,1664.3,1656.8
2013-08-27,1652.5,1630.5
2013-08-28,1630.2,1635.0
2013-08-29,1633.5,1638.2
2013-08-30,1638.9,1633.0
2013-09-03,1636.0,1639.8
2013-09-04,1640.7,1653.1
2013-09-05,1653.3,1655.1
2013-09-06,1657.4,1655.2
2013-09-09,1656.8,1671.7
2013-09-10,1674.3,1684.0
2013-09-11,1681.0,1689.1
2013-09-12,1689.2,1683.4
2013-09-13,1685.0,1688.0
2013-09-16,1691.7,1697.6
2013-09-17,1697.7,1704.8
2013-09-18,1705.7,1725.5
2013-09-19,1727.3,1722.3
2013-09-20,1722.4,1709.9
2013-09-23,1711.4,1701.8
2013-09-24,1702.6,1697.4
2013-09-25,1698.0,1692.8
2013-09-26,1694.0,1698.7
2013-09-27,1695.5,1691.8
2013-09-30,1687.3,1681.5
2013-10-01,1682.4,1695.0
2013-10-02,1691.9,1693.9
2013-10-03,1692.3,1678.7
2013-10-04,1678.8,1690.5
2013-10-07,1687.2,1676.1
2013-10-08,1676.2,1655.5
2013-10-09,1657.0,1656.4
2013-10-10,1660.9,1692.6
2013-10-11,1691.1,1703.2
2013-10-14,1699.9,1710.1
2013-10-15,1709.2,1698.1
2013-10-16,1700.5,1721.5
2013-10-17,1720.2,1733.2
2013-10-18,1736.7,1744.5
2013-10-21,1745.2,1744.7
2013-10-22,1746.5,1754.7
2013-10-23,1752.3,1746.4
2013-10-24,1747.5,1752.1
2013-10-25,1756.0,1759.8
2013-10-28,1759.4,1762.1
2013-10-29,1762.9,1772.0
2013-10-30,1772.3,1763.3
2013-10-31,1763.2,1756.5
2013-11-01,1758.7,1761.6
2013-11-04,1763.4,1767.9
2013-11-05,1765.7,1763.0
2013-11-06,1765.0,1770.5
2013-11-07,1770.7,1747.2
2013-11-08,1748.4,1770.6
2013-11-11,1770.0,1771.9
2013-11-12,1769.5,1767.7
2013-11-13,1764.4,1782.0
2013-11-14,1782.8,1790.6
2013-11-15,1790.7,1798.2
2013-11-18,1798.8,1791.5
2013-11-19,1790.8,1787.9
2013-11-20,1789.6,1781.4
2013-11-21,1783.5,1795.8
2013-11-22,1797.2,1804.8
2013-11-25,1806.3,1802.5
2013-11-26,1802.9,1802.8
2013-11-27,1803.5,1807.2
2013-11-29,1808.7,1805.8
2013-12-02,1806.5,1800.9
2013-12-03,1800.1,1795.2
2013-12-04,1793.2,1792.8
2013-12-05,1792.8,1785.0
2013-12-06,1788.4,1805.1
2013-12-09,1806.2,1808.4
2013-12-10,1807.6,1802.6
2013-12-11,1802.8,1782.2
2013-12-12,1781.7,1775.5
2013-12-13,1778.0,1775.3
2013-12-16,1777.5,1786.5
2013-12-17,1786.5,1781.0
2013-12-18,1781.5,1810.7
2013-12-19,1809.0,1809.6
2013-12-20,1810.4,1818.3
2013-12-23,1822.9,1828.0
2013-12-24,1828.0,1833.3
2013-12-26,1835.0,1842.0
2013-12-27,1843.0,1841.4
2013-12-30,1841.5,1841.1
2013-12-31,1842.6,1848.4
2014-01-02,1845.9,1832.0
2014-01-03,1833.2,1831.4
2014-01-06,1832.3,1826.8
2014-01-07,1828.7,1837.9
2014-01-08,1837.9,1837.5
2014-01-09,1839.0,1838.1
2014-01-10,1840.1,1842.4
2014-01-13,1841.3,1819.2
2014-01-14,1821.4,1838.9
2014-01-15,1840.5,1848.4
2014-01-16,1848.0,1845.9
2014-01-17,1844.2,1838.7
2014-01-21,1841.0,1843.8
2014-01-22,1844.7,1844.9
2014-01-23,1842.3,1828.5
2014-01-24,1827.0,1790.3
2014-01-27,1791.0,1781.6
2014-01-28,1783.0,1792.5
2014-01-29,1790.2,1774.2
2014-01-30,1777.2,1794.2
2014-01-31,1790.9,1782.6
2014-02-03,1782.7,1741.9
2014-02-04,1743.8,1755.2
2014-02-05,1753.4,1751.6
2014-02-06,1753.0,1773.4
2014-02-07,1776.0,1797.0
2014-02-10,1796.2,1799.8
2014-02-11,1800.5,1819.8
2014-02-12,1820.1,1819.3
2014-02-13,1814.8,1829.8
2014-02-14,1828.5,1838.6
2014-02-18,1839.0,1840.8
2014-02-19,1838.9,1828.8
2014-02-20,1829.2,1839.8
2014-02-21,1841.1,1836.2
2014-02-24,1836.8,1847.6
2014-02-25,1847.7,1845.1
2014-02-26,1845.8,1845.2
2014-02-27,1844.9,1854.3
2014-02-28,1855.1,1859.5
2014-03-03,1857.7,1845.7
2014-03-04,1849.2,1873.9
2014-03-05,1874.0,1873.8
2014-03-06,1874.2,1877.0
2014-03-07,1878.5,1878.0
2014-03-10,1877.9,1877.2
2014-03-11,1878.3,1867.6
2014-03-12,1866.2,1868.2
2014-03-13,1869.1,1846.3
2014-03-14,1845.1,1841.1
2014-03-17,1842.8,1858.8
2014-03-18,1858.9,1872.2
2014-03-19,1872.2,1860.8
2014-03-20,1860.1,1872.0
2014-03-21,1874.5,1866.5
2014-03-24,1867.7,1857.4
2014-03-25,1859.5,1865.6
2014-03-26,1867.1,1852.6
2014-03-27,1852.1,1849.0
2014-03-28,1850.1,1857.6
2014-03-31,1859.2,1872.3
2014-04-01,1874.0,1885.5
2014-04-02,1886.6,1890.9
2014-04-03,1891.4,1888.8
2014-04-04,1890.2,1865.1
2014-04-07,1863.9,1845.0
2014-04-08,1845.5,1852.0
2014-04-09,1852.6,1872.2
2014-04-10,1872.3,1833.1
2014-04-11,1830.7,1815.7
2014-04-14,1818.2,1830.6
2014-04-15,1831.5,1843.0
2014-04-16,1846.0,1862.3
2014-04-17,1861.7,1864.8
2014-04-21,1865.8,1871.9
2014-04-22,1872.6,1879.5
2014-04-23,1879.3,1875.4
2014-04-24,1882.0,1878.6
2014-04-25,1877.7,1863.4
2014-04-28,1865.0,1869.4
2014-04-29,1870.8,1878.3
2014-04-30,1877.1,1884.0
2014-05-01,1884.4,1883.7
2014-05-02,1885.3,1881.1
2014-05-05,1879.5,1884.7
2014-05-06,1883.7,1867.7
2014-05-07,1868.5,1878.2
2014-05-08,1877.4,1875.6
2014-05-09,1875.3,1878.5
2014-05-12,1880.0,1896.7
2014-05-13,1896.8,1897.5
2014-05-14,1897.1,1888.5
2014-05-15,1888.2,1870.8
2014-05-16,1871.2,1877.9
2014-05-19,1876.7,1885.1
2014-05-20,1884.9,1872.8
2014-05-21,1873.3,1888.0
2014-05-22,1888.2,1892.5
2014-05-23,1893.3,1900.5
2014-05-27,1902.0,1911.9
2014-05-28,1911.8,1909.8
2014-05-29,1910.6,1920.0
2014-05-30,1920.3,1923.6
2014-06-02,1923.9,1925.0
2014-06-03,1923.1,1924.2
2014-06-04,1923.1,1927.9
2014-06-05,1928.5,1940.5
2014-06-06,1942.4,1949.4
2014-06-09,1949.0,1951.3
2014-06-10,1950.3,1950.8
2014-06-11,1949.4,1943.9
2014-06-12,1943.3,1930.1
2014-06-13,1930.8,1936.2
2014-06-16,1934.8,1937.8
2014-06-17,1937.2,1942.0
2014-06-18,1942.7,1957.0
2014-06-19,1957.5,1959.5
2014-06-20,1960.5,1962.9
2014-06-23,1962.9,1962.6
2014-06-24,1962.0,1950.0
2014-06-25,1949.3,1959.5
2014-06-26,1959.9,1957.2
2014-06-27,1956.6,1961.0
2014-06-30,1960.8,1960.2
2014-07-01,1962.3,1973.3
2014-07-02,1973.1,1974.6
2014-07-03,1975.9,1985.4
2014-07-07,1984.2,1977.7
2014-07-08,1976.4,1963.7
2014-07-09,1965.1,1972.8
2014-07-10,1966.7,1964.7
2014-07-11,1965.8,1967.6
2014-07-14,1969.9,1977.1
2014-07-15,1977.4,1973.3
2014-07-16,1976.3,1981.6
2014-07-17,1979.8,1958.1
2014-07-18,1961.5,1978.2
2014-07-21,1976.9,1973.6
2014-07-22,1975.7,1983.5
2014-07-23,1985.3,1987.0
2014-07-24,1988.1,1988.0
2014-07-25,1984.6,1978.3
2014-07-28,1978.2,1978.9
2014-07-29,1980.0,1970.0
2014-07-30,1973.2,1970.1
2014-07-31,1965.1,1930.7
2014-08-01,1929.8,1925.2
2014-08-04,1926.6,1939.0
2014-08-05,1936.3,1920.2
2014-08-06,1917.3,1920.2
2014-08-07,1923.0,1909.6
2014-08-08,1910.3,1931.6
2014-08-11,1933.4,1936.9
2014-08-12,1935.7,1933.8
2014-08-13,1935.6,1946.7
2014-08-14,1947.4,1955.2
2014-08-15,1958.9,1955.1
2014-08-18,1958.4,1971.7
2014-08-19,1972.7,1981.6
2014-08-20,1980.5,1986.5
2014-08-21,1986.8,1992.4
2014-08-22,1992.6,1988.4
2014-08-25,1991.7,1997.9
2014-08-26,1998.6,2000.0
2014-08-27,2000.5,2000.1
2014-08-28,1997.4,1996.7
2014-08-29,1998.5,2003.4
2014-09-02,2004.1,2002.3
2014-09-03,2003.6,2000.7
2014-09-04,2001.7,1997.7
2014-09-05,1998.0,2007.7
2014-09-08,2007.2,2001.5
2014-09-09,2000.7,1988.4
2014-09-10,1988.4,1995.7
2014-09-11,1992.8,1997.5
2014-09-12,1996.7,1985.5
2014-09-15,1986.0,1984.1
2014-09-16,1981.9,1999.0
2014-09-17,1999.3,2001.6
2014-09-18,2003.1,2011.4
2014-09-19,2012.7,2010.4
2014-09-22,2009.1,1994.3
2014-09-23,1992.8,1982.8
2014-09-24,1983.3,1998.3
2014-09-25,1997.3,1966.0
2014-09-26,1966.2,1982.8
2014-09-29,1979.0,1977.8
2014-09-30,1978.2,1972.3
2014-10-01,1971.4,1946.2
2014-10-02,1945.8,1946.2
2014-10-03,1948.1,1967.9
2014-10-06,1970.0,1964.8
2014-10-07,1962.4,1935.1
2014-10-08,1935.5,1968.9
2014-10-09,1967.7,1928.2
2014-10-10,1925.6,1906.1
2014-10-13,1905.7,1874.7
2014-10-14,1877.1,1877.7
2014-10-15,1874.2,1862.5
2014-10-16,1856.0,1862.8
2014-10-17,1864.9,1886.8
2014-10-20,1885.6,1904.0
2014-10-21,1909.4,1941.3
2014-10-22,1941.3,1927.1
2014-10-23,1931.0,1950.8
2014-10-24,1951.6,1964.6
2014-10-27,1963.0,1961.6
2014-10-28,1964.1,1985.0
2014-10-29,1983.3,1982.3
2014-10-30,1979.5,1994.7
2014-10-31,2001.2,2018.0
2014-11-03,2018.2,2017.8
2014-11-04,2015.8,2012.1
2014-11-05,2015.3,2023.6
2014-11-06,2023.3,2031.2
2014-11-07,2032.4,2031.9
2014-11-10,2032.0,2038.3
2014-11-11,2038.2,2039.7
2014-11-12,2037.8,2038.2
2014-11-13,2039.2,2039.3
2014-11-14,2039.7,2039.8
2014-11-17,2038.3,2041.3
2014-11-18,2041.5,2051.8
2014-11-19,2051.2,2048.7
2014-11-20,2045.9,2052.8
2014-11-21,2057.5,2063.5
2014-11-24,2065.1,2069.4
2014-11-25,2070.2,2067.0
2014-11-26,2067.4,2072.8
2014-11-28,2074.8,2067.6
2014-12-01,2065.8,2053.4
2014-12-02,2053.8,2066.6
2014-12-03,2067.4,2074.3
2014-12-04,2073.6,2071.9
2014-12-05,2072.8,2075.4
2014-12-08,2074.8,2060.3
2014-12-09,2056.6,2059.8
2014-12-10,2058.9,2026.1
2014-12-11,2027.9,2035.3
2014-12-12,2030.4,2002.3
2014-12-15,2005.0,1989.6
2014-12-16,1986.7,1972.7
2014-12-17,1973.8,2012.9
2014-12-18,2019.0,2061.2
2014-12-19,2061.0,2070.7
2014-12-22,2069.3,2078.5
2014-12-23,2081.5,2082.2
2014-12-24,2083.2,2081.9
2014-12-26,2084.3,2088.8
2014-12-29,2087.6,2090.6
2014-12-30,2088.5,2080.3
2014-12-31,2082.1,2058.9
2015-01-02,2058.9,2058.2
2015-01-05,2054.4,2020.6
2015-01-06,2022.2,2002.6
2015-01-07,2005.5,2025.9
2015-01-08,2030.6,2062.1
2015-01-09,2063.4,2044.8
2015-01-12,2046.1,2028.3
2015-01-13,2031.6,2023.0
2015-01-14,2018.4,2011.3
2015-01-15,2013.8,1992.7
2015-01-16,1992.2,2019.4
2015-01-20,2020.8,2022.5
2015-01-21,2020.2,2032.1
2015-01-22,2034.3,2063.2
2015-01-23,2063.0,2051.8
2015-01-26,2050.4,2057.1
2015-01-27,2047.9,2029.5
2015-01-28,2032.3,2002.2
2015-01-29,2002.5,2021.2
2015-01-30,2019.3,1995.0
2015-02-02,1996.7,2020.8
2015-02-03,2022.7,2050.0
2015-02-04,2048.9,2041.5
2015-02-05,2043.5,2062.5
2015-02-06,2062.3,2055.5
2015-02-09,2053.5,2046.7
2015-02-10,2049.4,2068.6
2015-02-11,2068.6,2068.5
2015-02-12,2070.0,2088.5
2015-02-13,2088.8,2097.0
2015-02-17,2096.5,2100.3
2015-02-18,2099.2,2099.7
2015-02-19,2099.2,2097.4
2015-02-20,2097.7,2110.3
2015-02-23,2109.8,2109.7
2015-02-24,2109.1,2115.5
2015-02-25,2115.3,2113.9
2015-02-26,2113.9,2110.7
2015-02-27,2110.9,2104.5
2015-03-02,2105.2,2117.4
2015-03-03,2115.8,2107.8
2015-03-04,2107.7,2098.5
2015-03-05,2098.5,2101.0
2015-03-06,2100.9,2071.3
2015-03-09,2072.2,2079.4
2015-03-10,2076.1,2044.2
2015-03-11,2044.7,2040.2
2015-03-12,2041.1,2065.9
2015-03-13,2064.6,2053.4
2015-03-16,2055.3,2081.2
2015-03-17,2080.6,2074.3
2015-03-18,2072.8,2099.5
2015-03-19,2098.7,2089.3
2015-03-20,2090.3,2108.1
2015-03-23,2108.0,2104.4
2015-03-24,2103.9,2091.5
2015-03-25,2093.1,2061.1
2015-03-26,2059.9,2056.2
2015-03-27,2055.8,2061.0
2015-03-30,2064.1,2086.2
2015-03-31,2084.1,2067.9
2015-04-01,2067.6,2059.7
2015-04-02,2060.0,2067.0
2015-04-06,2064.9,2080.6
2015-04-07,2080.8,2076.3
2015-04-08,2076.9,2081.9
2015-04-09,2081.3,2091.2
2015-04-10,2091.5,2102.1
2015-04-13,2102.0,2092.4
2015-04-14,2092.3,2095.8
2015-04-15,2097.8,2106.6
2015-04-16,2106.0,2105.0
2015-04-17,2102.6,2081.2
2015-04-20,2084.1,2100.4
2015-04-21,2102.8,2097.3
2015-04-22,2098.3,2108.0
2015-04-23,2107.2,2112.9
2015-04-24,2112.8,2117.7
2015-04-27,2119.3,2108.9
2015-04-28,2108.3,2114.8
2015-04-29,2112.5,2106.8
2015-04-30,2105.5,2085.5
2015-05-01,2087.4,2108.3
2015-05-04,2110.2,2114.5
2015-05-05,2112.6,2089.5
2015-05-06,2091.3,2080.2
2015-05-07,2080.0,2088.0
2015-05-08,2092.1,2116.1
2015-05-11,2115.6,2105.3
2015-05-12,2102.9,2099.1
2015-05-13,2099.6,2098.5
2015-05-14,2100.4,2121.1
2015-05-15,2122.1,2122.7
2015-05-18,2121.3,2129.2
2015-05-19,2129.4,2127.8
2015-05-20,2127.8,2125.8
2015-05-21,2125.6,2130.8
2015-05-22,2130.4,2126.1
2015-05-26,2125.3,2104.2
2015-05-27,2105.1,2123.5
2015-05-28,2122.3,2120.8
2015-05-29,2120.7,2107.4
2015-06-01,2108.6,2111.7
2015-06-02,2110.4,2109.6
2015-06-03,2110.6,2114.1
2015-06-04,2112.3,2095.8
2015-06-05,2095.1,2092.8
2015-06-08,2092.3,2079.3
2015-06-09,2079.1,2080.2
2015-06-10,2081.1,2105.2
2015-06-11,2106.2,2108.9
2015-06-12,2107.4,2094.1
2015-06-15,2091.3,2084.4
2015-06-16,2084.3,2096.3
2015-06-17,2097.4,2100.4
2015-06-18,2101.6,2121.2
2015-06-19,2121.1,2110.0
2015-06-22,2112.5,2122.8
2015-06-23,2123.2,2124.2
2015-06-24,2123.7,2108.6
2015-06-25,2110.0,2102.3
2015-06-26,2102.6,2101.5
2015-06-29,2098.6,2057.6
2015-06-30,2061.2,2063.1
2015-07-01,2067.0,2077.4
2015-07-02,2078.0,2076.8
2015-07-06,2073.9,2068.8
2015-07-07,2069.5,2081.3
2015-07-08,2077.7,2046.7
2015-07-09,2049.7,2051.3
2015-07-10,2052.7,2076.6
2015-07-13,2080.0,2099.6
2015-07-14,2099.7,2108.9
2015-07-15,2109.0,2107.4
2015-07-16,2110.6,2124.3
2015-07-17,2126.8,2126.6
2015-07-20,2126.8,2128.3
2015-07-21,2127.6,2119.2
2015-07-22,2118.2,2114.2
2015-07-23,2114.2,2102.2
2015-07-24,2102.2,2079.7
2015-07-27,2078.2,2067.6
2015-07-28,2070.8,2093.2
2015-07-29,2094.7,2108.6
2015-07-30,2106.8,2108.6
2015-07-31,2111.6,2103.8
2015-08-03,2104.5,2098.0
2015-08-04,2097.7,2093.3
2015-08-05,2095.3,2099.8
2015-08-06,2100.8,2083.6
2015-08-07,2082.6,2077.6
2015-08-10,2081.0,2104.2
2015-08-11,2102.7,2084.1
2015-08-12,2081.1,2086.1
2015-08-13,2086.2,2083.4
2015-08-14,2083.2,2091.5
2015-08-17,2089.7,2102.4
2015-08-18,2102.0,2096.9
2015-08-19,2095.7,2079.6
2015-08-20,2076.6,2035.7
2015-08-21,2034.1,1970.9
2015-08-24,1965.2,1893.2
2015-08-25,1898.1,1867.6
2015-08-26,1872.8,1940.5
2015-08-27,1942.8,1987.7
2015-08-28,1986.1,1988.9
2015-08-31,1986.7,1972.2
2015-09-01,1970.1,1913.8
2015-09-02,1916.5,1948.9
2015-09-03,1950.8,1951.1
2015-09-04,1947.8,1921.2
2015-09-08,1927.3,1969.4
2015-09-09,1971.5,1942.0
2015-09-10,1941.6,1952.3
2015-09-11,1951.5,1961.0
2015-09-14,1963.1,1953.0
2015-09-15,1955.1,1978.1
2015-09-16,1978.0,1995.3
2015-09-17,1995.3,1990.2
2015-09-18,1989.7,1958.0
2015-09-21,1960.8,1967.0
2015-09-22,1961.4,1942.7
2015-09-23,1943.2,1938.8
2015-09-24,1934.8,1932.2
2015-09-25,1935.9,1931.3
2015-09-28,1929.2,1881.8
2015-09-29,1881.9,1884.1
2015-09-30,1887.1,1920.0
2015-10-01,1919.7,1923.8
2015-10-02,1921.8,1951.4
2015-10-05,1954.3,1987.0
2015-10-06,1986.6,1979.9
2015-10-07,1982.3,1995.8
2015-10-08,1994.0,2013.4
2015-10-09,2013.7,2014.9
2015-10-12,2015.7,2017.5
2015-10-13,2015.0,2003.7
2015-10-14,2003.7,1994.2
2015-10-15,1996.5,2023.9
2015-10-16,2024.4,2033.1
2015-10-19,2031.7,2033.7
2015-10-20,2033.1,2030.8
2015-10-21,2033.5,2018.9
2015-10-22,2021.9,2052.5
2015-10-23,2058.2,2075.2
2015-10-26,2075.1,2071.2
2015-10-27,2068.8,2065.9
2015-10-28,2066.5,2090.3
2015-10-29,2088.3,2089.4
2015-10-30,2090.0,2079.4
2015-11-02,2080.8,2104.1
2015-11-03,2102.6,2109.8
2015-11-04,2110.6,2102.3
2015-11-05,2101.7,2099.9
2015-11-06,2098.6,2099.2
2015-11-09,2096.6,2078.6
2015-11-10,2077.2,2081.7
2015-11-11,2083.4,2075.0
2015-11-12,2072.3,2046.0
2015-11-13,2044.6,2023.0
2015-11-16,2022.1,2053.2
2015-11-17,2053.7,2050.4
2015-11-18,2052.0,2083.6
2015-11-19,2083.7,2081.2
2015-11-20,2082.8,2089.2
2015-11-23,2089.4,2086.6
2015-11-24,2084.4,2089.1
2015-11-25,2089.3,2088.9
2015-11-27,2088.8,2090.1
2015-11-30,2090.9,2080.4
2015-12-01,2082.9,2102.6
2015-12-02,2101.7,2079.5
2015-12-03,2080.7,2049.6
2015-12-04,2051.2,2091.7
2015-12-07,2090.4,2077.1
2015-12-08,2073.4,2063.6
2015-12-09,2061.2,2047.6
2015-12-10,2047.9,2052.2
2015-12-11,2047.3,2012.4
2015-12-14,2013.4,2021.9
2015-12-15,2025.5,2043.4
2015-12-16,2046.5,2073.1
2015-12-17,2073.8,2041.9
2015-12-18,2040.8,2005.5
2015-12-21,2010.3,2021.2
2015-12-22,2023.2,2039.0
2015-12-23,2042.2,2064.3
2015-12-24,2063.5,2061.0
2015-12-28,2057.8,2056.5
2015-12-29,2060.5,2078.4
2015-12-30,2077.3,2063.4
2015-12-31,2060.6,2043.9
2016-01-04,2038.2,2012.7
2016-01-05,2013.8,2016.7
2016-01-06,2011.7,1990.3
2016-01-07,1985.3,1943.1
2016-01-08,1946.0,1922.0
2016-01-11,1926.1,1923.7
2016-01-12,1927.8,1938.7
2016-01-13,1940.3,1890.3
2016-01-14,1891.7,1921.8
2016-01-15,1916.7,1880.3
2016-01-19,1888.7,1881.3
2016-01-20,1876.2,1859.3
2016-01-21,1861.5,1869.0
2016-01-22,1877.4,1906.9
2016-01-25,1906.3,1877.1
2016-01-26,1878.8,1903.6
2016-01-27,1902.5,1883.0
2016-01-28,1885.2,1893.4
2016-01-29,1894.0,1940.2
2016-02-01,1936.9,1939.4
2016-02-02,1935.3,1903.0
2016-02-03,1907.1,1912.5
2016-02-04,1911.7,1915.5
2016-02-05,1913.1,1880.0
2016-02-08,1873.2,1853.4
2016-02-09,1848.5,1852.2
2016-02-10,1857.1,1851.9
2016-02-11,1847.0,1829.1
2016-02-12,1833.4,1864.8
2016-02-16,1871.4,1895.6
2016-02-17,1898.8,1926.8
2016-02-18,1927.6,1917.8
2016-02-19,1916.7,1917.8
2016-02-22,1924.4,1945.5
2016-02-23,1942.4,1921.3
2016-02-24,1917.6,1929.8
2016-02-25,1931.9,1951.7
2016-02-26,1955.0,1948.0
2016-02-29,1947.1,1932.2
2016-03-01,1937.1,1978.3
2016-03-02,1976.6,1986.5
2016-03-03,1985.6,1993.4
2016-03-04,1994.0,2000.0
2016-03-07,1996.1,2001.8
2016-03-08,1996.9,1979.3
2016-03-09,1981.4,1989.3
2016-03-10,1991.0,1989.6
2016-03-11,1994.7,2022.2
2016-03-14,2019.3,2019.6
2016-03-15,2015.3,2015.9
2016-03-16,2014.2,2027.2
2016-03-17,2026.9,2040.6
2016-03-18,2041.2,2049.6
2016-03-21,2047.9,2051.6
2016-03-22,2048.6,2049.8
2016-03-23,2048.6,2036.7
2016-03-24,2032.5,2035.9
2016-03-28,2037.9,2037.0
2016-03-29,2035.8,2055.0
2016-03-30,2058.3,2063.9
2016-03-31,2063.8,2059.7
2016-04-01,2056.6,2072.8
2016-04-04,2073.2,2066.1
2016-04-05,2062.5,2045.2
2016-04-06,2045.6,2066.7
2016-04-07,2063.0,2041.9
2016-04-08,2045.5,2047.6
2016-04-11,2050.2,2042.0
2016-04-12,2043.7,2061.7
2016-04-13,2065.9,2082.4
2016-04-14,2082.9,2082.8
2016-04-15,2083.1,2080.7
2016-04-18,2078.8,2094.3
2016-04-19,2096.1,2100.8
2016-04-20,2101.5,2102.4
2016-04-21,2102.1,2091.5
2016-04-22,2091.5,2091.6
2016-04-25,2089.4,2087.8
2016-04-26,2089.8,2091.7
2016-04-27,2092.3,2095.2
2016-04-28,2090.9,2075.8
2016-04-29,2071.8,2065.3
2016-05-02,2067.2,2081.4
2016-05-03,2077.2,2063.4
2016-05-04,2060.3,2051.1
2016-05-05,2052.9,2050.6
2016-05-06,2047.8,2057.1
2016-05-09,2057.6,2058.7
2016-05-10,2062.6,2084.4
2016-05-11,2083.3,2064.5
2016-05-12,2067.2,2064.1
2016-05-13,2062.5,2046.6
2016-05-16,2046.5,2066.7
2016-05-17,2065.0,2047.2
2016-05-18,2044.4,2047.6
2016-05-19,2044.2,2040.0
2016-05-20,2041.9,2052.3
2016-05-23,2052.2,2048.0
2016-05-24,2052.7,2076.1
2016-05-25,2078.9,2090.5
2016-05-26,2091.4,2090.1
2016-05-27,2090.1,2099.1
2016-05-31,2100.1,2097.0
2016-06-01,2093.9,2099.3
2016-06-02,2097.7,2105.3
2016-06-03,2104.1,2099.1
2016-06-06,2100.8,2109.4
2016-06-07,2110.2,2112.1
2016-06-08,2112.7,2119.1
2016-06-09,2115.7,2115.5
2016-06-10,2109.6,2096.1
2016-06-13,2091.8,2079.1
2016-06-14,2076.7,2075.3
2016-06-15,2077.6,2071.5
2016-06-16,2066.4,2078.0
2016-06-17,2078.2,2071.2
2016-06-20,2075.6,2083.2
2016-06-21,2085.2,2088.9
2016-06-22,2089.8,2085.4
2016-06-23,2092.8,2113.3
2016-06-24,2103.8,2037.4
2016-06-27,2031.5,2000.5
2016-06-28,2006.7,2036.1
2016-06-29,2042.7,2070.8
2016-06-30,2073.2,2098.9
2016-07-01,2099.3,2102.9
2016-07-05,2095.1,2088.6
2016-07-06,2084.4,2099.7
2016-07-07,2100.4,2097.9
2016-07-08,2107.0,2129.9
2016-07-11,2131.7,2137.2
2016-07-12,2139.5,2152.1
2016-07-13,2153.8,2152.4
2016-07-14,2157.9,2163.8
2016-07-15,2165.1,2161.7
2016-07-18,2162.0,2166.9
2016-07-19,2163.8,2163.8
2016-07-20,2166.1,2173.0
2016-07-21,2172.9,2165.2
2016-07-22,2166.5,2175.0
2016-07-25,2173.7,2168.5
2016-07-26,2169.0,2169.2
2016-07-27,2169.8,2166.6
2016-07-28,2166.1,2170.1
2016-07-29,2168.8,2173.6
2016-08-01,2173.2,2170.8
2016-08-02,2169.9,2157.0
2016-08-03,2156.8,2163.8
2016-08-04,2163.5,2164.2
2016-08-05,2168.8,2182.9
2016-08-08,2183.8,2180.9
2016-08-09,2182.2,2181.7
2016-08-10,2182.8,2175.5
2016-08-11,2178.0,2185.8
2016-08-12,2183.7,2184.1
2016-08-15,2186.1,2190.2
2016-08-16,2186.2,2178.2
2016-08-17,2177.8,2182.2
2016-08-18,2181.9,2187.0
2016-08-19,2184.2,2183.9
2016-08-22,2181.6,2182.6
2016-08-23,2187.8,2186.9
2016-08-24,2185.1,2175.4
2016-08-25,2173.3,2172.5
2016-08-26,2175.1,2169.0
2016-08-29,2170.2,2180.4
2016-08-30,2179.4,2176.1
2016-08-31,2173.6,2170.9
2016-09-01,2171.3,2170.9
2016-09-02,2177.5,2180.0
2016-09-06,2181.6,2186.5
2016-09-07,2185.2,2186.2
2016-09-08,2182.8,2181.3
2016-09-09,2169.1,2127.8
2016-09-12,2120.9,2159.0
2016-09-13,2150.5,2127.0
2016-09-14,2127.9,2125.8
2016-09-15,2125.4,2147.3
2016-09-16,2146.5,2139.2
2016-09-19,2144.0,2139.1
2016-09-20,2145.9,2139.8
2016-09-21,2144.6,2163.1
2016-09-22,2170.9,2177.2
2016-09-23,2173.3,2164.7
2016-09-26,2158.5,2146.1
2016-09-27,2146.0,2159.9
2016-09-28,2161.8,2171.4
2016-09-29,2168.9,2151.1
2016-09-30,2156.5,2168.3
2016-10-03,2164.3,2161.2
2016-10-04,2163.4,2150.5
2016-10-05,2155.2,2159.7
2016-10-06,2158.2,2160.8
2016-10-07,2164.2,2153.7
2016-10-10,2160.4,2163.7
2016-10-11,2161.3,2136.7
2016-10-12,2137.7,2139.2
2016-10-13,2130.3,2132.6
2016-10-14,2139.7,2133.0
2016-10-17,2132.9,2126.5
2016-10-18,2138.3,2139.6
2016-10-19,2140.8,2144.3
2016-10-20,2142.5,2141.3
2016-10-21,2139.4,2141.2
2016-10-24,2148.5,2151.3
2016-10-25,2149.7,2143.2
2016-10-26,2137.0,2139.4
2016-10-27,2144.1,2133.0
2016-10-28,2132.2,2126.4
2016-10-31,2129.8,2126.2
2016-11-01,2128.7,2111.7
2016-11-02,2109.4,2097.9
2016-11-03,2098.8,2088.7
2016-11-04,2083.8,2085.2
2016-11-07,2100.6,2131.5
2016-11-08,2129.9,2139.6
2016-11-09,2131.6,2163.3
2016-11-10,2167.5,2167.5
2016-11-11,2162.7,2164.4
2016-11-14,2165.6,2164.2
2016-11-15,2168.3,2180.4
2016-11-16,2177.5,2176.9
2016-11-17,2178.6,2187.1
2016-11-18,2186.8,2181.9
2016-11-21,2186.4,2198.2
2016-11-22,2201.6,2202.9
2016-11-23,2198.6,2204.7
2016-11-25,2206.3,2213.3
2016-11-28,2210.2,2201.7
2016-11-29,2200.8,2204.7
2016-11-30,2205.0,2198.8
2016-12-01,2200.2,2191.1
2016-12-02,2191.1,2191.9
2016-12-05,2200.7,2204.7
2016-12-06,2207.3,2212.2
2016-12-07,2210.7,2241.3
2016-12-08,2241.1,2246.2
2016-12-09,2249.7,2259.5
2016-12-12,2258.8,2257.0
2016-12-13,2263.3,2271.7
2016-12-14,2268.3,2253.3
2016-12-15,2253.8,2262.0
2016-12-16,2266.8,2258.1
2016-12-19,2259.2,2262.5
2016-12-20,2266.5,2270.8
2016-12-21,2270.5,2265.2
2016-12-22,2262.9,2261.0
2016-12-23,2260.2,2263.8
2016-12-27,2266.2,2268.9
2016-12-28,2270.2,2249.9
2016-12-29,2249.5,2249.3
2016-12-30,2251.6,2238.8
2017-01-03,2251.6,2257.8
2017-01-04,2261.6,2270.8
2017-01-05,2268.2,2269.0
2017-01-06,2271.1,2277.0
2017-01-09,2273.6,2268.9
2017-01-10,2269.7,2268.9
2017-01-11,2268.6,2275.3
2017-01-12,2271.1,2270.4
2017-01-13,2272.7,2274.6
2017-01-17,2269.1,2267.9
2017-01-18,2269.1,2271.9
2017-01-19,2271.9,2263.7
2017-01-20,2270.0,2271.3
2017-01-23,2267.8,2265.2
2017-01-24,2267.9,2280.1
2017-01-25,2288.9,2298.4
2017-01-26,2298.6,2296.7
2017-01-27,2299.0,2294.7
2017-01-30,2286.0,2280.9
2017-01-31,2274.0,2278.9
2017-02-01,2285.6,2279.6
2017-02-02,2276.7,2280.8
2017-02-03,2288.5,2297.4
2017-02-06,2294.3,2292.6
2017-02-07,2295.9,2293.1
2017-02-08,2289.6,2294.7
2017-02-09,2296.7,2307.9
2017-02-10,2312.3,2316.1
2017-02-13,2321.7,2328.2
2017-02-14,2326.1,2337.6
2017-02-15,2335.6,2349.2
2017-02-16,2349.6,2347.2
2017-02-17,2343.0,2351.2
2017-02-21,2354.9,2365.4
2017-02-22,2361.1,2362.8
2017-02-23,2367.5,2363.8
2017-02-24,2355.7,2367.3
2017-02-27,2365.2,2369.8
2017-02-28,2366.1,2363.6
2017-03-01,2380.1,2396.0
2017-03-02,2394.8,2381.9
2017-03-03,2380.9,2383.1
2017-03-06,2375.2,2375.3
2017-03-07,2370.7,2368.4
2017-03-08,2369.8,2363.0
2017-03-09,2363.5,2364.9
2017-03-10,2372.5,2372.6
2017-03-13,2371.6,2373.5
2017-03-14,2368.6,2365.4
2017-03-15,2370.3,2385.3
2017-03-16,2387.7,2381.4
2017-03-17,2383.7,2378.2
2017-03-20,2378.2,2373.5
2017-03-21,2379.3,2344.0
2017-03-22,2343.0,2348.4
2017-03-23,2346.0,2346.0
2017-03-24,2350.4,2344.0
2017-03-27,2329.1,2341.6
2017-03-28,2339.8,2358.6
2017-03-29,2356.5,2361.1
2017-03-30,2361.3,2368.1
2017-03-31,2364.8,2362.7
2017-04-03,2362.3,2358.8
2017-04-04,2354.8,2360.2
2017-04-05,2366.6,2352.9
2017-04-06,2353.8,2357.5
2017-04-07,2356.6,2355.5
2017-04-10,2357.2,2357.2
2017-04-11,2353.9,2353.8
2017-04-12,2352.2,2344.9
2017-04-13,2342.0,2328.9
2017-04-17,2332.6,2349.0
2017-04-18,2342.5,2342.2
2017-04-19,2346.8,2338.2
2017-04-20,2342.7,2355.8
2017-04-21,2354.7,2348.7
2017-04-24,2370.3,2374.2
2017-04-25,2381.5,2388.6
2017-04-26,2389.0,2387.4
2017-04-27,2389.7,2388.8
2017-04-28,2393.7,2384.2
2017-05-01,2388.5,2388.3
2017-05-02,2391.1,2391.2
2017-05-03,2386.5,2388.1
2017-05-04,2389.8,2389.5
2017-05-05,2392.4,2399.3
2017-05-08,2399.9,2399.4
2017-05-09,2401.6,2396.9
2017-05-10,2396.8,2399.6
2017-05-11,2394.8,2394.4
2017-05-12,2392.4,2390.9
2017-05-15,2394.0,2402.3
2017-05-16,2404.6,2400.7
2017-05-17,2382.9,2357.0
2017-05-18,2354.7,2365.7
2017-05-19,2371.4,2381.7
2017-05-22,2387.2,2394.0
2017-05-23,2397.0,2398.4
2017-05-24,2401.4,2404.4
2017-05-25,2409.5,2415.1
2017-05-26,2414.5,2415.8
2017-05-30,2411.7,2412.9
2017-05-31,2415.6,2411.8
2017-06-01,2415.7,2430.1
2017-06-02,2431.3,2439.1
2017-06-05,2437.8,2436.1
2017-06-06,2431.9,2429.3
2017-06-07,2432.0,2433.1
2017-06-08,2434.3,2433.8
2017-06-09,2436.4,2431.8
2017-06-12,2425.9,2429.4
2017-06-13,2434.2,2440.3
2017-06-14,2443.8,2437.9
2017-06-15,2424.1,2432.5
2017-06-16,2431.2,2433.2
2017-06-19,2442.6,2453.5
2017-06-20,2450.7,2437.0
2017-06-21,2439.3,2435.6
2017-06-22,2437.4,2434.5
2017-06-23,2434.7,2438.3
2017-06-26,2443.3,2439.1
2017-06-27,2436.3,2419.4
2017-06-28,2428.7,2440.7
2017-06-29,2442.4,2419.7
2017-06-30,2429.2,2423.4
2017-07-03,2431.4,2429.0
2017-07-05,2430.8,2432.5
2017-07-06,2423.4,2409.8
2017-07-07,2413.5,2425.2
2017-07-10,2424.5,2427.4
2017-07-11,2427.3,2425.5
2017-07-12,2435.8,2443.2
2017-07-13,2445.0,2447.8
2017-07-14,2449.2,2459.3
2017-07-17,2459.5,2459.1
2017-07-18,2455.9,2460.6
2017-07-19,2463.8,2473.8
2017-07-20,2475.6,2473.4
2017-07-21,2467.4,2472.5
2017-07-24,2472.0,2469.9
2017-07-25,2477.9,2477.1
2017-07-26,2480.0,2477.8
2017-07-27,2482.8,2475.4
2017-07-28,2469.1,2472.1
2017-07-31,2475.9,2470.3
2017-08-01,2477.1,2476.3
2017-08-02,2480.4,2477.6
2017-08-03,2476.0,2472.2
2017-08-04,2476.9,2476.8
2017-08-07,2477.1,2480.9
2017-08-08,2478.3,2474.9
2017-08-09,2465.3,2474.0
2017-08-10,2465.4,2438.2
2017-08-11,2441.0,2441.3
2017-08-14,2455.0,2465.8
2017-08-15,2468.7,2464.6
2017-08-16,2468.6,2468.1
2017-08-17,2462.9,2430.0
2017-08-18,2427.6,2425.6
2017-08-21,2425.5,2428.4
2017-08-22,2433.8,2452.5
2017-08-23,2444.9,2444.0
2017-08-24,2447.9,2439.0
2017-08-25,2444.7,2443.1
2017-08-28,2447.3,2444.2
2017-08-29,2431.9,2446.3
2017-08-30,2446.1,2457.6
2017-08-31,2462.7,2471.7
2017-09-01,2474.4,2476.6
2017-09-05,2470.3,2457.8
2017-09-06,2463.8,2465.5
2017-09-07,2468.1,2465.1
2017-09-08,2462.2,2461.4
2017-09-11,2474.5,2488.1
2017-09-12,2491.9,2496.5
2017-09-13,2493.9,2498.4
2017-09-14,2494.6,2495.6
2017-09-15,2495.7,2500.2
2017-09-18,2502.5,2503.9
2017-09-19,2506.3,2506.7
2017-09-20,2506.8,2508.2
2017-09-21,2507.2,2500.6
2017-09-22,2497.3,2502.2
2017-09-25,2499.4,2496.7
2017-09-26,2501.0,2496.8
2017-09-27,2503.3,2507.0
2017-09-28,2503.4,2510.1
2017-09-29,2510.0,2519.4
2017-10-02,2521.2,2529.1
2017-10-03,2530.3,2534.6
2017-10-04,2533.5,2537.7
2017-10-05,2540.9,2552.1
2017-10-06,2547.4,2549.3
2017-10-09,2551.4,2544.7
2017-10-10,2550.0,2550.6
2017-10-11,2550.6,2555.2
2017-10-12,2552.9,2550.9
2017-10-13,2555.7,2553.2
2017-10-16,2555.6,2557.6
2017-10-17,2557.2,2559.4
2017-10-18,2562.9,2561.3
2017-10-19,2553.4,2562.1
2017-10-20,2567.6,2575.2
2017-10-23,2578.1,2565.0
2017-10-24,2568.7,2569.1
2017-10-25,2566.5,2557.2
2017-10-26,2560.1,2560.4
2017-10-27,2570.3,2581.1
2017-10-30,2577.8,2572.8
2017-10-31,2576.0,2575.3
2017-11-01,2583.2,2579.4
2017-11-02,2579.5,2579.8
2017-11-03,2581.9,2587.8
2017-11-06,2587.5,2591.1
2017-11-07,2592.1,2590.6
2017-11-08,2588.7,2594.4
2017-11-09,2584.0,2584.6
2017-11-10,2580.2,2582.3
2017-11-13,2576.5,2584.8
2017-11-14,2577.8,2578.9
2017-11-15,2569.4,2564.6
2017-11-16,2572.9,2585.6
2017-11-17,2582.9,2578.8
2017-11-20,2579.5,2582.1
2017-11-21,2589.2,2599.0
2017-11-22,2600.3,2597.1
2017-11-24,2600.4,2602.4
2017-11-27,2602.7,2601.4
2017-11-28,2605.9,2627.0
2017-11-29,2627.8,2626.1
2017-11-30,2633.9,2647.6
2017-12-01,2645.1,2642.2
2017-12-04,2657.2,2639.4
2017-12-05,2639.8,2629.6
2017-12-06,2626.2,2629.3
2017-12-07,2628.4,2637.0
2017-12-08,2646.2,2651.5
2017-12-11,2652.2,2660.0
2017-12-12,2661.7,2664.1
2017-12-13,2667.6,2662.8
2017-12-14,2665.9,2652.0
2017-12-15,2660.6,2675.8
2017-12-18,2685.9,2690.2
2017-12-19,2692.7,2681.5
2017-12-20,2688.2,2679.2
2017-12-21,2683.0,2684.6
2017-12-22,2684.2,2683.3
2017-12-26,2679.1,2680.5
2017-12-27,2682.1,2682.6
2017-12-28,2686.1,2687.5
2017-12-29,2689.2,2673.6
2018-01-02,2683.7,2695.8
2018-01-03,2697.8,2713.1
2018-01-04,2719.3,2724.0
2018-01-05,2731.3,2743.2
2018-01-08,2742.7,2747.7
2018-01-09,2751.2,2751.3
2018-01-10,2745.6,2748.2
2018-01-11,2753.0,2767.6
2018-01-12,2770.2,2786.2
2018-01-16,2799.0,2776.4
2018-01-17,2785.0,2802.6
2018-01-18,2802.4,2798.0
2018-01-19,2802.6,2810.3
2018-01-22,2809.2,2833.0
2018-01-23,2835.1,2839.1
2018-01-24,2845.4,2837.5
2018-01-25,2846.2,2839.2
2018-01-26,2847.5,2872.9
2018-01-29,2867.2,2853.5
2018-01-30,2832.7,2822.4
2018-01-31,2832.4,2823.8
2018-02-01,2816.4,2822.0
2018-02-02,2808.9,2762.1
2018-02-05,2741.1,2648.9
2018-02-06,2614.8,2695.1
2018-02-07,2690.9,2681.7
2018-02-08,2685.0,2581.0
2018-02-09,2601.8,2619.6
2018-02-12,2636.8,2656.0
2018-02-13,2646.3,2662.9
2018-02-14,2651.2,2698.6
2018-02-15,2713.5,2731.2
2018-02-16,2727.1,2732.2
2018-02-20,2723.0,2716.3
2018-02-21,2720.5,2701.3
2018-02-22,2710.4,2704.0
2018-02-23,2715.8,2747.3
2018-02-26,2757.4,2779.6
2018-02-27,2780.4,2744.3
2018-02-28,2753.8,2713.8
2018-03-01,2715.2,2677.7
2018-03-02,2658.9,2691.2
2018-03-05,2681.1,2720.9
2018-03-06,2730.2,2728.1
2018-03-07,2710.2,2726.8
2018-03-08,2732.8,2739.0
2018-03-09,2752.9,2786.6
2018-03-12,2790.5,2783.0
2018-03-13,2792.3,2765.3
2018-03-14,2774.1,2749.5
2018-03-15,2754.3,2747.3
2018-03-16,2750.6,2752.0
2018-03-19,2741.4,2712.9
2018-03-20,2715.1,2716.9
2018-03-21,2715.0,2711.9
2018-03-22,2691.4,2643.7
2018-03-23,2646.7,2588.3
2018-03-26,2619.3,2658.6
2018-03-27,2667.6,2612.6
2018-03-28,2611.3,2605.0
2018-03-29,2614.4,2640.9
2018-04-02,2633.4,2581.9
2018-04-03,2592.2,2614.4
2018-04-04,2584.0,2644.7
2018-04-05,2657.4,2662.8
2018-04-06,2645.8,2604.5
2018-04-09,2617.2,2613.2
2018-04-10,2638.4,2656.9
2018-04-11,2643.9,2642.2
2018-04-12,2653.8,2664.0
2018-04-13,2676.9,2656.3
2018-04-16,2670.1,2677.8
2018-04-17,2692.7,2706.4
2018-04-18,2710.1,2708.6
2018-04-19,2701.2,2693.1
2018-04-20,2692.6,2670.1
2018-04-23,2675.4,2670.3
2018-04-24,2680.8,2634.6
2018-04-25,2634.9,2639.4
2018-04-26,2651.7,2666.9
2018-04-27,2675.5,2669.9
2018-04-30,2675.1,2648.1
2018-05-01,2643.6,2654.8
2018-05-02,2654.2,2635.7
2018-05-03,2628.1,2629.7
2018-05-04,2621.4,2663.4
2018-05-07,2669.4,2672.6
2018-05-08,2670.3,2671.9
2018-05-09,2678.1,2697.8
2018-05-10,2705.0,2723.1
2018-05-11,2722.7,2727.7
2018-05-14,2733.4,2730.1
2018-05-15,2718.6,2711.4
2018-05-16,2712.6,2722.5
2018-05-17,2719.7,2720.1
2018-05-18,2717.3,2713.0
2018-05-21,2725.9,2733.0
2018-05-22,2738.3,2724.4
2018-05-23,2714.0,2733.3
2018-05-24,2730.9,2727.8
2018-05-25,2723.6,2721.3
2018-05-29,2705.1,2689.9
2018-05-30,2702.4,2724.0
2018-05-31,2721.0,2705.3
2018-06-01,2718.7,2734.6
2018-06-04,2741.7,2746.9
2018-06-05,2748.5,2748.8
2018-06-06,2753.2,2772.3
2018-06-07,2774.8,2770.4
2018-06-08,2765.8,2779.0
2018-06-11,2780.2,2782.0
2018-06-12,2785.6,2786.8
2018-06-13,2787.9,2775.6
2018-06-14,2783.2,2782.5
2018-06-15,2777.8,2779.7
2018-06-18,2765.8,2773.8
2018-06-19,2752.0,2762.6
2018-06-20,2769.7,2767.3
2018-06-21,2769.3,2749.8
2018-06-22,2760.8,2754.9
2018-06-25,2742.9,2717.1
2018-06-26,2722.1,2723.1
2018-06-27,2728.4,2699.6
2018-06-28,2698.7,2716.3
2018-06-29,2727.1,2718.4
2018-07-02,2704.9,2726.7
2018-07-03,2733.3,2713.2
2018-07-05,2724.2,2736.6
2018-07-06,2737.7,2759.8
2018-07-09,2768.5,2784.2
2018-07-10,2788.6,2793.8
2018-07-11,2779.8,2774.0
2018-07-12,2783.1,2798.3
2018-07-13,2796.9,2801.3
2018-07-16,2801.4,2798.4
2018-07-17,2789.3,2809.6
2018-07-18,2811.3,2815.6
2018-07-19,2809.4,2804.5
2018-07-20,2804.6,2801.8
2018-07-23,2799.2,2807.0
2018-07-24,2820.7,2820.4
2018-07-25,2817.7,2846.1
2018-07-26,2835.5,2837.4
2018-07-27,2842.3,2818.8
2018-07-30,2819.0,2802.6
2018-07-31,2809.7,2816.3
2018-08-01,2821.2,2813.4
2018-08-02,2800.5,2827.2
2018-08-03,2829.6,2840.3
2018-08-06,2840.3,2850.4
2018-08-07,2855.9,2858.4
2018-08-08,2856.8,2857.7
2018-08-09,2857.2,2853.6
2018-08-10,2839.6,2833.3
2018-08-13,2835.5,2821.9
2018-08-14,2827.9,2840.0
2018-08-15,2827.9,2818.4
2018-08-16,2831.4,2840.7
2018-08-17,2838.3,2850.1
2018-08-20,2853.9,2857.1
2018-08-21,2861.5,2863.0
2018-08-22,2861.0,2861.8
2018-08-23,2860.3,2857.0
2018-08-24,2862.3,2874.7
2018-08-27,2884.7,2896.7
2018-08-28,2901.4,2897.5
2018-08-29,2900.6,2914.0
2018-08-30,2908.9,2901.1
2018-08-31,2898.4,2901.5
2018-09-04,2897.0,2896.7
2018-09-05,2891.6,2888.6
2018-09-06,2888.6,2878.1
2018-09-07,2868.3,2871.7
2018-09-10,2881.4,2877.1
2018-09-11,2871.6,2887.9
2018-09-12,2888.3,2888.9
2018-09-13,2896.8,2904.2
2018-09-14,2906.4,2905.0
2018-09-17,2903.8,2888.8
2018-09-18,2890.7,2904.3
2018-09-19,2906.6,2907.9
2018-09-20,2919.7,2930.8
2018-09-21,2936.8,2929.7
2018-09-24,2921.8,2919.4
2018-09-25,2921.8,2915.6
2018-09-26,2917.0,2906.0
2018-09-27,2911.7,2914.0
2018-09-28,2910.0,2914.0
2018-10-01,2926.3,2924.6
2018-10-02,2923.8,2923.4
2018-10-03,2931.7,2925.5
2018-10-04,2919.3,2901.6
2018-10-05,2902.5,2885.6
2018-10-08,2877.5,2884.4
2018-10-09,2882.5,2880.3
2018-10-10,2873.9,2785.7
2018-10-11,2776.9,2728.4
2018-10-12,2770.5,2767.1
2018-10-15,2763.8,2750.8
2018-10-16,2767.1,2809.9
2018-10-17,2811.7,2809.2
2018-10-18,2802.0,2768.8
2018-10-19,2775.7,2767.8
2018-10-22,2773.9,2755.9
2018-10-23,2721.0,2740.7
2018-10-24,2737.9,2656.1
2018-10-25,2674.9,2705.6
2018-10-26,2667.9,2658.7
2018-10-29,2682.7,2641.2
2018-10-30,2640.7,2682.6
2018-10-31,2705.6,2711.7
2018-11-01,2717.6,2740.4
2018-11-02,2745.4,2723.1
2018-11-05,2726.4,2738.3
2018-11-06,2738.4,2755.4
2018-11-07,2774.1,2813.9
2018-11-08,2806.4,2806.8
2018-11-09,2794.1,2781.0
2018-11-12,2773.9,2726.2
2018-11-13,2730.1,2722.2
2018-11-14,2737.9,2701.6
2018-11-15,2693.5,2730.2
2018-11-16,2718.5,2736.3
2018-11-19,2730.7,2690.7
2018-11-20,2654.6,2641.9
2018-11-21,2657.7,2649.9
2018-11-23,2633.4,2632.6
2018-11-26,2650.0,2673.4
2018-11-27,2663.8,2682.2
2018-11-28,2691.4,2743.8
2018-11-29,2737.0,2737.8
2018-11-30,2737.8,2760.2
2018-12-03,2790.5,2790.4
2018-12-04,2782.4,2700.1
2018-12-06,2663.5,2695.9
2018-12-07,2691.3,2633.1
2018-12-10,2630.9,2637.7
2018-12-11,2664.4,2636.8
2018-12-12,2658.2,2651.1
2018-12-13,2658.7,2650.5
2018-12-14,2629.7,2599.9
2018-12-17,2590.8,2545.9
2018-12-18,2559.9,2546.2
2018-12-19,2547.1,2507.0
2018-12-20,2496.8,2467.4
2018-12-21,2465.4,2416.6
2018-12-24,2400.6,2351.1
2018-12-26,2363.1,2467.7
2018-12-27,2442.5,2488.8
2018-12-28,2498.8,2485.7
2018-12-31,2498.9,2506.8
2019-01-02,2477.0,2510.0
2019-01-03,2491.9,2447.9
2019-01-04,2474.3,2531.9
2019-01-07,2535.6,2549.7
2019-01-08,2568.1,2574.4
2019-01-09,2580.0,2585.0
2019-01-10,2573.5,2596.6
2019-01-11,2588.1,2596.3
2019-01-14,2580.3,2582.6
2019-01-15,2585.1,2610.3
2019-01-16,2614.8,2616.1
2019-01-17,2609.3,2636.0
2019-01-18,2651.3,2670.7
2019-01-22,2657.9,2632.9
2019-01-23,2643.5,2638.7
2019-01-24,2638.8,2642.3
2019-01-25,2657.4,2664.8
2019-01-28,2645.0,2643.8
2019-01-29,2644.9,2640.0
2019-01-30,2653.6,2681.1
2019-01-31,2685.5,2704.1
2019-02-01,2702.3,2706.5
2019-02-04,2706.5,2724.9
2019-02-05,2728.3,2737.7
2019-02-06,2735.1,2731.6
2019-02-07,2717.5,2706.1
2019-02-08,2692.4,2707.9
2019-02-11,2712.4,2709.8
2019-02-12,2722.6,2744.7
2019-02-13,2750.3,2753.0
2019-02-14,2743.5,2745.7
2019-02-15,2760.2,2775.6
2019-02-19,2769.3,2779.8
2019-02-20,2779.1,2784.7
2019-02-21,2780.2,2774.9
2019-02-22,2780.7,2792.7
2019-02-25,2804.3,2796.1
2019-02-26,2792.4,2793.9
2019-02-27,2787.5,2792.4
2019-02-28,2788.1,2784.5
2019-03-01,2798.2,2803.7
2019-03-04,2814.4,2792.8
2019-03-05,2794.4,2789.7
2019-03-06,2790.3,2771.4
2019-03-07,2766.5,2748.9
2019-03-08,2730.8,2743.1
2019-03-11,2747.6,2783.3
2019-03-12,2787.3,2791.5
2019-03-13,2799.8,2810.9
2019-03-14,2810.4,2808.5
2019-03-15,2810.8,2822.5
2019-03-18,2822.6,2832.9
2019-03-19,2840.8,2832.6
2019-03-20,2831.3,2824.2
2019-03-21,2819.7,2854.9
2019-03-22,2844.5,2800.7
2019-03-25,2796.0,2798.4
2019-03-26,2812.7,2818.5
2019-03-27,2819.7,2805.4
2019-03-28,2809.4,2815.4
2019-03-29,2828.3,2834.4
2019-04-01,2848.6,2867.2
2019-04-02,2868.2,2867.2
2019-04-03,2876.1,2873.4
2019-04-04,2874.0,2879.4
2019-04-05,2884.2,2892.7
2019-04-08,2888.5,2895.8
2019-04-09,2886.6,2878.2
2019-04-10,2881.4,2888.2
2019-04-11,2891.9,2888.3
2019-04-12,2900.9,2907.4
2019-04-15,2908.3,2905.6
2019-04-16,2912.3,2907.1
2019-04-17,2916.0,2900.4
2019-04-18,2904.8,2905.0
2019-04-22,2898.8,2908.0
2019-04-23,2910.0,2933.7
2019-04-24,2934.0,2927.2
2019-04-25,2929.0,2926.2
2019-04-26,2925.8,2939.9
2019-04-29,2940.6,2943.0
2019-04-30,2937.1,2945.8
2019-05-01,2952.3,2923.7
2019-05-02,2922.2,2917.5
2019-05-03,2929.2,2945.6
2019-05-06,2908.9,2932.5
2019-05-07,2913.0,2884.1
2019-05-08,2879.6,2879.4
2019-05-09,2859.8,2870.7
2019-05-10,2863.1,2881.4
2019-05-13,2840.2,2811.9
2019-05-14,2820.1,2834.4
2019-05-15,2820.4,2851.0
2019-05-16,2855.8,2876.3
2019-05-17,2858.6,2859.5
2019-05-20,2841.9,2840.2
2019-05-21,2854.0,2864.4
2019-05-22,2856.1,2856.3
2019-05-23,2836.7,2822.2
2019-05-24,2832.4,2826.1
2019-05-28,2830.0,2802.4
2019-05-29,2790.2,2783.0
2019-05-30,2786.9,2788.9
2019-05-31,2766.2,2752.1
2019-06-03,2751.5,2744.4
2019-06-04,2762.6,2803.3
2019-06-05,2818.1,2826.2
2019-06-06,2828.5,2843.5
2019-06-07,2852.9,2873.3
2019-06-10,2885.8,2886.7
2019-06-11,2903.3,2885.7
2019-06-12,2882.7,2879.8
2019-06-13,2886.2,2891.6
2019-06-14,2886.8,2887.0
2019-06-17,2889.8,2889.7
2019-06-18,2906.7,2917.8
2019-06-19,2920.6,2926.5
2019-06-20,2949.6,2954.2
2019-06-21,2952.7,2950.5
2019-06-24,2951.4,2945.3
2019-06-25,2945.8,2917.4
2019-06-26,2926.1,2913.8
2019-06-27,2919.7,2924.9
2019-06-28,2932.9,2941.8
2019-07-01,2971.4,2964.3
2019-07-02,2964.7,2973.0
2019-07-03,2978.1,2995.8
2019-07-05,2984.2,2990.4
2019-07-08,2979.8,2975.9
2019-07-09,2965.5,2979.6
2019-07-10,2989.3,2993.1
2019-07-11,2999.6,2999.9
2019-07-12,3003.4,3013.8
2019-07-15,3017.8,3014.3
2019-07-16,3012.1,3004.0
2019-07-17,3005.1,2984.4
2019-07-18,2978.9,2995.1
2019-07-19,3004.3,2976.6
2019-07-22,2981.9,2985.0
2019-07-23,2994.7,3005.5
2019-07-24,2998.8,3019.6
2019-07-25,3016.3,3003.7
2019-07-26,3013.2,3025.9
2019-07-29,3024.5,3021.0
2019-07-30,3007.7,3013.2
2019-07-31,3016.2,2980.4
2019-08-01,2980.3,2953.6
2019-08-02,2943.9,2932.1
2019-08-05,2898.1,2844.7
2019-08-06,2861.2,2881.8
2019-08-07,2858.7,2884.0
2019-08-08,2896.2,2938.1
2019-08-09,2930.5,2918.7
2019-08-12,2907.1,2883.8
2019-08-13,2880.7,2926.3
2019-08-14,2894.2,2840.6
2019-08-15,2846.2,2847.6
2019-08-16,2864.7,2888.7
2019-08-19,2913.5,2923.7
2019-08-20,2919.0,2900.5
2019-08-21,2922.0,2924.4
2019-08-22,2930.9,2922.9
2019-08-23,2911.1,2847.1
2019-08-26,2866.7,2878.4
2019-08-27,2893.1,2869.2
2019-08-28,2861.3,2887.9
2019-08-29,2910.4,2924.6
2019-08-30,2937.1,2926.5
2019-09-03,2909.0,2906.3
2019-09-04,2924.7,2937.8
2019-09-05,2960.6,2976.0
2019-09-06,2980.3,2978.7
2019-09-09,2988.4,2978.4
2019-09-10,2971.0,2979.4
2019-09-11,2981.4,3000.9
2019-09-12,3009.1,3009.6
2019-09-13,3012.2,3007.4
2019-09-16,2996.4,2998.0
2019-09-17,2995.7,3005.7
2019-09-18,3001.5,3006.7
2019-09-19,3010.4,3006.8
2019-09-20,3008.4,2992.1
2019-09-23,2983.5,2991.8
2019-09-24,3002.4,2966.6
2019-09-25,2968.3,2984.9
2019-09-26,2985.7,2977.6
2019-09-27,2985.5,2961.8
2019-09-30,2967.1,2976.7
2019-10-01,2983.7,2940.2
2019-10-02,2924.8,2887.6
2019-10-03,2885.4,2910.6
2019-10-04,2918.6,2952.0
2019-10-07,2944.2,2938.8
2019-10-08,2920.4,2893.1
2019-10-09,2911.1,2919.4
2019-10-10,2918.6,2938.1
2019-10-11,2963.1,2970.3
2019-10-14,2965.8,2966.2
2019-10-15,2973.6,2995.7
2019-10-16,2989.7,2989.7
2019-10-17,3000.8,2997.9
2019-10-18,2996.8,2986.2
2019-10-21,2996.5,3006.7
2019-10-22,3010.7,2996.0
2019-10-23,2994.0,3004.5
2019-10-24,3014.8,3010.3
2019-10-25,3003.3,3022.6
2019-10-28,3032.1,3039.4
2019-10-29,3035.4,3036.9
2019-10-30,3039.7,3046.8
2019-10-31,3046.9,3037.6
2019-11-01,3050.7,3066.9
2019-11-04,3079.0,3078.3
2019-11-05,3080.8,3074.6
2019-11-06,3075.1,3076.8
2019-11-07,3087.0,3085.2
2019-11-08,3081.2,3093.1
2019-11-11,3080.3,3087.0
2019-11-12,3089.3,3091.8
2019-11-13,3084.2,3094.0
2019-11-14,3090.8,3096.6
2019-11-15,3107.9,3120.5
2019-11-18,3117.9,3122.0
2019-11-19,3127.4,3120.2
2019-11-20,3114.7,3108.5
2019-11-21,3108.5,3103.5
2019-11-22,3111.4,3110.3
2019-11-25,3117.4,3133.6
2019-11-26,3134.8,3140.5
2019-11-27,3145.5,3153.6
2019-11-29,3147.2,3141.0
2019-12-02,3143.8,3113.9
2019-12-03,3087.4,3093.2
2019-12-04,3103.5,3112.8
2019-12-05,3119.2,3117.4
2019-12-06,3134.6,3145.9
2019-12-09,3141.9,3136.0
2019-12-10,3135.4,3132.5
2019-12-11,3135.8,3141.6
2019-12-12,3141.2,3168.6
2019-12-13,3166.7,3168.8
2019-12-16,3183.6,3191.4
2019-12-17,3195.4,3192.5
2019-12-18,3195.2,3191.1
2019-12-19,3192.3,3205.4
2019-12-20,3223.3,3221.2
2019-12-23,3226.1,3224.0
2019-12-24,3225.4,3223.4
2019-12-26,3227.2,3239.9
2019-12-27,3247.2,3240.0
2019-12-30,3240.1,3221.3
2019-12-31,3215.2,3230.8
2020-01-02,3244.7,3257.8
2020-01-03,3226.4,3234.8
2020-01-06,3217.6,3246.3
2020-01-07,3241.9,3237.2
2020-01-08,3238.6,3253.1
2020-01-09,3266.0,3274.7
2020-01-10,3281.8,3265.3
2020-01-13,3271.1,3288.1
2020-01-14,3285.3,3283.2
2020-01-15,3282.3,3289.3
2020-01-16,3303.0,3316.8
2020-01-17,3323.7,3329.6
2020-01-21,3321.0,3320.8
2020-01-22,3330.0,3321.8
2020-01-23,3315.8,3325.5
2020-01-24,3333.1,3295.5
2020-01-27,3247.2,3243.6
2020-01-28,3255.3,3276.2
2020-01-29,3289.5,3273.4
2020-01-30,3256.4,3283.7
2020-01-31,3282.3,3225.5
2020-02-03,3235.7,3248.9
2020-02-04,3280.6,3297.6
2020-02-05,3324.9,3334.7
2020-02-06,3344.9,3345.8
2020-02-07,3335.5,3327.7
2020-02-10,3318.3,3352.1
2020-02-11,3365.9,3357.8
2020-02-12,3370.5,3379.4
2020-02-13,3365.9,3373.9
2020-02-14,3378.1,3380.2
2020-02-18,3369.0,3370.3
2020-02-19,3380.4,3386.2
2020-02-20,3380.4,3373.2
2020-02-21,3360.5,3337.8
2020-02-24,3257.6,3225.9
2020-02-25,3238.9,3128.2
2020-02-26,3139.9,3116.4
2020-02-27,3062.5,2978.8
2020-02-28,2916.9,2954.2
2020-03-02,2974.3,3090.2
2020-03-03,3096.5,3003.4
2020-03-04,3045.8,3130.1
2020-03-05,3075.7,3023.9
2020-03-06,2954.2,2972.4
2020-03-09,2863.9,2746.6
2020-03-10,2813.5,2882.2
2020-03-11,2825.6,2741.4
2020-03-12,2630.9,2480.6
2020-03-13,2570.0,2711.0
2020-03-16,2508.6,2386.1
2020-03-17,2425.7,2529.2
2020-03-18,2436.5,2398.1
2020-03-19,2393.5,2409.4
2020-03-20,2431.9,2304.9
2020-03-23,2290.7,2237.4
2020-03-24,2344.4,2447.3
2020-03-25,2457.8,2475.6
2020-03-26,2501.3,2630.1
2020-03-27,2555.9,2541.5
2020-03-30,2559.0,2626.7
2020-03-31,2614.7,2584.6
2020-04-01,2498.1,2470.5
2020-04-02,2458.5,2526.9
2020-04-03,2514.9,2488.7
2020-04-06,2578.3,2663.7
2020-04-07,2738.7,2659.4
2020-04-08,2685.0,2750.0
2020-04-09,2777.0,2789.8
2020-04-13,2782.5,2761.6
2020-04-14,2805.1,2846.1
2020-04-15,2795.6,2783.4
2020-04-16,2799.3,2799.6
2020-04-17,2842.4,2874.6
2020-04-20,2845.6,2823.2
2020-04-21,2784.8,2736.6
2020-04-22,2787.9,2799.3
2020-04-23,2810.4,2797.8
2020-04-24,2812.6,2836.7
2020-04-27,2854.7,2878.5
2020-04-28,2910.0,2863.4
2020-04-29,2918.5,2939.5
2020-04-30,2930.9,2912.4
2020-05-01,2869.1,2830.7
2020-05-04,2815.0,2842.7
2020-05-05,2868.9,2868.4
2020-05-06,2883.1,2848.4
2020-05-07,2878.3,2881.2
2020-05-08,2908.8,2929.8
2020-05-11,2915.5,2930.3
2020-05-12,2939.5,2870.1
2020-05-13,2865.9,2820.0
2020-05-14,2794.5,2852.5
2020-05-15,2829.9,2863.7
2020-05-18,2913.9,2953.9
2020-05-19,2948.6,2922.9
2020-05-20,2953.6,2971.6
2020-05-21,2969.9,2948.5
2020-05-22,2948.1,2955.4
2020-05-26,3004.1,2991.8
2020-05-27,3015.7,3036.1
2020-05-28,3046.6,3029.7
2020-05-29,3025.2,3044.3
2020-06-01,3038.8,3055.7
2020-06-02,3064.8,3080.8
2020-06-03,3098.9,3122.9
2020-06-04,3111.6,3112.3
2020-06-05,3163.8,3193.9
2020-06-08,3199.9,3232.4
2020-06-09,3213.3,3207.2
2020-06-10,3213.4,3190.1
2020-06-11,3123.5,3002.1
2020-06-12,3071.0,3041.3
2020-06-15,2993.8,3066.6
2020-06-16,3131.0,3124.7
2020-06-17,3136.1,3113.5
2020-06-18,3101.6,3115.3
2020-06-19,3140.3,3097.7
2020-06-22,3094.4,3117.9
2020-06-23,3138.7,3131.3
2020-06-24,3114.4,3050.3
2020-06-25,3046.6,3083.8
2020-06-26,3073.2,3009.1
2020-06-29,3018.6,3053.2
2020-06-30,3050.2,3100.3
2020-07-01,3105.9,3115.9
2020-07-02,3143.6,3130.0
2020-07-06,3155.3,3179.7
2020-07-07,3166.4,3145.3
2020-07-08,3153.1,3169.9
2020-07-09,3176.2,3152.1
2020-07-10,3152.5,3185.0
2020-07-13,3205.1,3155.2
2020-07-14,3141.1,3197.5
2020-07-15,3226.0,3226.6
2020-07-16,3208.4,3215.6
2020-07-17,3224.2,3224.7
2020-07-20,3224.3,3251.8
2020-07-21,3268.5,3257.3
2020-07-22,3254.9,3276.0
2020-07-23,3271.6,3235.7
2020-07-24,3218.6,3215.6
2020-07-27,3219.8,3239.4
2020-07-28,3234.3,3218.4
2020-07-29,3227.2,3258.4
2020-07-30,3231.8,3246.2
2020-07-31,3270.4,3271.1
2020-08-03,3288.3,3294.6
2020-08-04,3289.9,3306.5
2020-08-05,3317.4,3327.8
2020-08-06,3323.2,3349.2
2020-08-07,3340.1,3351.3
2020-08-10,3356.0,3360.5
2020-08-11,3370.3,3333.7
2020-08-12,3355.5,3380.3
2020-08-13,3372.9,3373.4
2020-08-14,3368.7,3372.8
2020-08-17,3380.9,3382.0
2020-08-18,3387.0,3389.8
2020-08-19,3392.5,3374.8
2020-08-20,3360.5,3385.5
2020-08-21,3386.0,3397.2
2020-08-24,3418.1,3431.3
2020-08-25,3435.9,3443.6
2020-08-26,3450.0,3478.7
2020-08-27,3485.1,3484.6
2020-08-28,3494.7,3508.0
2020-08-31,3509.7,3500.3
2020-09-01,3507.4,3526.7
2020-09-02,3543.8,3580.8
2020-09-03,3564.7,3455.1
2020-09-04,3453.6,3427.0
2020-09-08,3371.9,3331.8
2020-09-09,3369.8,3399.0
2020-09-10,3412.6,3339.2
2020-09-11,3352.7,3341.0
2020-09-14,3363.6,3383.5
2020-09-15,3407.7,3401.2
2020-09-16,3411.2,3385.5
2020-09-17,3346.9,3357.0
2020-09-18,3357.4,3319.5
2020-09-21,3285.6,3281.1
2020-09-22,3295.8,3315.6
2020-09-23,3320.1,3236.9
2020-09-24,3226.1,3246.6
2020-09-25,3236.7,3298.5
2020-09-28,3333.9,3351.6
2020-09-29,3350.9,3335.5
2020-09-30,3341.2,3363.0
2020-10-01,3385.9,3380.8
2020-10-02,3338.9,3348.4
2020-10-05,3367.3,3408.6
2020-10-06,3408.7,3360.9
2020-10-07,3384.6,3419.4
2020-10-08,3434.3,3446.8
2020-10-09,3459.7,3477.1
2020-10-12,3500.0,3534.2
2020-10-13,3534.0,3511.9
2020-10-14,3515.5,3488.7
2020-10-15,3453.7,3483.3
2020-10-16,3493.5,3483.8
2020-10-19,3493.7,3426.9
2020-10-20,3439.4,3443.1
2020-10-21,3439.9,3435.6
2020-10-22,3438.5,3453.5
2020-10-23,3464.9,3465.4
2020-10-26,3441.4,3401.0
2020-10-27,3403.2,3390.7
2020-10-28,3342.5,3271.0
2020-10-29,3277.2,3310.1
2020-10-30,3293.6,3270.0
2020-11-02,3296.2,3310.2
2020-11-03,3336.2,3369.2
2020-11-04,3406.5,3443.4
2020-11-05,3485.7,3510.4
2020-11-06,3508.3,3509.4
2020-11-09,3583.0,3550.5
2020-11-10,3543.3,3545.5
2020-11-11,3563.2,3572.7
2020-11-12,3562.7,3537.0
2020-11-13,3552.6,3585.2
2020-11-16,3600.2,3626.9
2020-11-17,3610.3,3609.5
2020-11-18,3612.1,3567.8
2020-11-19,3559.4,3581.9
2020-11-20,3579.3,3557.5
2020-11-23,3566.8,3577.6
2020-11-24,3594.5,3635.4
2020-11-25,3635.5,3629.7
2020-11-27,3638.6,3638.3
2020-11-30,3634.2,3621.6
2020-12-01,3645.9,3662.4
2020-12-02,3653.8,3669.0
2020-12-03,3668.3,3666.7
2020-12-04,3670.9,3699.1
2020-12-07,3694.7,3692.0
2020-12-08,3683.1,3702.2
2020-12-09,3706.0,3672.8
2020-12-10,3659.1,3668.1
2020-12-11,3656.1,3663.5
2020-12-14,3675.3,3647.5
2020-12-15,3666.4,3694.6
2020-12-16,3696.2,3701.2
2020-12-17,3713.7,3722.5
2020-12-18,3722.4,3709.4
2020-12-21,3684.3,3694.9
2020-12-22,3698.1,3687.3
2020-12-23,3693.4,3690.0
2020-12-24,3694.0,3703.1
2020-12-28,3723.0,3735.4
2020-12-29,3750.0,3727.0
2020-12-30,3736.2,3732.0
2020-12-31,3733.3,3756.1
2021-01-04,3764.6,3700.7
2021-01-05,3698.0,3726.9
2021-01-06,3712.2,3748.1
2021-01-07,3764.7,3803.8
2021-01-08,3815.1,3824.7
2021-01-11,3803.1,3799.6
2021-01-12,3801.6,3801.2
2021-01-13,3802.2,3809.8
2021-01-14,3815.0,3795.5
2021-01-15,3788.7,3768.2
2021-01-19,3781.9,3798.9
2021-01-20,3816.2,3851.8
2021-01-21,3857.5,3853.1
2021-01-22,3844.2,3841.5
2021-01-25,3851.7,3855.4
2021-01-26,3863.0,3849.6
2021-01-27,3836.8,3750.8
2021-01-28,3755.8,3787.4
2021-01-29,3778.1,3714.2
2021-02-01,3731.2,3773.9
2021-02-02,3791.8,3826.3
2021-02-03,3840.3,3830.2
2021-02-04,3836.7,3871.7
2021-02-05,3878.3,3886.8
2021-02-08,3892.6,3915.6
2021-02-09,3910.5,3911.2
2021-02-10,3920.8,3909.9
2021-02-11,3916.4,3916.4
2021-02-12,3911.7,3934.8
2021-02-16,3939.6,3932.6
2021-02-17,3918.5,3931.3
2021-02-18,3915.9,3914.0
2021-02-19,3921.2,3906.7
2021-02-22,3885.6,3876.5
2021-02-23,3857.1,3881.4
2021-02-24,3873.7,3925.4
2021-02-25,3915.8,3829.3
2021-02-26,3839.7,3811.2
2021-03-01,3842.5,3901.8
2021-03-02,3903.6,3870.3
2021-03-03,3864.0,3819.7
2021-03-04,3818.5,3768.5
2021-03-05,3793.6,3841.9
2021-03-08,3844.4,3821.3
2021-03-09,3851.9,3875.4
2021-03-10,3892.0,3898.8
2021-03-11,3915.5,3939.3
2021-03-12,3924.5,3943.3
2021-03-15,3943.0,3968.9
2021-03-16,3973.6,3962.7
2021-03-17,3949.6,3974.1
2021-03-18,3953.5,3915.5
2021-03-19,3913.1,3913.1
2021-03-22,3916.5,3940.6
2021-03-23,3937.6,3910.5
2021-03-24,3919.9,3889.1
2021-03-25,3879.3,3909.5
2021-03-26,3917.1,3974.5
2021-03-29,3969.3,3971.1
2021-03-30,3963.3,3958.6
2021-03-31,3967.2,3972.9
2021-04-01,3992.8,4019.9
2021-04-05,4034.4,4077.9
2021-04-06,4075.6,4073.9
2021-04-07,4074.3,4079.9
2021-04-08,4089.9,4097.2
2021-04-09,4096.1,4128.8
2021-04-12,4124.7,4128.0
2021-04-13,4130.1,4141.6
2021-04-14,4141.6,4124.7
2021-04-15,4139.8,4170.4
2021-04-16,4174.1,4185.5
2021-04-19,4179.8,4163.3
2021-04-20,4159.2,4134.9
2021-04-21,4128.4,4173.4
2021-04-22,4170.5,4135.0
2021-04-23,4138.8,4180.2
2021-04-26,4185.0,4187.6
2021-04-27,4188.2,4186.7
2021-04-28,4185.1,4183.2
2021-04-29,4206.1,4211.5
2021-04-30,4198.1,4181.2
2021-05-03,4192.0,4192.7
2021-05-04,4179.0,4164.7
2021-05-05,4177.1,4167.6
2021-05-06,4169.1,4201.6
2021-05-07,4210.3,4232.6
2021-05-10,4228.3,4188.4
2021-05-11,4150.3,4152.1
2021-05-12,4130.6,4063.0
2021-05-13,4075.0,4112.5
2021-05-14,4129.6,4173.9
2021-05-17,4169.9,4163.3
2021-05-18,4165.9,4127.8
2021-05-19,4098.4,4115.7
2021-05-20,4122.0,4159.1
2021-05-21,4168.6,4155.9
2021-05-24,4170.2,4197.1
2021-05-25,4205.9,4188.1
2021-05-26,4191.6,4196.0
2021-05-27,4201.9,4200.9
2021-05-28,4210.8,4204.1
2021-06-01,4216.5,4202.0
2021-06-02,4206.8,4208.1
2021-06-03,4191.4,4192.9
2021-06-04,4206.1,4229.9
2021-06-07,4229.3,4226.5
2021-06-08,4233.8,4227.3
2021-06-09,4233.0,4219.6
2021-06-10,4228.6,4239.2
2021-06-11,4242.9,4247.4
2021-06-14,4248.3,4255.1
2021-06-15,4255.3,4246.6
2021-06-16,4248.9,4223.7
2021-06-17,4220.4,4221.9
2021-06-18,4204.8,4166.4
2021-06-21,4173.4,4224.8
2021-06-22,4224.6,4246.4
2021-06-23,4249.3,4241.8
2021-06-24,4257.0,4266.5
2021-06-25,4274.4,4280.7
2021-06-28,4284.9,4290.6
2021-06-29,4293.2,4291.8
2021-06-30,4290.6,4297.5
2021-07-01,4300.7,4319.9
2021-07-02,4326.6,4352.3
2021-07-06,4356.5,4343.5
2021-07-07,4351.0,4358.1
2021-07-08,4321.1,4320.8
2021-07-09,4329.4,4369.6
2021-07-12,4372.4,4384.6
2021-07-13,4381.1,4369.2
2021-07-14,4380.1,4374.3
2021-07-15,4369.0,4360.0
2021-07-16,4367.4,4327.2
2021-07-19,4296.4,4258.5
2021-07-20,4265.1,4323.1
2021-07-21,4331.1,4358.7
2021-07-22,4361.3,4367.5
2021-07-23,4381.2,4411.8
2021-07-26,4409.6,4422.3
2021-07-27,4416.4,4401.5
2021-07-28,4402.9,4400.6
2021-07-29,4403.6,4419.1
2021-07-30,4395.1,4395.3
2021-08-02,4406.9,4387.2
2021-08-03,4392.7,4423.1
2021-08-04,4415.9,4402.7
2021-08-05,4408.9,4429.1
2021-08-06,4429.1,4436.5
2021-08-09,4437.8,4432.4
2021-08-10,4435.8,4436.8
2021-08-11,4442.2,4447.7
2021-08-12,4446.1,4460.8
2021-08-13,4464.8,4468.0
2021-08-16,4461.6,4479.7
2021-08-17,4462.1,4448.1
2021-08-18,4440.9,4400.3
2021-08-19,4382.4,4405.8
2021-08-20,4410.6,4441.7
2021-08-23,4450.3,4479.5
2021-08-24,4484.4,4486.2
2021-08-25,4490.4,4496.2
2021-08-26,4493.8,4470.0
2021-08-27,4474.1,4509.4
2021-08-30,4513.8,4528.8
2021-08-31,4529.8,4522.7
2021-09-01,4528.8,4524.1
2021-09-02,4534.5,4536.9
2021-09-03,4532.4,4535.4
2021-09-07,4535.4,4520.0
2021-09-08,4518.1,4514.1
2021-09-09,4513.0,4493.3
2021-09-10,4506.9,4458.6
2021-09-13,4474.8,4468.7
2021-09-14,4479.3,4443.1
2021-09-15,4447.5,4480.7
2021-09-16,4477.1,4473.8
2021-09-17,4469.7,4433.0
2021-09-20,4402.9,4357.7
2021-09-21,4374.4,4354.2
2021-09-22,4367.4,4395.6
2021-09-23,4406.8,4449.0
2021-09-24,4438.0,4455.5
2021-09-27,4442.1,4443.1
2021-09-28,4419.5,4352.6
2021-09-29,4362.4,4359.5
2021-09-30,4370.7,4307.5
2021-10-01,4317.2,4357.0
2021-10-04,4348.8,4300.5
2021-10-05,4309.9,4345.7
2021-10-06,4319.6,4363.6
2021-10-07,4383.7,4399.8
2021-10-08,4406.5,4391.3
2021-10-11,4385.4,4361.2
2021-10-12,4368.3,4350.6
2021-10-13,4358.0,4363.8
2021-10-14,4386.8,4438.3
2021-10-15,4447.7,4471.4
2021-10-18,4463.7,4486.5
2021-10-19,4497.3,4519.6
2021-10-20,4524.4,4536.2
2021-10-21,4532.2,4549.8
2021-10-22,4546.1,4544.9
2021-10-25,4553.7,4566.5
2021-10-26,4578.7,4574.8
2021-10-27,4580.2,4551.7
2021-10-28,4562.8,4596.4
2021-10-29,4572.9,4605.4
2021-11-01,4610.6,4613.7
2021-11-02,4613.3,4630.6
2021-11-03,4630.6,4660.6
2021-11-04,4662.9,4680.1
2021-11-05,4699.3,4697.5
2021-11-08,4701.5,4701.7
2021-11-09,4707.2,4685.2
2021-11-10,4670.3,4646.7
2021-11-11,4659.4,4649.3
2021-11-12,4655.2,4682.9
2021-11-15,4689.3,4682.8
2021-11-16,4679.4,4700.9
2021-11-17,4701.5,4688.7
2021-11-18,4700.7,4704.5
2021-11-19,4708.4,4698.0
2021-11-22,4712.0,4682.9
2021-11-23,4678.5,4690.7
2021-11-24,4675.8,4701.5
2021-11-26,4664.6,4594.6
2021-11-29,4628.8,4655.3
2021-11-30,4640.2,4567.0
2021-12-01,4602.8,4513.0
2021-12-02,4504.7,4577.1
2021-12-03,4589.5,4538.4
2021-12-06,4548.4,4591.7
2021-12-07,4632.0,4686.8
2021-12-08,4690.9,4701.2
2021-12-09,4691.0,4667.4
2021-12-10,4687.6,4712.0
2021-12-13,4710.3,4669.0
2021-12-14,4643.0,4634.1
2021-12-15,4636.5,4709.9
2021-12-16,4719.1,4668.7
2021-12-17,4652.5,4620.6
2021-12-20,4587.9,4568.0
2021-12-21,4595.0,4649.2
2021-12-22,4650.4,4696.6
2021-12-23,4704.0,4725.8
2021-12-27,4734.0,4791.2
2021-12-28,4795.5,4786.4
2021-12-29,4788.6,4793.1
2021-12-30,4794.2,4778.7
2021-12-31,4775.2,4766.2
2022-01-03,4778.1,4796.6
2022-01-04,4804.5,4793.5
2022-01-05,4788.0,4700.6
2022-01-06,4693.4,4696.1
2022-01-07,4697.7,4677.0
2022-01-10,4655.3,4670.3
2022-01-11,4669.1,4713.1
2022-01-12,4728.6,4726.4
2022-01-13,4733.6,4659.0
2022-01-14,4638.0,4662.9
2022-01-18,4632.2,4577.1
2022-01-19,4588.0,4532.8
2022-01-20,4547.4,4482.7
2022-01-21,4471.4,4397.9
2022-01-24,4356.3,4410.1
2022-01-25,4366.6,4356.4
2022-01-26,4408.4,4349.9
2022-01-27,4380.6,4326.5
2022-01-28,4336.2,4431.9
2022-01-31,4431.8,4515.6
2022-02-01,4519.6,4546.5
2022-02-02,4566.4,4589.4
2022-02-03,4535.4,4477.4
2022-02-04,4482.8,4500.5
2022-02-07,4505.8,4483.9
2022-02-08,4480.0,4521.5
2022-02-09,4547.0,4587.2
2022-02-10,4553.2,4504.1
2022-02-11,4506.27,4418.64
2022-02-14,4412.61,4401.67
2022-02-15,4429.28,4471.07
2022-02-16,4455.75,4475.01
2022-02-17,4456.06,4380.26
2022-02-18,4384.57,4348.87
2022-02-22,4332.74,4304.76
2022-02-23,4324.93,4225.5
2022-02-24,4155.77,4288.7
2022-02-25,4298.38,4384.65
2022-02-28,4354.17,4373.94
2022-03-01,4363.14,4306.26
2022-03-02,4322.56,4386.54
2022-03-03,4401.31,4363.49
2022-03-04,4342.12,4328.87
2022-03-07,4327.01,4201.09
2022-03-08,4202.66,4170.7
2022-03-09,4223.1,4277.88
2022-03-10,4252.55,4259.52
2022-03-11,4279.5,4204.31
2022-03-14,4202.75,4173.11
2022-03-15,4188.82,4262.45
2022-03-16,4288.14,4357.86
2022-03-17,4345.11,4411.67
2022-03-18,4407.34,4463.12
2022-03-21,4462.4,4461.18
2022-03-22,4469.1,4511.61
2022-03-23,4493.1,4456.24
2022-03-24,4469.98,4520.16
2022-03-25,4522.91,4543.06
2022-03-28,4541.09,4575.52
2022-03-29,4602.86,4631.6
2022-03-30,4624.2,4602.45
2022-03-31,4599.02,4530.41
2022-04-01,4540.32,4545.86
2022-04-04,4547.97,4582.64
2022-04-05,4572.45,4525.12
2022-04-06,4494.17,4481.15
2022-04-07,4474.65,4500.21
2022-04-08,4494.15,4488.28
2022-04-11,4462.64,4412.53
2022-04-12,4437.59,4397.45
2022-04-13,4394.3,4446.59
2022-04-14,4449.12,4392.59
2022-04-18,4385.63,4391.69
2022-04-19,4390.63,4462.21
2022-04-20,4472.26,4459.45
2022-04-21,4489.17,4393.66
2022-04-22,4385.83,4271.78
2022-04-25,4255.34,4296.12
2022-04-26,4278.14,4175.2
2022-04-27,4186.52,4183.96
2022-04-28,4222.58,4287.5
2022-04-29,4253.75,4131.93
2022-05-02,4130.61,4155.38
2022-05-03,4159.78,4175.48
2022-05-04,4181.18,4300.17
2022-05-05,4270.43,4146.87
2022-05-06,4128.17,4123.34
2022-05-09,4081.27,3991.24
2022-05-10,4035.18,4001.05
2022-05-11,3990.08,3935.18
2022-05-12,3903.95,3930.08
2022-05-13,3963.9,4023.89
2022-05-16,4013.02,4008.01
2022-05-17,4052.0,4088.85
2022-05-18,4051.98,3923.68
2022-05-19,3899.0,3900.79
2022-05-20,3927.76,3901.36
2022-05-23,3919.42,3973.75
2022-05-24,3942.94,3941.48
2022-05-25,3929.59,3978.73
2022-05-26,3984.6,4057.84
2022-05-27,4077.43,4158.24
2022-05-31,4151.09,4132.15
2022-06-01,4149.78,4101.23
2022-06-02,4095.41,4176.82
2022-06-03,4137.57,4108.54
2022-06-06,4134.72,4121.43
2022-06-07,4096.47,4160.68
2022-06-08,4147.12,4115.77
2022-06-09,4101.65,4017.82
2022-06-10,3974.39,3900.86
2022-06-13,3838.15,3749.63
2022-06-14,3763.52,3735.48
2022-06-15,3764.05,3789.99
2022-06-16,3728.18,3666.77
2022-06-17,3665.9,3674.84
2022-06-21,3715.31,3764.79
2022-06-22,3733.89,3759.89
2022-06-23,3774.71,3795.73
2022-06-24,3821.75,3911.74
2022-06-27,3920.76,3900.11
2022-06-28,3913.0,3821.55
2022-06-29,3825.09,3818.83
2022-06-30,3785.99,3785.38
2022-07-01,3781.0,3825.33
2022-07-05,3792.61,3831.39
2022-07-06,3831.98,3845.08
2022-07-07,3858.85,3902.62
2022-07-08,3888.26,3899.38
2022-07-11,3880.94,3854.43
2022-07-12,3851.95,3818.8
2022-07-13,3779.67,3801.78
2022-07-14,3763.99,3790.38
2022-07-15,3818.0,3863.16
2022-07-18,3883.79,3830.85
2022-07-19,3860.73,3936.69
2022-07-20,3935.32,3959.9
2022-07-21,3955.47,3998.95
2022-07-22,3998.43,3961.63
2022-07-25,3965.72,3966.84
2022-07-26,3953.22,3921.05
2022-07-27,3951.43,4023.61
2022-07-28,4026.13,4072.43
2022-07-29,4087.33,4130.29
2022-08-01,4112.38,4118.63
2022-08-02,4104.21,4091.19
2022-08-03,4107.96,4155.17
2022-08-04,4154.85,4151.94
2022-08-05,4115.87,4145.19
2022-08-08,4155.93,4140.06
2022-08-09,4133.11,4122.47
2022-08-10,4181.02,4210.24
2022-08-11,4227.4,4207.27
2022-08-12,4225.02,4280.15
2022-08-15,4269.37,4297.14
2022-08-16,4290.46,4305.2
2022-08-17,4280.4,4274.04
2022-08-18,4273.13,4283.74
2022-08-19,4266.31,4228.48
2022-08-22,4195.08,4137.99
2022-08-23,4133.09,4128.73
2022-08-24,4126.55,4140.77
2022-08-25,4153.26,4199.12
2022-08-26,4198.74,4057.66
2022-08-29,4034.58,4030.61
2022-08-30,4041.25,3986.16
2022-08-31,4000.67,3955.0
2022-09-01,3936.73,3966.85
2022-09-02,3994.66,3924.26
2022-09-06,3930.89,3908.19
2022-09-07,3909.43,3979.87
2022-09-08,3959.94,4006.18
2022-09-09,4022.94,4067.36
2022-09-12,4083.67,4110.41
2022-09-13,4037.12,3932.69
2022-09-14,3940.73,3946.01
2022-09-15,3932.41,3901.35
2022-09-16,3880.95,3873.33
2022-09-19,3849.91,3899.89
2022-09-20,3875.23,3855.93
2022-09-21,3871.4,3789.93
2022-09-22,3782.36,3757.99
2022-09-23,3727.14,3693.23
2022-09-26,3682.72,3655.04
2022-09-27,3686.44,3647.29
2022-09-28,3651.94,3719.04
2022-09-29,3687.01,3640.47
2022-09-30,3633.48,3585.62
2022-10-03,3609.78,3678.43
2022-10-04,3726.46,3790.93
2022-10-05,3753.25,3783.28
2022-10-06,3771.97,3744.52
2022-10-07,3706.74,3639.66
2022-10-10,3647.51,3612.39
2022-10-11,3595.86,3588.84
2022-10-12,3590.83,3577.03
2022-10-13,3520.37,3669.91
2022-10-14,3690.41,3583.07
2022-10-17,3638.65,3677.95
2022-10-18,3746.26,3719.98
2022-10-19,3703.11,3695.16
2022-10-20,3689.05,3665.78
2022-10-21,3657.1,3752.75
2022-10-24,3762.01,3797.34
2022-10-25,3799.44,3859.11
2022-10-26,3825.97,3830.6
2022-10-27,3834.69,3807.3
2022-10-28,3808.26,3901.06
2022-10-31,3881.85,3871.98
2022-11-01,3901.79,3856.1
2022-11-02,3852.9,3759.69
2022-11-03,3733.25,3719.89
2022-11-04,3766.98,3770.55
2022-11-07,3780.71,3806.8
2022-11-08,3817.02,3828.11
2022-11-09,3810.94,3748.57
2022-11-10,3859.89,3956.37
2022-11-11,3963.72,3992.93
2022-11-14,3977.97,3957.25
2022-11-15,4006.41,3991.73
2022-11-16,3976.82,3958.79
2022-11-17,3919.26,3946.56
2022-11-18,3966.39,3965.34
2022-11-21,3956.23,3949.94
2022-11-22,3965.51,4003.58
2022-11-23,4000.3,4027.26
2022-11-25,4023.34,4026.12
2022-11-28,4005.36,3963.94
2022-11-29,3964.19,3957.63
2022-11-30,3957.18,4080.11
2022-12-01,4087.14,4076.57
2022-12-02,4040.17,4071.7
2022-12-05,4052.02,3998.84
2022-12-06,3996.63,3941.26
2022-12-07,3933.28,3933.92
2022-12-08,3947.79,3963.51
2022-12-09,3954.17,3934.38
2022-12-12,3939.29,3990.56
2022-12-13,4069.38,4019.65
2022-12-14,4015.54,3995.32
2022-12-15,3958.37,3895.75
2022-12-16,3890.91,3852.36
2022-12-19,3853.79,3817.66
2022-12-20,3810.47,3821.62
2022-12-21,3839.49,3878.44
2022-12-22,3853.26,3822.39
2022-12-23,3815.11,3844.82
2022-12-27,3843.34,3829.25
2022-12-28,3829.56,3783.22
2022-12-29,3805.45,3849.28
2022-12-30,3829.06,3839.5
2023-01-03,3853.29,3824.14
2023-01-04,3840.36,3852.97
2023-01-05,3839.74,3808.1
2023-01-06,3823.37,3895.08
2023-01-09,3910.82,3892.09
2023-01-10,3888.57,3919.25
2023-01-11,3932.35,3969.61
2023-01-12,3977.57,3983.17
2023-01-13,3960.6,3999.09
2023-01-17,3999.28,3990.97
2023-01-18,4002.25,3928.86
2023-01-19,3911.84,3898.85
2023-01-20,3909.04,3972.61
2023-01-23,3978.14,4019.81
2023-01-24,4001.74,4016.95
2023-01-25,3982.71,4016.22
2023-01-26,4036.08,4060.43
2023-01-27,4053.72,4070.56
2023-01-30,4049.27,4017.77
2023-01-31,4020.85,4076.6
2023-02-01,4070.07,4119.21
2023-02-02,4158.68,4179.76
2023-02-03,4136.69,4136.48
2023-02-06,4119.57,4111.08
2023-02-07,4105.35,4164.0
2023-02-08,4153.47,4117.86
2023-02-09,4144.25,4081.5
2023-02-10,4068.92,4090.46
2023-02-13,4096.62,4137.29
2023-02-14,4126.7,4136.13
2023-02-15,4119.5,4147.6
2023-02-16,4114.75,4090.41
2023-02-17,4077.39,4079.09
2023-02-21,4052.35,3997.34
2023-02-22,4001.83,3991.05
2023-02-23,4018.6,4012.32
2023-02-24,3973.24,3970.04
2023-02-27,3992.36,3982.24
2023-02-28,3977.19,3970.15
2023-03-01,3963.34,3951.39
2023-03-02,3938.68,3981.35
2023-03-03,3998.02,4045.64
2023-03-06,4055.15,4048.42
2023-03-07,4048.26,3986.37
2023-03-08,3987.55,3992.01
2023-03-09,3998.66,3918.32
2023-03-10,3912.77,3861.59
2023-03-13,3835.12,3855.76
2023-03-14,3894.01,3919.29
2023-03-15,3876.74,3891.93
2023-03-16,3878.93,3960.28
2023-03-17,3958.69,3916.64
2023-03-20,3917.47,3951.57
2023-03-21,3975.89,4002.87
2023-03-22,4002.04,3936.97
2023-03-23,3959.21,3948.72
2023-03-24,3939.21,3970.99
2023-03-27,3982.93,3977.53
2023-03-28,3974.13,3971.27
2023-03-29,3999.53,4027.81
2023-03-30,4046.74,4050.83
2023-03-31,4056.18,4109.31
2023-04-03,4102.2,4124.51
2023-04-04,4128.03,4100.6
2023-04-05,4094.5,4090.38
2023-04-06,4081.15,4105.02
2023-04-10,4085.2,4109.11
2023-04-11,4110.29,4108.94
2023-04-12,4121.72,4091.95
2023-04-13,4100.04,4146.22
2023-04-14,4140.11,4137.64
2023-04-17,4137.17,4151.32
2023-04-18,4164.26,4154.87
2023-04-19,4139.33,4154.52
2023-04-20,4130.48,4129.79
2023-04-21,4132.14,4133.52
2023-04-24,4132.07,4137.04
2023-04-25,4126.43,4071.63
2023-04-26,4087.78,4055.99
2023-04-27,4075.29,4135.35
2023-04-28,4129.63,4169.48
2023-05-01,4166.79,4167.87
2023-05-02,4164.1,4119.58
2023-05-03,4122.25,4090.75
2023-05-04,4082.55,4061.22
2023-05-05,4084.73,4136.25
2023-05-08,4136.98,4138.12
2023-05-09,4124.25,4119.17
2023-05-10,4143.74,4137.64
2023-05-11,4132.24,4130.62
2023-05-12,4138.54,4124.08
2023-05-15,4126.65,4136.28
2023-05-16,4127.95,4109.9
2023-05-17,4122.85,4158.77
2023-05-18,4157.68,4198.05
2023-05-19,4204.15,4191.98
2023-05-22,4190.78,4192.63
2023-05-23,4176.8,4145.58
2023-05-24,4132.96,4115.24
2023-05-25,4155.71,4151.28
2023-05-26,4156.16,4205.45
2023-05-30,4226.71,4205.52
2023-05-31,4190.74,4179.83
2023-06-01,4183.03,4221.02
2023-06-02,4241.01,4282.37
2023-06-05,4282.99,4273.79
2023-06-06,4271.34,4283.85
2023-06-07,4285.47,4267.52
2023-06-08,4268.69,4293.93
2023-06-09,4304.88,4298.86
2023-06-12,4308.32,4338.93
2023-06-13,4352.61,4369.01
2023-06-14,4366.29,4372.59
2023-06-15,4365.33,4425.84
2023-06-16,4440.95,4409.59
2023-06-20,4396.11,4388.71
2023-06-21,4380.01,4365.69
2023-06-22,4355.4,4381.89
2023-06-23,4354.17,4348.33
2023-06-26,4344.84,4328.82
2023-06-27,4337.36,4378.41
2023-06-28,4367.48,4376.86
2023-06-29,4374.94,4396.44
2023-06-30,4422.44,4450.38
2023-07-03,4450.48,4455.59
2023-07-05,4442.04,4446.82
2023-07-06,4422.62,4411.59
2023-07-07,4404.54,4398.95
2023-07-10,4394.23,4409.53
2023-07-11,4415.55,4439.26
2023-07-12,4467.69,4472.16
2023-07-13,4491.5,4510.04
2023-07-14,4514.61,4505.42
2023-07-17,4508.86,4522.79
2023-07-18,4521.78,4554.98
2023-07-19,4563.87,4565.72
2023-07-20,4554.38,4534.87
2023-07-21,4550.16,4536.34
2023-07-24,4543.39,4554.64
2023-07-25,4555.19,4567.46
2023-07-26,4558.96,4566.75
2023-07-27,4598.26,4537.41
2023-07-28,4565.75,4582.23
2023-07-31,4584.82,4588.96
2023-08-01,4578.83,4576.73
2023-08-02,4550.93,4513.39
2023-08-03,4494.27,4501.89
2023-08-04,4513.96,4478.03
2023-08-07,4491.58,4518.44
2023-08-08,4498.03,4499.38
2023-08-09,4501.57,4467.71
2023-08-10,4487.16,4468.83
2023-08-11,4450.69,4464.05
2023-08-14,4458.13,4489.72
2023-08-15,4478.87,4437.86
2023-08-16,4433.79,4404.33
2023-08-17,4416.32,4370.36
2023-08-18,4344.88,4369.71
2023-08-21,4380.28,4399.77
2023-08-22,4415.33,4387.55
2023-08-23,4396.44,4436.01
2023-08-24,4455.16,4376.31
2023-08-25,4389.38,4405.71
2023-08-28,4426.03,4433.31
2023-08-29,4432.75,4497.63
2023-08-30,4500.34,4514.87
2023-08-31,4517.01,4507.66
2023-09-01,4530.6,4515.77
2023-09-05,4510.06,4496.83
2023-09-06,4490.35,4465.48
2023-09-07,4434.55,4451.14
2023-09-08,4451.3,4457.49
2023-09-11,4480.98,4487.46
2023-09-12,4473.27,4461.9
2023-09-13,4462.65,4467.44
2023-09-14,4487.78,4505.1
2023-09-15,4497.98,4450.32
2023-09-18,4445.13,4453.53
2023-09-19,4445.41,4443.95
2023-09-20,4452.81,4402.2
2023-09-21,4374.36,4330.0
2023-09-22,4341.74,4320.06
2023-09-25,4310.62,4337.44
2023-09-26,4312.88,4273.53
2023-09-27,4282.63,4274.51
2023-09-28,4269.65,4299.7
2023-09-29,4328.18,4288.05
2023-10-02,4284.52,4288.39
2023-10-03,4269.75,4229.45
2023-10-04,4233.83,4263.75
2023-10-05,4259.31,4258.19
2023-10-06,4234.79,4308.5
2023-10-09,4289.02,4335.66
2023-10-10,4339.75,4358.24
2023-10-11,4366.59,4376.95
2023-10-12,4380.94,4349.61
2023-10-13,4360.49,4327.78
2023-10-16,4342.37,4373.63
2023-10-17,4345.23,4373.2
2023-10-18,4357.35,4314.6
2023-10-19,4321.36,4278.0
2023-10-20,4273.85,4224.16
2023-10-23,4210.4,4217.04
2023-10-24,4235.79,4247.68
2023-10-25,4232.42,4186.77
2023-10-26,4175.99,4137.23
2023-10-27,4152.93,4117.37
2023-10-30,4139.39,4166.82
2023-10-31,4171.33,4193.8
2023-11-01,4201.27,4237.86
2023-11-02,4268.26,4317.78
2023-11-03,4334.23,4358.34
2023-11-06,4364.27,4365.98
2023-11-07,4366.21,4378.38
2023-11-08,4384.37,4382.78
2023-11-09,4391.41,4347.35
2023-11-10,4364.15,4415.24
2023-11-13,4406.66,4411.55
2023-11-14,4458.97,4495.7
2023-11-15,4505.3,4502.88
2023-11-16,4497.08,4508.24
2023-11-17,4509.55,4514.02
2023-11-20,4511.7,4547.38
2023-11-21,4538.77,4538.19
2023-11-22,4553.04,4556.62
2023-11-24,4555.84,4559.34
2023-11-27,4554.86,4550.43
2023-11-28,4545.55,4554.89
2023-11-29,4571.84,4550.58
2023-11-30,4554.87,4567.8
2023-12-01,4559.43,4594.63
2023-12-04,4564.37,4569.78
2023-12-05,4557.25,4567.18
2023-12-06,4586.23,4549.34
2023-12-07,4568.84,4585.59
2023-12-08,4576.2,4604.37
2023-12-11,4593.39,4622.44
2023-12-12,4618.3,4643.7
2023-12-13,4646.2,4707.09
2023-12-14,4721.04,4719.55
2023-12-15,4714.23,4719.19
2023-12-18,4725.58,4740.56
2023-12-19,4743.72,4768.37
2023-12-20,4764.73,4698.35
2023-12-21,4724.29,4746.75
2023-12-22,4753.92,4754.63
2023-12-26,4758.86,4774.75
2023-12-27,4773.45,4781.58
2023-12-28,4786.44,4783.35
2023-12-29,4782.88,4769.83
2024-01-02,4745.2,4742.83
2024-01-03,4725.07,4704.81
2024-01-04,4697.42,4688.68
2024-01-05,4690.57,4697.24
2024-01-08,4703.7,4763.54
2024-01-09,4741.93,4756.5
2024-01-10,4759.94,4783.45
2024-01-11,4792.13,4780.24
2024-01-12,4791.18,4783.83
2024-01-16,4772.35,4765.98
2024-01-17,4739.13,4739.21
2024-01-18,4760.1,4780.94
2024-01-19,4796.28,4839.81
2024-01-22,4853.42,4850.43
2024-01-23,4856.8,4864.6
2024-01-24,4888.56,4868.55
2024-01-25,4886.66,4894.16
2024-01-26,4888.91,4890.97
2024-01-29,4892.95,4927.93
2024-01-30,4925.89,4924.97
2024-01-31,4899.19,4845.65
2024-02-01,4861.11,4906.19
2024-02-02,4916.06,4958.61
2024-02-05,4957.19,4942.81
2024-02-06,4950.16,4954.23
2024-02-07,4973.05,4995.06
2024-02-08,4995.16,4997.91
2024-02-09,5004.17,5026.61
2024-02-12,5026.83,5021.84
2024-02-13,4967.94,4953.17
2024-02-14,4976.44,5000.62
2024-02-15,5003.14,5029.73
2024-02-16,5031.13,5005.57
2024-02-20,4989.32,4975.51
2024-02-21,4963.03,4981.8
2024-02-22,5038.83,5087.03
2024-02-23,5100.92,5088.8
2024-02-26,5093.0,5069.53
2024-02-27,5074.6,5078.18
2024-02-28,5067.2,5069.76
2024-02-29,5085.36,5096.27
2024-03-01,5098.51,5137.08
2024-03-04,5130.99,5130.95
2024-03-05,5110.52,5078.65
2024-03-06,5108.03,5104.76
2024-03-07,5132.38,5157.36
2024-03-08,5164.46,5123.69
2024-03-11,5111.96,5117.94
2024-03-12,5134.3,5175.27
2024-03-13,5173.49,5165.31
2024-03-14,5175.14,5150.48
2024-03-15,5123.31,5117.09
2024-03-18,5154.77,5149.42
2024-03-19,5139.09,5178.51
2024-03-20,5181.69,5224.62
2024-03-21,5253.43,5241.53
2024-03-22,5242.48,5234.18
2024-03-25,5219.52,5218.19
2024-03-26,5228.85,5203.58
2024-03-27,5226.31,5248.49
2024-03-28,5248.03,5254.35
2024-04-01,5257.97,5243.77
2024-04-02,5204.29,5205.81
2024-04-03,5194.37,5211.49
2024-04-04,5244.05,5147.21
2024-04-05,5158.95,5204.34
2024-04-08,5211.37,5202.39
2024-04-09,5217.03,5209.91
2024-04-10,5167.88,5160.64
2024-04-11,5172.95,5199.06
2024-04-12,5171.51,5123.41
2024-04-15,5149.67,5061.82
2024-04-16,5064.59,5051.41
2024-04-17,5068.97,5022.21
2024-04-18,5031.52,5011.12
2024-04-19,5005.44,4967.23
2024-04-22,4987.33,5010.6
2024-04-23,5028.85,5070.55
2024-04-24,5084.86,5071.63
2024-04-25,5019.88,5048.42
2024-04-26,5084.65,5099.96
2024-04-29,5114.13,5116.17
2024-04-30,5103.78,5035.69
2024-05-01,5029.03,5018.39
2024-05-02,5049.32,5064.2
2024-05-03,5122.78,5127.79
2024-05-06,5142.42,5180.74
2024-05-07,5187.2,5187.7
2024-05-08,5168.98,5187.67
2024-05-09,5189.03,5214.08
2024-05-10,5225.49,5222.68
2024-05-13,5233.08,5221.42
2024-05-14,5221.1,5246.68
2024-05-15,5263.26,5308.15
2024-05-16,5310.07,5297.1
2024-05-17,5303.1,5303.27
2024-05-20,5305.35,5308.13
2024-05-21,5298.69,5321.41
2024-05-22,5319.28,5307.01
2024-05-23,5340.26,5267.84
2024-05-24,5281.45,5304.72
2024-05-28,5315.91,5306.04
2024-05-29,5278.73,5266.95
2024-05-30,5259.77,5235.48
2024-05-31,5243.21,5277.51
2024-06-03,5297.15,5283.4
2024-06-04,5278.24,5291.34
2024-06-05,5314.48,5354.03
2024-06-06,5357.8,5352.96
2024-06-07,5343.81,5346.99
2024-06-10,5341.22,5360.79
2024-06-11,5353.0,5375.32
2024-06-12,5409.13,5421.03
2024-06-13,5441.93,5433.74
2024-06-14,5424.08,5431.6
2024-06-17,5431.11,5473.23
2024-06-18,5476.15,5487.03
2024-06-20,5499.99,5473.17
2024-06-21,5466.77,5464.62
2024-06-24,5459.58,5447.87
2024-06-25,5460.73,5469.3
2024-06-26,5460.71,5477.9
2024-06-27,5473.59,5482.87
2024-06-28,5488.48,5460.48
2024-07-01,5471.08,5475.09
2024-07-02,5461.84,5509.01
2024-07-03,5507.44,5537.02
2024-07-05,5537.91,5567.19
2024-07-08,5572.75,5572.85
2024-07-09,5584.24,5576.98
2024-07-10,5591.26,5633.91
2024-07-11,5635.21,5584.54
2024-07-12,5590.76,5615.35
2024-07-15,5638.16,5631.22
2024-07-16,5644.09,5667.2
2024-07-17,5610.07,5588.27
2024-07-18,5608.56,5544.59
2024-07-19,5543.37,5505.0
2024-07-22,5544.54,5564.41
2024-07-23,5565.3,5555.74
2024-07-24,5505.84,5427.13
2024-07-25,5428.7,5399.22
2024-07-26,5433.67,5459.1
2024-07-29,5476.55,5463.54
2024-07-30,5478.73,5436.44
2024-07-31,5505.59,5522.3
2024-08-01,5537.84,5446.68
2024-08-02,5376.63,5346.56
2024-08-05,5151.14,5186.33
2024-08-06,5206.42,5240.03
2024-08-07,5293.13,5199.5
2024-08-08,5252.57,5319.31
2024-08-09,5314.66,5344.16
2024-08-12,5351.88,5344.39
2024-08-13,5376.98,5434.43
2024-08-14,5442.36,5455.21
2024-08-15,5501.13,5543.22
2024-08-16,5530.5,5554.25
2024-08-19,5557.23,5608.25
2024-08-20,5602.88,5597.12
2024-08-21,5603.09,5620.85
2024-08-22,5637.77,5570.64
2024-08-23,5602.49,5634.61
2024-08-26,5639.66,5616.84
2024-08-27,5602.89,5625.8
2024-08-28,5624.51,5592.18
2024-08-29,5607.3,5591.96
2024-08-30,5612.74,5648.4
2024-09-03,5623.89,5528.93
2024-09-04,5506.68,5520.07
2024-09-05,5520.08,5503.41
2024-09-06,5507.33,5408.42
2024-09-09,5442.07,5471.05
2024-09-10,5490.51,5495.52
2024-09-11,5496.42,5554.13
2024-09-12,5557.48,5595.76
2024-09-13,5603.34,5626.02
2024-09-16,5615.21,5633.09
2024-09-17,5655.51,5634.58
2024-09-18,5641.68,5618.26
2024-09-19,5702.63,5713.64
2024-09-20,5709.64,5702.55
2024-09-23,5711.9,5718.57
2024-09-24,5727.66,5732.93
2024-09-25,5733.65,5722.26
2024-09-26,5762.22,5745.37
2024-09-27,5755.36,5738.17
2024-09-30,5726.52,5762.48
2024-10-01,5757.73,5708.75
2024-10-02,5698.14,5709.54
2024-10-03,5698.19,5699.94
2024-10-04,5737.48,5751.07
2024-10-07,5737.8,5695.94
2024-10-08,5719.14,5751.13
2024-10-09,5751.8,5792.04
2024-10-10,5778.36,5780.05
2024-10-11,5775.09,5815.03
2024-10-14,5829.81,5859.85
2024-10-15,5866.74,5815.26
2024-10-16,5816.58,5842.47
2024-10-17,5875.62,5841.47
2024-10-18,5859.43,5864.67
2024-10-21,5857.82,5853.98
2024-10-22,5832.7,5851.2
2024-10-23,5834.5,5797.42
2024-10-24,5817.8,5809.86
2024-10-25,5826.75,5808.12
2024-10-28,5833.93,5823.52
2024-10-29,5819.68,5832.92
2024-10-30,5832.65,5813.67
2024-10-31,5775.34,5705.45
2024-11-01,5723.22,5728.8
2024-11-04,5725.15,5712.69
2024-11-05,5722.43,5782.76
2024-11-06,5864.89,5929.04
2024-11-07,5947.21,5973.1
2024-11-08,5976.76,5995.54
2024-11-11,6008.86,6001.35
2024-11-12,6003.6,5983.99
2024-11-13,5985.75,5985.38
2024-11-14,5989.68,5949.17
2024-11-15,5912.79,5870.62
2024-11-18,5874.17,5893.62
2024-11-19,5870.05,5916.98
2024-11-20,5914.34,5917.11
2024-11-21,5940.58,5948.71
2024-11-22,5944.36,5969.34
2024-11-25,5992.28,5987.37
2024-11-26,6000.03,6021.63
2024-11-27,6014.11,5998.74
2024-11-29,6003.98,6032.38
2024-12-02,6040.11,6047.15
2024-12-03,6042.97,6049.88
2024-12-04,6069.39,6086.49
2024-12-05,6089.03,6075.11
2024-12-06,6081.38,6090.27
2024-12-09,6083.01,6052.85
2024-12-10,6057.59,6034.91
2024-12-11,6060.15,6084.19
2024-12-12,6074.29,6051.25
2024-12-13,6068.17,6051.09
2024-12-16,6063.79,6074.08
2024-12-17,6052.55,6050.61
2024-12-18,6047.65,5872.16
2024-12-19,5912.71,5867.08
2024-12-20,5842.0,5930.85
2024-12-23,5940.25,5974.07
2024-12-24,5984.63,6040.04
2024-12-26,6024.97,6037.59
2024-12-27,6006.17,5970.84
2024-12-30,5920.67,5906.94
2024-12-31,5919.74,5881.63
2025-01-02,5903.26,5868.55
2025-01-03,5891.07,5942.47
2025-01-06,5982.81,5975.38
2025-01-07,5993.26,5909.03
2025-01-08,5910.66,5918.25
2025-01-10,5890.35,5827.04
2025-01-13,5782.02,5836.22
2025-01-14,5859.27,5842.91
2025-01-15,5905.21,5949.91
2025-01-16,5963.61,5937.34
2025-01-17,5995.4,5996.66
2025-01-21,6014.12,6049.24
2025-01-22,6081.39,6086.37
2025-01-23,6076.32,6118.71
2025-01-24,6121.43,6101.24
2025-01-27,5969.04,6012.28
2025-01-28,6026.97,6067.7
2025-01-29,6057.7,6039.31
2025-01-30,6050.75,6071.17
2025-01-31,6096.79,6040.53
2025-02-03,5969.65,5994.57
2025-02-04,5998.14,6037.88
2025-02-05,6020.45,6061.48
2025-02-06,6072.22,6083.57
2025-02-07,6083.13,6025.99
2025-02-10,6046.4,6066.44
2025-02-11,6049.32,6068.5
2025-02-12,6025.08,6051.97
2025-02-13,6060.59,6115.07
2025-02-14,6115.52,6114.63
2025-02-18,6121.6,6129.58
2025-02-19,6117.76,6144.15
2025-02-20,6134.5,6117.52
2025-02-21,6114.1,6013.13
2025-02-24,6026.69,5983.25
2025-02-25,5982.73,5955.25
2025-02-26,5970.87,5956.06
2025-02-27,5981.88,5861.57
2025-02-28,5856.74,5954.5
2025-03-03,5968.33,5849.72
2025-03-04,5811.98,5778.15
2025-03-05,5781.36,5842.63
2025-03-06,5785.87,5738.52
2025-03-07,5726.01,5770.2
2025-03-10,5705.37,5614.56
2025-03-11,5603.65,5572.07
2025-03-12,5624.84,5599.3
2025-03-13,5594.45,5521.52
2025-03-14,5563.85,5638.94
2025-03-17,5635.6,5675.12
2025-03-18,5654.53,5614.66
2025-03-19,5632.37,5675.29
2025-03-20,5646.92,5662.89
2025-03-21,5630.73,5667.56
2025-03-24,5718.08,5767.57
2025-03-25,5775.96,5776.65
2025-03-26,5771.66,5712.2
2025-03-27,5695.64,5693.31
2025-03-28,5679.2,5580.94
2025-03-31,5527.91,5611.85
2025-04-01,5597.53,5633.07
2025-04-02,5580.76,5670.97
2025-04-03,5492.74,5396.52
2025-04-04,5292.14,5074.08
2025-04-07,4953.79,5062.25
2025-04-08,5193.57,4982.77
2025-04-09,4965.28,5456.9
2025-04-10,5353.15,5268.05
2025-04-11,5255.56,5363.36
2025-04-14,5441.96,5405.97
2025-04-15,5411.99,5396.63
2025-04-16,5335.75,5275.7
2025-04-17,5305.45,5282.7
2025-04-21,5232.94,5158.2
2025-04-22,5207.67,5287.76
2025-04-23,5395.92,5375.86
2025-04-24,5381.38,5484.77
2025-04-25,5489.73,5525.21
2025-04-28,5529.22,5528.75
2025-04-29,5508.87,5560.83
2025-04-30,5499.44,5569.06
2025-05-01,5625.14,5604.14
2025-05-02,5645.88,5686.67
2025-05-05,5655.32,5650.38
2025-05-06,5605.87,5606.91
2025-05-07,5614.18,5631.28
2025-05-08,5663.6,5663.94
2025-05-09,5679.65,5659.91
2025-05-12,5807.2,5844.19
2025-05-13,5854.15,5886.55
2025-05-14,5896.74,5892.58
2025-05-15,5869.82,5916.93
2025-05-16,5929.09,5958.38
2025-05-19,5902.88,5963.6
2025-05-20,5944.66,5940.46
2025-05-21,5910.18,5844.61
2025-05-22,5841.26,5842.01
2025-05-23,5781.89,5802.82
2025-05-27,5854.07,5921.54
2025-05-28,5925.54,5888.55
2025-05-29,5939.96,5912.17
2025-05-30,5903.67,5911.69
2025-06-02,5896.68,5935.94
2025-06-03,5938.56,5970.37
2025-06-04,5978.94,5970.81
2025-06-05,5985.67,5939.3
2025-06-06,5987.06,6000.36
2025-06-09,6004.63,6005.88
2025-06-10,6009.91,6038.81
2025-06-11,6049.38,6022.24
2025-06-12,6009.9,6045.26
2025-06-13,6000.56,5976.97
2025-06-16,6004.0,6033.11
2025-06-17,6012.15,5982.72
2025-06-18,5987.93,5980.87
2025-06-20,5999.67,5967.84
2025-06-23,5969.67,6025.17
2025-06-24,6061.21,6092.18
2025-06-25,6104.23,6092.16
2025-06-26,6112.09,6141.02
2025-06-27,6150.7,6173.07
2025-06-30,6193.36,6204.95
2025-07-01,6187.25,6198.01
2025-07-02,6193.88,6227.42
2025-07-03,6246.46,6279.35
2025-07-07,6259.04,6229.98
2025-07-08,6234.03,6225.52
2025-07-09,6243.33,6263.26
2025-07-10,6266.8,6280.46
2025-07-11,6255.68,6259.75
2025-07-14,6255.15,6268.56
2025-07-15,6295.29,6243.76
2025-07-16,6254.5,6263.7
2025-07-17,6263.4,6297.36
2025-07-18,6312.95,6296.79
2025-07-21,6304.74,6305.6
2025-07-22,6306.6,6309.62
2025-07-23,6326.9,6358.91
2025-07-24,6368.6,6363.35
2025-07-25,6370.01,6388.64
2025-07-28,6397.69,6389.77
2025-07-29,6405.62,6370.86
2025-07-30,6381.23,6362.9
2025-07-31,6427.02,6339.39
2025-08-01,6287.28,6238.01
2025-08-04,6271.71,6329.94
2025-08-05,6336.63,6299.19
2025-08-06,6309.3,6345.06
2025-08-07,6374.32,6340.0
2025-08-08,6355.22,6389.45
2025-08-11,6389.67,6373.45
2025-08-12,6395.17,6445.76
2025-08-13,6462.67,6466.58
2025-08-14,6453.46,6468.54
2025-08-15,6477.38,6449.8
2025-08-18,6445.02,6449.15
2025-08-19,6446.24,6411.37
2025-08-20,6406.62,6395.78
2025-08-21,6380.83,6370.17
2025-08-22,6384.59,6466.91
2025-08-25,6457.67,6439.32
2025-08-26,6435.49,6465.94
2025-08-27,6462.26,6481.4
2025-08-28,6483.84,6501.86
2025-08-29,6489.28,6460.26
2025-09-02,6401.51,6415.54
2025-09-03,6445.82,6448.26
2025-09-04,6456.6,6502.08
2025-09-05,6529.08,6481.5
2025-09-08,6498.09,6495.15
2025-09-09,6503.33,6512.61
2025-09-10,6550.29,6532.04
2025-09-11,6554.41,6587.47
2025-09-12,6590.66,6584.29
2025-09-15,6603.49,6615.28
2025-09-16,6624.13,6606.76
2025-09-17,6604.87,6600.35
2025-09-18,6626.85,6631.96
2025-09-19,6647.11,6664.36
2025-09-22,6654.28,6693.75
2025-09-23,6692.44,6656.92
2025-09-24,6669.79,6637.97
2025-09-25,6608.19,6604.72
2025-09-26,6615.38,6643.7
2025-09-29,6661.58,6661.21
2025-09-30,6656.19,6688.46
2025-10-01,6664.92,6711.2
2025-10-02,6731.31,6715.35
2025-10-03,6722.14,6715.79
2025-10-06,6733.86,6740.28
2025-10-07,6746.14,6714.59
2025-10-08,6723.87,6753.72
2025-10-09,6760.5,6735.11
2025-10-10,6740.49,6552.51
2025-10-13,6622.53,6654.72
2025-10-14,6602.49,6644.31
2025-10-15,6688.27,6671.06
2025-10-16,6689.02,6629.07
2025-10-17,6613.27,6664.01
2025-10-20,6690.05,6735.13
2025-10-21,6736.75,6735.35
2025-10-22,6741.34,6699.4
2025-10-23,6703.65,6738.44
2025-10-24,6772.07,6791.69
2025-10-27,6845.46,6875.16
2025-10-28,6897.74,6890.89
2025-10-29,6910.95,6890.59
2025-10-30,6860.5,6822.34
2025-10-31,6879.17,6840.2
2025-11-03,6882.32,6851.97
2025-11-04,6788.52,6771.55
2025-11-05,6769.77,6796.29
2025-11-06,6787.59,6720.32
2025-11-07,6696.18,6728.8
2025-11-10,6785.36,6832.43
2025-11-11,6815.64,6846.61
2025-11-12,6867.77,6850.92
2025-11-13,6826.47,6737.49
2025-11-14,6672.14,6734.11
2025-11-17,6713.61,6672.41
2025-11-18,6641.19,6617.32
2025-11-19,6625.84,6642.16
2025-11-20,6737.93,6538.76
2025-11-21,6555.77,6602.99
2025-11-24,6636.54,6705.12
2025-11-25,6697.03,6765.88
2025-11-26,6793.55,6812.61
2025-11-28,6822.52,6849.09
2025-12-01,6812.3,6812.63
2025-12-02,6830.96,6829.37
2025-12-03,6815.29,6849.72
2025-12-04,6866.47,6857.12
2025-12-05,6866.32,6870.4
2025-12-08,6875.2,6846.51
2025-12-09,6840.61,6840.51
2025-12-10,6833.49,6886.68
2025-12-11,6861.3,6901.0
2025-12-12,6886.85,6827.41
2025-12-15,6860.19,6816.51
2025-12-16,6800.12,6800.26
2025-12-17,6802.88,6721.43
2025-12-18,6778.06,6774.76
2025-12-19,6792.62,6834.5
2025-12-22,6865.21,6878.49
2025-12-23,6872.41,6909.79
2025-12-24,6904.91,6932.05
2025-12-26,6936.02,6929.94
2025-12-29,6903.6,6905.74
2025-12-30,6900.44,6896.24
2025-12-31,6898.82,6845.5
2026-01-02,6878.11,6858.47
2026-01-05,6892.19,6902.05
2026-01-06,6908.03,6944.82
2026-01-07,6945.07,6920.93
2026-01-08,6914.11,6921.46
2026-01-09,6927.83,6966.28
2026-01-12,6944.12,6977.27
2026-01-13,6977.41,6963.74
2026-01-14,6937.41,6926.6
2026-01-15,6969.46,6944.47
2026-01-16,6960.54,6940.01
2026-01-20,6865.24,6796.86
2026-01-21,6810.71,6875.62
2026-01-22,6914.44,6913.35
2026-01-23,6907.85,6915.61
2026-01-26,6923.23,6950.23
2026-01-27,6965.96,6978.6
2026-01-28,7002.0,6978.03
2026-01-29,6977.74,6969.01
2026-01-30,6947.27,6939.03
2026-02-02,6916.64,6976.44
2026-02-03,6985.45,6917.81
2026-02-04,6924.5,6882.72
2026-02-05,6837.39,6798.4
2026-02-06,6816.74,6932.3
2026-02-09,6917.26,6964.82
2026-02-10,6974.49,6941.81
2026-02-11,6976.48,6941.47
2026-02-12,6957.54,6832.76
2026-02-13,6834.27,6836.17
2026-02-17,6819.86,6843.22
2026-02-18,6855.48,6881.31
2026-02-19,6861.34,6861.89
2026-02-20,6843.26,6909.51
2026-02-23,6901.25,6837.75
2026-02-24,6837.37,6890.07
2026-02-25,6915.15,6946.13
2026-02-26,6944.74,6908.86
2026-02-27,6856.54,6878.88
2026-03-02,6824.36,6881.62
2026-03-03,6800.26,6816.63
2026-03-04,6831.69,6869.5
2026-03-05,6851.08,6830.71
2026-03-06,6769.03,6740.02
2026-03-09,6699.8,6795.99
2026-03-10,6796.56,6781.48
2026-03-11,6790.09,6775.8
2026-03-12,6740.88,6672.62
2026-03-13,6673.49,6632.19
2026-03-16,6674.37,6699.38
2026-03-17,6722.35,6716.09
2026-03-18,6697.16,6624.7
2026-03-19,6583.12,6606.49
2026-03-20,6594.66,6506.48
2026-03-23,6574.96,6581.0
2026-03-24,6552.09,6556.37
2026-03-25,6598.35,6591.9
2026-03-26,6555.86,6477.16
2026-03-27,6453.89,6368.85
2026-03-30,6403.37,6343.72
2026-03-31,6395.88,6528.52
2026-04-01,6556.56,6575.32
2026-04-02,6512.61,6582.69
2026-04-06,6587.66,6611.83
2026-04-07,6601.93,6616.85
2026-04-08,6754.36,6782.81
2026-04-09,6783.69,6824.66
2026-04-10,6839.24,6816.89
2026-04-13,6806.47,6886.24
2026-04-14,6910.2,6967.38
2026-04-15,6978.17,7022.95
2026-04-16,7037.78,7041.28
2026-04-17,7074.55,7126.06
2026-04-20,7117.05,7109.14
2026-04-21,7122.64,7064.01
2026-04-22,7102.91,7137.9
2026-04-23,7118.8,7108.4
2026-04-24,7136.48,7165.08
2026-04-27,7152.72,7173.91
2026-04-28,7133.74,7138.8
2026-04-29,7131.61,7135.95
2026-04-30,7161.75,7209.01
2026-05-01,7234.54,7230.12
2026-05-04,7228.38,7200.75
2026-05-05,7233.62,7259.22
2026-05-06,7294.14,7365.12
2026-05-07,7376.78,7337.11
2026-05-08,7362.97,7398.93
2026-05-11,7385.31,7412.84
2026-05-12,7390.63,7400.96
2026-05-13,7409.12,7444.25
2026-05-14,7454.4,7501.24
2026-05-15,7445.11,7408.5
2026-05-18,7415.07,7403.05
2026-05-19,7372.448983573942,7353.610098664338
2026-05-20,7365.891819546266,7432.970400808326
2026-05-21,7407.463105989264,7445.720401152779
2026-05-22,7465.4771301910905,7473.47040190247
2026-05-26,7508.428098880915,7519.120303135743
2026-05-27,7522.641534810362,7520.360103169238
2026-05-28,7516.454305144454,7563.630104338215
2026-05-29,7575.937971313614,7580.060304782091
2026-06-01,7578.896546610565,7599.960205319705
2026-06-02,7592.000579275684,7609.780005584996
2026-06-03,7601.906343966327,7553.680404069415
2026-06-04,7513.175973018728,7584.310304896909
2026-06-05,7533.986555073857,7383.740399478334
2026-06-08,7437.239773476727,7405.730200072408
2026-06-09,7435.331028118082,7386.650099556942
2026-06-10,7347.25026630778,7266.990396324229
2026-06-11,7284.408303816888,7394.299999763611
2026-06-12,7407.5333745265025,7431.460200767528
2026-06-15,7513.3858790332415,7554.290204085889
2026-06-16,7545.4013440983645,7511.350302925829
2026-06-17,7521.1324105212525,7420.100300460629
2026-06-18,7484.0089325705585,7500.5803026348685
2026-06-22,7497.083078617421,7472.790201884094
2026-06-23,7363.212919024843,7365.460198984479
2026-06-24,7367.581063186876,7358.220398788888
2026-06-25,7401.596132928356,7357.490398769167
2026-06-26,7309.467383605777,7354.020198675416
2026-06-29,7388.571664638262,7440.430401009865
2026-06-30,7437.9396601022645,7499.360102601904
2026-07-01,7475.492645740751,7483.23020216614
2026-07-02,7491.785650542562,7483.240402166416
2026-07-06,7503.600260547096,7537.4304036304065
2026-07-07,7513.265832783989,7503.85030272321
2026-07-08,7473.19387501609,7482.710202152091
2026-07-09,7488.247234869328,7543.640303798173
2026-07-10,7544.262154171024,7575.390304655927
2026-07-13,7544.151903535782,7515.340003033614
2026-07-14,7533.327150322548,7543.590003796813
2026-07-15,7568.3314771238565,7572.400104575145
2026-07-16,7555.416859648025,7533.770203531523
2026-07-17,7444.186862915177,7457.6901014761515
2026-07-20,7485.828417895414,7443.28000108685
2026-07-21,7486.598073281964,7509.200402867748
2026-07-22,7494.11470770646,7498.9602025911
