date,open,close
2003-01-02,100.0,99.79
2003-01-03,99.88,99.88
2003-01-06,99.93,99.93
2003-01-07,99.97,99.97
2003-01-08,99.95,99.95
2003-01-09,99.99,99.99
2003-01-10,100.15,100.15
2003-01-13,100.21,100.21
2003-01-14,100.18,100.18
2003-01-15,100.21,100.21
2003-01-16,100.3,100.3
2003-01-17,100.3,100.3
2003-01-20,100.36,100.36
2003-01-21,100.4,100.4
2003-01-22,100.4,100.4
2003-01-23,100.43,100.43
2003-01-24,100.5,100.5
2003-01-27,100.52,100.52
2003-01-28,100.51,100.51
2003-01-29,100.62,100.62
2003-02-10,100.64,100.64
2003-02-11,100.64,100.64
2003-02-12,100.67,100.67
2003-02-13,100.65,100.65
2003-02-14,100.68,100.68
2003-02-17,100.66,100.66
2003-02-18,100.65,100.65
2003-02-19,100.6,100.6
2003-02-20,100.58,100.58
2003-02-21,100.64,100.64
2003-02-24,100.67,100.67
2003-02-25,100.67,100.68
2003-02-26,100.7,100.67
2003-02-27,100.68,100.7
2003-02-28,100.72,100.74
2003-03-03,100.76,100.74
2003-03-04,100.75,100.76
2003-03-05,100.77,100.79
2003-03-06,100.8,100.8
2003-03-07,100.81,100.84
2003-03-10,100.87,100.88
2003-03-11,100.89,100.86
2003-03-12,100.87,100.9
2003-03-13,100.9,100.91
2003-03-14,100.92,100.93
2003-03-17,100.96,100.96
2003-03-18,100.96,100.96
2003-03-19,100.95,100.99
2003-03-20,100.99,101.02
2003-03-21,101.04,101.06
2003-03-24,101.08,101.08
2003-03-25,101.09,101.04
2003-03-26,101.05,101.08
2003-03-27,101.11,101.1
2003-03-28,101.11,101.14
2003-03-31,101.16,101.1
2003-04-01,101.12,101.07
2003-04-02,101.08,101.03
2003-04-03,101.04,101.03
2003-04-04,101.04,101.07
2003-04-07,101.09,101.04
2003-04-08,101.04,101.07
2003-04-09,101.08,101.05
2003-04-10,101.06,101.05
2003-04-11,101.06,101.08
2003-04-14,101.09,101.08
2003-04-15,101.08,101.11
2003-04-16,101.12,101.16
2003-04-17,101.16,101.13
2003-04-18,101.12,101.1
2003-04-21,101.13,101.11
2003-04-22,101.12,101.13
2003-04-23,101.14,101.17
2003-04-24,101.18,101.16
2003-04-25,101.16,101.15
2003-04-28,101.17,101.17
2003-04-29,101.18,101.19
2003-04-30,101.2,101.27
2003-05-12,101.34,101.32
2003-05-13,101.32,101.35
2003-05-14,101.37,101.46
2003-05-15,101.47,101.51
2003-05-16,101.52,101.55
2003-05-19,101.58,101.63
2003-05-20,101.65,101.65
2003-05-21,101.63,101.64
2003-05-22,101.64,101.6
2003-05-23,101.61,101.65
2003-05-26,101.68,101.68
2003-05-27,101.68,101.7
2003-05-28,101.71,101.71
2003-05-29,101.71,101.71
2003-05-30,101.72,101.72
2003-06-02,101.75,101.75
2003-06-03,101.76,101.72
2003-06-04,101.73,101.7
2003-06-05,101.71,101.7
2003-06-06,101.71,101.73
2003-06-09,101.76,101.65
2003-06-10,101.66,101.71
2003-06-11,101.72,101.75
2003-06-12,101.75,101.77
2003-06-13,101.78,101.77
2003-06-16,101.77,101.69
2003-06-17,101.7,101.65
2003-06-18,101.66,101.7
2003-06-19,101.7,101.64
2003-06-20,101.65,101.65
2003-06-23,101.67,101.61
2003-06-24,101.61,101.59
2003-06-25,101.6,101.49
2003-06-26,101.5,101.38
2003-06-27,101.39,101.41
2003-06-30,101.44,101.53
2003-07-01,101.57,101.64
2003-07-02,101.66,101.64
2003-07-03,101.63,101.64
2003-07-04,101.65,101.72
2003-07-07,101.78,101.71
2003-07-08,101.71,101.76
2003-07-09,101.76,101.74
2003-07-10,101.75,101.73
2003-07-11,101.74,101.77
2003-07-14,101.8,101.76
2003-07-15,101.77,101.77
2003-07-16,101.78,101.8
2003-07-17,101.804,101.821
2003-07-18,101.83,101.78
2003-07-21,101.808,101.762
2003-07-22,101.755,101.77
2003-07-23,101.78,101.792
2003-07-24,101.355,101.798
2003-07-25,101.808,101.811
2003-07-28,101.841,101.802
2003-07-29,101.816,101.808
2003-07-30,101.817,101.808
2003-07-31,101.814,101.817
2003-08-01,101.826,101.857
2003-08-04,101.888,101.843
2003-08-05,101.858,101.849
2003-08-06,101.858,101.836
2003-08-07,101.843,101.812
2003-08-08,101.821,101.823
2003-08-11,101.85,101.611
2003-08-12,101.616,101.781
2003-08-13,101.79,101.73
2003-08-14,101.736,101.738
2003-08-15,101.75,101.747
2003-08-18,101.774,101.794
2003-08-19,101.804,101.816
2003-08-20,101.821,101.816
2003-08-21,101.826,101.734
2003-08-22,101.734,101.577
2003-08-25,101.523,101.473
2003-08-26,101.483,101.337
2003-08-27,101.346,101.387
2003-08-28,101.397,101.478
2003-08-29,101.49,101.528
2003-09-01,101.554,101.514
2003-09-02,101.527,101.49
2003-09-03,101.481,101.434
2003-09-04,101.389,101.295
2003-09-05,101.279,101.221
2003-09-08,101.247,101.284
2003-09-09,101.29,101.191
2003-09-10,101.168,101.188
2003-09-11,101.192,101.127
2003-09-12,101.137,101.1
2003-09-15,101.119,100.871
2003-09-16,100.851,100.719
2003-09-17,100.724,100.668
2003-09-18,100.674,100.759
2003-09-19,100.769,100.813
2003-09-22,100.841,100.479
2003-09-23,100.472,99.878
2003-09-24,99.873,99.346
2003-09-25,99.303,99.284
2003-09-26,99.305,99.281
2003-09-29,99.295,99.22
2003-09-30,99.228,99.324
2003-10-08,99.375,99.161
2003-10-09,99.175,99.025
2003-10-10,99.033,98.706
2003-10-13,98.734,98.282
2003-10-14,98.292,98.469
2003-10-15,98.487,98.142
2003-10-16,98.152,97.685
2003-10-17,97.678,97.329
2003-10-20,97.314,96.913
2003-10-21,96.915,97.372
2003-10-22,97.386,97.645
2003-10-23,97.641,97.779
2003-10-24,97.784,97.852
2003-10-27,97.879,97.676
2003-10-28,97.671,97.592
2003-10-29,97.599,97.575
2003-10-30,97.581,97.458
2003-10-31,97.467,97.608
2003-11-03,97.629,97.85
2003-11-04,97.863,98.082
2003-11-05,98.093,98.248
2003-11-06,98.258,98.326
2003-11-07,98.337,98.476
2003-11-10,98.505,98.309
2003-11-11,98.279,98.138
2003-11-12,98.147,98.063
2003-11-13,98.071,98.046
2003-11-14,98.047,98.005
2003-11-17,98.021,97.908
2003-11-18,97.912,97.953
2003-11-19,97.959,97.961
2003-11-20,97.969,97.932
2003-11-21,97.935,98.055
2003-11-24,98.07,97.712
2003-11-25,97.696,97.922
2003-11-26,97.878,97.957
2003-11-27,97.934,97.874
2003-11-28,97.883,97.86
2003-12-01,97.877,98.027
2003-12-02,98.037,98.075
2003-12-03,98.084,98.051
2003-12-04,98.061,98.027
2003-12-05,98.03,98.058
2003-12-08,98.154,98.044
2003-12-09,98.052,98.192
2003-12-10,98.19,98.318
2003-12-11,98.376,98.72
2003-12-12,98.709,98.655
2003-12-15,98.657,98.506
2003-12-16,98.511,98.714
2003-12-17,98.713,98.84
2003-12-18,98.849,98.96
2003-12-19,98.977,98.995
2003-12-22,99.017,99.027
2003-12-23,99.017,99.192
2003-12-24,99.198,99.38
2003-12-25,99.39,99.296
2003-12-26,99.289,99.213
2003-12-29,99.239,99.06
2003-12-30,99.066,99.192
2003-12-31,99.201,99.397
2004-01-02,99.391,99.217
2004-01-05,99.238,99.206
2004-01-06,99.196,99.072
2004-01-07,99.072,98.781
2004-01-08,98.777,98.847
2004-01-09,98.853,98.826
2004-01-12,98.852,98.885
2004-01-13,98.891,98.905
2004-01-14,98.919,99.071
2004-01-15,99.082,99.095
2004-01-16,99.097,99.142
2004-01-29,99.249,98.973
2004-01-30,98.977,98.986
2004-02-02,99.011,98.838
2004-02-03,98.849,98.826
2004-02-04,98.838,98.568
2004-02-05,98.58,98.496
2004-02-06,98.507,98.703
2004-02-09,98.733,98.733
2004-02-10,98.743,98.768
2004-02-11,98.786,98.894
2004-02-12,98.911,98.868
2004-02-13,98.88,98.885
2004-02-16,98.898,98.79
2004-02-17,98.797,98.772
2004-02-18,98.782,98.761
2004-02-19,98.766,98.698
2004-02-20,98.698,98.603
2004-02-23,98.623,98.63
2004-02-24,98.637,98.654
2004-02-25,98.65,98.317
2004-02-26,98.323,98.278
2004-02-27,98.271,98.377
2004-03-01,98.384,98.142
2004-03-02,98.149,98.009
2004-03-03,98.017,98.043
2004-03-04,98.062,98.053
2004-03-05,98.063,98.024
2004-03-08,98.032,97.915
2004-03-09,97.918,97.824
2004-03-10,97.834,97.858
2004-03-11,97.868,97.907
2004-03-12,97.902,98.088
2004-03-15,98.108,98.225
2004-03-16,98.227,98.322
2004-03-17,98.296,98.183
2004-03-18,98.192,98.157
2004-03-19,98.167,98.0
2004-03-22,98.012,97.818
2004-03-23,97.829,97.518
2004-03-24,97.538,97.387
2004-03-25,97.456,97.627
2004-03-26,97.637,97.549
2004-03-29,97.657,97.502
2004-03-30,97.498,97.794
2004-03-31,97.81,97.681
2004-04-01,97.691,97.623
2004-04-02,97.628,97.583
2004-04-05,97.605,97.494
2004-04-06,97.501,97.228
2004-04-07,97.232,97.123
2004-04-08,97.148,97.108
2004-04-09,97.117,97.144
2004-04-12,97.169,96.795
2004-04-13,96.811,96.614
2004-04-14,96.629,96.205
2004-04-15,96.203,95.574
2004-04-16,95.561,94.987
2004-04-19,94.968,93.922
2004-04-20,93.866,92.731
2004-04-21,92.705,92.955
2004-04-22,92.747,92.419
2004-04-23,92.417,92.398
2004-04-26,92.422,92.254
2004-04-27,92.263,92.508
2004-04-28,92.531,92.514
2004-04-29,92.521,91.24
2004-04-30,91.247,92.172
2004-05-10,92.234,91.906
2004-05-11,91.911,91.851
2004-05-12,91.868,92.152
2004-05-13,92.162,92.536
2004-05-14,92.546,92.4
2004-05-17,92.42,92.804
2004-05-18,92.806,93.223
2004-05-19,93.3,93.167
2004-05-20,93.182,93.062
2004-05-21,93.083,92.908
2004-05-24,92.864,93.205
2004-05-25,93.215,93.487
2004-05-26,93.495,93.963
2004-05-27,93.994,93.79
2004-05-28,93.792,93.74
2004-05-31,93.773,93.792
2004-06-01,93.821,93.978
2004-06-02,93.973,94.054
2004-06-03,94.064,94.204
2004-06-04,94.193,94.17
2004-06-07,94.203,94.07
2004-06-08,94.067,93.895
2004-06-09,93.902,93.712
2004-06-10,93.721,93.741
2004-06-11,93.763,93.84
2004-06-14,93.815,93.735
2004-06-15,93.753,93.866
2004-06-16,93.879,94.169
2004-06-17,94.182,94.149
2004-06-18,94.143,94.167
2004-06-21,94.206,94.294
2004-06-22,94.319,94.338
2004-06-23,94.36,94.553
2004-06-24,94.571,94.647
2004-06-25,94.678,94.546
2004-06-28,94.614,94.376
2004-06-29,94.382,94.317
2004-06-30,94.316,94.276
2004-07-01,94.284,94.16
2004-07-02,94.166,94.3
2004-07-05,94.333,94.437
2004-07-06,94.454,94.419
2004-07-07,94.429,94.449
2004-07-08,94.463,94.48
2004-07-09,94.49,94.492
2004-07-12,94.52,94.551
2004-07-13,94.56,94.554
2004-07-14,94.563,94.517
2004-07-15,94.515,94.471
2004-07-16,94.48,94.529
2004-07-19,94.557,94.615
2004-07-20,94.625,94.743
2004-07-21,94.753,94.749
2004-07-22,94.76,94.76
2004-07-23,94.759,94.766
2004-07-26,94.786,94.805
2004-07-27,94.816,94.855
2004-07-28,94.862,94.906
2004-07-29,94.916,94.903
2004-07-30,94.917,94.951
2004-08-02,94.984,94.992
2004-08-03,94.997,95.065
2004-08-04,95.075,95.071
2004-08-05,95.078,95.1
2004-08-06,95.096,95.128
2004-08-09,95.169,95.183
2004-08-10,95.181,95.217
2004-08-11,95.232,95.162
2004-08-12,95.168,94.88
2004-08-13,94.879,94.96
2004-08-16,94.974,94.912
2004-08-17,94.923,94.95
2004-08-18,94.961,94.943
2004-08-19,94.944,94.924
2004-08-20,94.933,94.826
2004-08-23,94.844,94.731
2004-08-24,94.739,94.469
2004-08-25,94.512,94.435
2004-08-26,94.456,94.507
2004-08-27,94.517,94.422
2004-08-30,94.452,94.307
2004-08-31,94.29,94.395
2004-09-01,94.392,94.382
2004-09-02,94.394,94.306
2004-09-03,94.328,94.307
2004-09-06,94.299,94.391
2004-09-07,94.397,94.373
2004-09-08,94.374,94.31
2004-09-09,94.314,94.231
2004-09-10,94.239,94.224
2004-09-13,94.26,94.132
2004-09-14,94.117,94.128
2004-09-15,94.139,94.144
2004-09-16,94.18,94.22
2004-09-17,94.231,94.259
2004-09-20,94.281,94.255
2004-09-21,94.254,94.405
2004-09-22,94.416,94.655
2004-09-23,94.661,94.81
2004-09-24,94.818,94.931
2004-09-27,94.974,94.964
2004-09-28,94.965,95.119
2004-09-29,95.129,95.089
2004-09-30,95.101,95.139
2004-10-08,95.215,95.205
2004-10-11,95.232,95.451
2004-10-12,95.457,95.585
2004-10-13,95.596,95.787
2004-10-14,95.784,95.663
2004-10-15,95.673,95.733
2004-10-18,95.759,95.905
2004-10-19,95.919,95.94
2004-10-20,95.939,95.982
2004-10-21,95.993,95.903
2004-10-22,95.912,95.898
2004-10-25,95.929,95.862
2004-10-26,95.867,95.872
2004-10-27,95.876,95.928
2004-10-28,95.939,95.971
2004-10-29,95.149,95.169
2004-11-01,95.128,94.914
2004-11-02,94.906,94.799
2004-11-03,94.822,94.861
2004-11-04,94.87,94.919
2004-11-05,94.931,94.867
2004-11-08,94.893,94.829
2004-11-09,94.823,94.871
2004-11-10,94.889,94.827
2004-11-11,94.833,94.739
2004-11-12,94.747,94.852
2004-11-15,94.884,94.907
2004-11-16,94.918,94.931
2004-11-17,94.911,94.905
2004-11-18,94.914,94.826
2004-11-19,94.816,94.772
2004-11-22,94.8,94.706
2004-11-23,94.714,94.674
2004-11-24,94.683,94.813
2004-11-25,94.825,94.891
2004-11-26,94.883,94.921
2004-11-29,94.944,95.001
2004-11-30,95.073,95.088
2004-12-01,95.098,95.138
2004-12-02,95.149,95.24
2004-12-03,95.254,95.373
2004-12-06,95.405,95.3
2004-12-07,95.31,95.272
2004-12-08,95.282,95.488
2004-12-09,95.502,95.632
2004-12-10,95.633,95.707
2004-12-13,95.665,95.712
2004-12-14,95.714,95.649
2004-12-15,95.653,95.561
2004-12-16,95.571,95.54
2004-12-17,95.36,95.545
2004-12-20,95.506,95.514
2004-12-21,95.519,95.49
2004-12-22,95.505,95.6
2004-12-23,95.61,95.55
2004-12-24,95.565,95.473
2004-12-27,95.505,95.474
2004-12-28,95.482,95.454
2004-12-29,95.486,95.64
2004-12-30,95.651,95.649
2004-12-31,95.687,95.611
2005-01-04,95.642,95.689
2005-01-05,95.699,95.848
2005-01-06,95.855,96.036
2005-01-07,96.039,96.142
2005-01-10,96.146,96.304
2005-01-11,96.315,96.332
2005-01-12,96.339,96.324
2005-01-13,96.192,96.337
2005-01-14,96.343,96.451
2005-01-17,96.487,96.659
2005-01-18,96.663,96.687
2005-01-19,96.697,96.69
2005-01-20,96.704,96.624
2005-01-21,96.636,96.729
2005-01-24,96.747,96.819
2005-01-25,96.829,97.013
2005-01-26,97.024,97.285
2005-01-27,97.304,97.165
2005-01-28,97.144,97.182
2005-01-31,97.21,97.28
2005-02-01,97.291,97.4
2005-02-02,97.407,97.326
2005-02-03,97.329,97.41
2005-02-04,97.415,97.598
2005-02-16,97.716,97.629
2005-02-17,97.631,97.804
2005-02-18,97.814,97.988
2005-02-21,98.021,97.951
2005-02-22,97.946,97.947
2005-02-23,98.177,97.994
2005-02-24,97.998,98.004
2005-02-25,98.042,98.451
2005-02-28,98.483,98.687
2005-03-01,98.681,98.626
2005-03-02,98.637,98.457
2005-03-03,98.471,98.321
2005-03-04,98.324,98.422
2005-03-07,98.451,98.527
2005-03-08,98.537,98.681
2005-03-09,98.777,98.599
2005-03-10,98.581,98.669
2005-03-11,98.678,98.85
2005-03-14,98.868,99.121
2005-03-15,99.13,99.454
2005-03-16,99.472,99.477
2005-03-17,99.499,100.07
2005-03-18,100.089,100.213
2005-03-21,100.229,100.025
2005-03-22,99.991,100.024
2005-03-23,99.994,99.862
2005-03-24,99.87,99.941
2005-03-25,99.919,99.97
2005-03-28,100.001,100.026
2005-03-29,100.033,100.19
2005-03-30,100.201,100.219
2005-03-31,100.232,100.186
2005-04-01,100.197,100.208
2005-04-04,100.239,100.252
2005-04-05,100.259,100.361
2005-04-06,100.37,100.554
2005-04-07,100.561,100.688
2005-04-08,100.702,100.875
2005-04-11,100.901,101.08
2005-04-12,101.061,101.45
2005-04-13,101.459,101.483
2005-04-14,101.522,101.732
2005-04-15,101.741,101.812
2005-04-18,101.843,101.716
2005-04-19,101.712,101.737
2005-04-20,101.743,101.791
2005-04-21,101.797,101.535
2005-04-22,101.523,101.193
2005-04-25,101.166,101.599
2005-04-26,101.617,101.888
2005-04-27,101.894,101.81
2005-04-28,101.811,101.821
2005-04-29,101.829,101.879
2005-05-09,101.948,101.78
2005-05-10,101.789,101.89
2005-05-11,101.905,102.101
2005-05-12,102.118,102.212
2005-05-13,102.22,102.47
2005-05-16,102.521,102.642
2005-05-17,102.658,102.653
2005-05-18,102.609,102.948
2005-05-19,102.962,103.076
2005-05-20,103.065,103.286
2005-05-23,103.32,103.606
2005-05-24,103.617,103.477
2005-05-25,103.48,103.522
2005-05-26,103.529,103.567
2005-05-27,103.577,103.411
2005-05-30,103.434,103.113
2005-05-31,103.116,103.159
2005-06-01,103.169,103.403
2005-06-02,103.416,103.5
2005-06-03,103.51,103.502
2005-06-06,103.536,103.626
2005-06-07,103.636,103.734
2005-06-08,103.738,103.816
2005-06-09,103.824,103.911
2005-06-10,103.921,104.19
2005-06-13,104.208,104.561
2005-06-14,104.509,104.766
2005-06-15,104.739,105.021
2005-06-16,105.033,105.103
2005-06-17,105.108,105.385
2005-06-20,105.441,105.262
2005-06-21,105.23,105.27
2005-06-22,105.276,105.425
2005-06-23,105.437,105.39
2005-06-24,105.408,105.353
2005-06-27,105.374,105.236
2005-06-28,105.137,105.275
2005-06-29,105.282,105.359
2005-06-30,105.375,105.347
2005-07-01,105.355,105.336
2005-07-04,105.367,105.402
2005-07-05,105.412,105.57
2005-07-06,105.587,105.829
2005-07-07,105.845,106.062
2005-07-08,106.077,106.319
2005-07-11,106.352,106.311
2005-07-12,106.316,106.467
2005-07-13,106.473,106.633
2005-07-14,106.605,106.685
2005-07-15,106.695,106.714
2005-07-18,106.742,106.668
2005-07-19,106.675,106.589
2005-07-20,106.6,106.7
2005-07-21,106.71,106.702
2005-07-22,106.691,106.705
2005-07-25,106.72,107.083
2005-07-26,107.103,107.2
2005-07-27,107.21,107.398
2005-07-28,107.41,107.409
2005-07-29,107.419,107.456
2005-08-01,107.482,107.482
2005-08-02,107.49,107.549
2005-08-03,107.549,107.442
2005-08-04,107.442,107.202
2005-08-05,107.22,107.332
2005-08-08,107.357,107.21
2005-08-09,107.215,107.207
2005-08-10,107.2,107.203
2005-08-11,107.207,106.889
2005-08-12,106.889,106.954
2005-08-15,106.982,107.075
2005-08-16,107.014,107.069
2005-08-17,107.078,107.068
2005-08-18,107.076,107.081
2005-08-19,107.088,107.205
2005-08-22,107.078,107.341
2005-08-23,107.348,107.53
2005-08-24,107.542,107.489
2005-08-25,107.495,107.533
2005-08-26,107.534,107.54
2005-08-29,107.568,107.469
2005-08-30,107.478,107.503
2005-08-31,107.496,107.516
2005-09-01,107.525,107.417
2005-09-02,107.426,107.381
2005-09-05,107.393,107.349
2005-09-06,107.357,107.405
2005-09-07,107.415,107.467
2005-09-08,107.48,107.526
2005-09-09,107.535,107.56
2005-09-12,107.592,107.605
2005-09-13,107.61,107.643
2005-09-14,107.654,107.687
2005-09-15,107.695,107.856
2005-09-16,107.874,108.018
2005-09-19,108.054,108.096
2005-09-20,108.074,108.192
2005-09-21,108.201,108.199
2005-09-22,108.193,108.251
2005-09-23,108.264,108.232
2005-09-26,108.261,108.333
2005-09-27,108.343,108.469
2005-09-28,108.479,108.622
2005-09-29,108.632,108.65
2005-09-30,108.659,108.699
2005-10-10,108.756,108.707
2005-10-11,108.717,108.907
2005-10-12,108.914,109.049
2005-10-13,109.058,109.327
2005-10-14,109.325,109.353
2005-10-17,109.373,109.474
2005-10-18,109.468,109.543
2005-10-19,109.545,109.651
2005-10-20,109.653,109.708
2005-10-21,109.715,109.517
2005-10-24,109.541,109.368
2005-10-25,109.305,109.42
2005-10-26,109.429,109.346
2005-10-27,109.346,109.058
2005-10-28,109.065,108.599
2005-10-31,108.621,108.22
2005-11-01,108.232,108.393
2005-11-02,108.401,108.484
2005-11-03,108.495,108.494
2005-11-04,108.505,108.376
2005-11-07,108.408,108.223
2005-11-08,108.231,107.809
2005-11-09,107.789,107.243
2005-11-10,107.221,107.13
2005-11-11,107.119,107.093
2005-11-14,107.127,107.461
2005-11-15,107.471,107.509
2005-11-16,107.518,107.536
2005-11-17,107.532,107.425
2005-11-18,107.435,107.154
2005-11-21,107.183,107.069
2005-11-22,107.085,107.201
2005-11-23,107.208,107.289
2005-11-24,107.357,107.354
2005-11-25,107.361,107.311
2005-11-28,107.342,107.33
2005-11-29,107.34,107.36
2005-11-30,107.352,107.35
2005-12-01,107.365,107.35
2005-12-02,107.235,107.455
2005-12-05,107.484,107.658
2005-12-06,107.669,107.78
2005-12-07,107.791,108.015
2005-12-08,108.028,108.15
2005-12-09,108.165,108.208
2005-12-12,108.234,108.409
2005-12-13,108.42,108.609
2005-12-14,108.62,108.553
2005-12-15,108.563,108.634
2005-12-16,108.643,108.782
2005-12-19,108.799,108.825
2005-12-20,108.834,108.762
2005-12-21,108.77,108.655
2005-12-22,108.658,108.766
2005-12-23,108.776,108.924
2005-12-26,108.941,109.05
2005-12-27,109.054,109.03
2005-12-28,109.043,109.069
2005-12-29,109.165,109.062
2005-12-30,109.071,109.057
2006-01-04,109.107,109.187
2006-01-05,109.195,109.339
2006-01-06,109.351,109.553
2006-01-09,109.361,109.628
2006-01-10,109.625,109.729
2006-01-11,109.702,109.809
2006-01-12,109.816,109.809
2006-01-13,109.816,109.879
2006-01-16,109.884,109.912
2006-01-17,109.917,110.055
2006-01-18,110.105,110.218
2006-01-19,110.228,110.141
2006-01-20,110.143,110.127
2006-01-23,110.109,109.885
2006-01-24,109.886,109.959
2006-01-25,109.973,110.075
2006-02-06,110.179,110.138
2006-02-07,110.145,110.19
2006-02-08,110.2,110.141
2006-02-09,110.144,110.096
2006-02-10,110.105,110.212
2006-02-13,110.242,110.186
2006-02-14,110.192,110.216
2006-02-15,110.228,110.271
2006-02-16,110.281,110.205
2006-02-17,110.198,110.196
2006-02-20,110.192,110.192
2006-02-21,110.203,110.068
2006-02-22,110.071,110.004
2006-02-23,110.046,110.045
2006-02-24,110.055,110.109
2006-02-27,110.142,110.152
2006-02-28,110.163,110.124
2006-03-01,110.137,110.17
2006-03-02,110.174,110.235
2006-03-03,110.249,110.265
2006-03-06,110.296,110.335
2006-03-07,110.322,110.34
2006-03-08,110.331,110.345
2006-03-09,110.34,110.37
2006-03-10,110.372,110.391
2006-03-13,110.423,110.389
2006-03-14,110.398,110.319
2006-03-15,110.331,110.342
2006-03-16,110.351,110.353
2006-03-17,110.36,110.39
2006-03-20,110.42,110.371
2006-03-21,110.381,110.299
2006-03-22,110.306,109.994
2006-03-23,110.003,110.071
2006-03-24,110.077,109.962
2006-03-27,109.995,109.961
2006-03-28,109.97,110.001
2006-03-29,110.006,110.04
2006-03-30,110.049,110.087
2006-03-31,110.091,110.107
2006-04-03,110.13,110.066
2006-04-04,110.072,110.019
2006-04-05,110.028,110.04
2006-04-06,110.05,110.08
2006-04-07,110.09,110.125
2006-04-10,110.152,110.075
2006-04-11,110.082,109.962
2006-04-12,109.969,109.87
2006-04-13,109.878,109.81
2006-04-14,109.818,109.793
2006-04-17,109.822,109.609
2006-04-18,109.609,109.582
2006-04-19,109.59,109.618
2006-04-20,109.61,109.63
2006-04-21,109.66,109.646
2006-04-24,109.667,109.541
2006-04-25,109.538,109.525
2006-04-26,109.534,109.626
2006-04-27,109.642,109.721
2006-04-28,109.717,109.86
2006-05-08,109.939,109.99
2006-05-09,109.46,110.11
2006-05-10,110.141,110.195
2006-05-11,110.17,110.169
2006-05-12,110.17,110.176
2006-05-15,110.182,110.039
2006-05-16,110.039,110.089
2006-05-17,110.102,110.189
2006-05-18,110.194,110.172
2006-05-19,110.202,110.205
2006-05-22,110.249,110.217
2006-05-23,110.278,110.203
2006-05-24,110.193,110.226
2006-05-25,110.23,110.262
2006-05-26,110.275,110.28
2006-05-29,110.306,110.256
2006-05-30,110.256,110.281
2006-05-31,110.291,110.25
2006-06-01,110.255,110.237
2006-06-02,110.258,109.963
2006-06-05,109.975,109.89
2006-06-06,109.893,109.776
2006-06-07,109.784,109.539
2006-06-08,109.545,109.547
2006-06-09,109.556,109.558
2006-06-12,109.587,109.62
2006-06-13,109.629,109.458
2006-06-14,109.467,109.466
2006-06-15,109.483,109.557
2006-06-16,109.566,109.649
2006-06-19,109.635,109.462
2006-06-20,109.471,109.46
2006-06-21,109.469,109.435
2006-06-22,109.441,109.361
2006-06-23,109.357,109.383
2006-06-26,109.408,109.387
2006-06-27,109.397,109.457
2006-06-28,109.464,109.522
2006-06-29,109.535,109.519
2006-06-30,109.528,109.641
2006-07-03,109.664,109.588
2006-07-04,109.592,109.603
2006-07-05,109.612,109.522
2006-07-06,109.519,109.467
2006-07-07,109.473,109.552
2006-07-10,109.579,109.632
2006-07-11,109.632,109.676
2006-07-12,109.684,109.722
2006-07-13,109.716,109.712
2006-07-14,109.73,109.597
2006-07-17,109.601,109.626
2006-07-18,109.636,109.544
2006-07-19,109.554,109.554
2006-07-20,109.559,109.482
2006-07-21,109.492,109.447
2006-07-24,109.474,109.237
2006-07-25,109.245,109.321
2006-07-26,109.329,109.361
2006-07-27,109.37,109.45
2006-07-28,109.459,109.462
2006-07-31,109.486,109.465
2006-08-01,109.471,109.487
2006-08-02,109.496,109.562
2006-08-03,109.57,109.607
2006-08-04,109.617,109.618
2006-08-07,109.646,109.591
2006-08-08,109.601,109.621
2006-08-09,109.631,109.674
2006-08-10,109.684,109.83
2006-08-11,109.839,109.874
2006-08-14,109.903,109.874
2006-08-15,109.881,109.91
2006-08-16,109.92,110.106
2006-08-17,110.116,110.121
2006-08-18,110.13,110.196
2006-08-21,110.029,109.859
2006-08-22,109.868,109.994
2006-08-23,110.005,110.063
2006-08-24,110.06,110.074
2006-08-25,110.084,110.056
2006-08-28,110.082,109.995
2006-08-29,110.005,109.999
2006-08-30,110.004,110.046
2006-08-31,110.064,110.096
2006-09-01,110.105,110.07
2006-09-04,110.099,110.093
2006-09-05,110.103,110.123
2006-09-06,110.131,110.175
2006-09-07,110.186,110.174
2006-09-08,110.183,110.224
2006-09-11,110.248,110.245
2006-09-12,110.257,110.3
2006-09-13,110.309,110.306
2006-09-14,110.326,110.346
2006-09-15,110.356,110.389
2006-09-18,110.416,110.459
2006-09-19,110.469,110.554
2006-09-20,110.568,110.635
2006-09-21,110.644,110.696
2006-09-22,110.706,110.72
2006-09-25,110.743,110.734
2006-09-26,110.74,110.778
2006-09-27,110.785,110.813
2006-09-28,110.821,110.962
2006-09-29,110.979,111.024
2006-10-09,111.115,111.064
2006-10-10,111.073,111.071
2006-10-11,111.081,111.148
2006-10-12,111.155,111.166
2006-10-13,111.176,111.241
2006-10-16,111.272,111.256
2006-10-17,111.264,111.354
2006-10-18,111.363,111.39
2006-10-19,111.4,111.445
2006-10-20,111.447,111.488
2006-10-23,111.513,111.469
2006-10-24,111.479,111.524
2006-10-25,111.551,111.549
2006-10-26,111.55,111.602
2006-10-27,111.618,111.54
2006-10-30,111.567,111.526
2006-10-31,111.532,111.528
2006-11-01,111.537,111.478
2006-11-02,111.487,111.513
2006-11-03,111.523,111.547
2006-11-06,111.566,111.497
2006-11-07,111.504,111.446
2006-11-08,111.455,111.437
2006-11-09,111.446,111.535
2006-11-10,111.543,111.586
2006-11-13,111.612,111.603
2006-11-14,111.62,111.583
2006-11-15,111.597,111.566
2006-11-16,111.574,111.575
2006-11-17,111.584,111.595
2006-11-20,111.625,111.503
2006-11-21,111.513,111.473
2006-11-22,111.482,111.482
2006-11-23,111.488,111.444
2006-11-24,111.453,111.433
2006-11-27,111.461,111.357
2006-11-28,111.091,111.428
2006-11-29,111.438,111.455
2006-11-30,111.461,111.518
2006-12-01,111.528,111.54
2006-12-04,111.567,111.542
2006-12-05,111.549,111.489
2006-12-06,111.498,111.438
2006-12-07,111.442,111.263
2006-12-08,111.271,111.164
2006-12-11,111.192,111.271
2006-12-12,111.283,111.265
2006-12-13,111.273,111.267
2006-12-14,111.277,111.229
2006-12-15,111.24,111.286
2006-12-18,111.312,111.26
2006-12-19,111.269,111.256
2006-12-20,111.265,111.273
2006-12-21,111.282,111.247
2006-12-22,111.254,111.3
2006-12-25,111.328,111.278
2006-12-26,111.288,111.215
2006-12-27,111.224,111.229
2006-12-28,111.238,111.298
2006-12-29,111.308,111.39
2007-01-04,111.447,111.392
2007-01-05,111.401,111.434
2007-01-08,111.439,111.437
2007-01-09,111.446,111.468
2007-01-10,111.478,111.528
2007-01-11,111.537,111.552
2007-01-12,111.562,111.47
2007-01-15,111.498,111.522
2007-01-16,111.527,111.613
2007-01-17,111.623,111.61
2007-01-18,111.618,111.621
2007-01-19,111.631,111.651
2007-01-22,111.667,111.706
2007-01-23,111.71,111.678
2007-01-24,111.684,111.69
2007-01-25,111.697,111.672
2007-01-26,111.669,111.645
2007-01-29,111.668,111.809
2007-01-30,111.818,111.807
2007-01-31,111.816,111.777
2007-02-01,111.787,111.75
2007-02-02,111.755,111.702
2007-02-05,111.726,111.727
2007-02-06,111.736,111.674
2007-02-07,111.672,111.715
2007-02-08,111.723,111.653
2007-02-09,111.662,111.716
2007-02-12,111.735,111.637
2007-02-13,111.646,111.551
2007-02-14,111.562,111.603
2007-02-15,111.612,111.68
2007-02-16,111.692,111.774
2007-02-26,111.843,111.807
2007-02-27,111.81,111.718
2007-02-28,111.719,111.715
2007-03-01,111.723,111.746
2007-03-02,111.756,111.801
2007-03-05,111.829,111.866
2007-03-06,111.876,111.879
2007-03-07,111.888,111.869
2007-03-08,111.879,111.879
2007-03-09,111.888,111.924
2007-03-12,111.954,111.947
2007-03-13,111.952,111.919
2007-03-14,111.929,111.868
2007-03-15,111.877,111.802
2007-03-16,111.8,111.833
2007-03-19,111.834,111.766
2007-03-20,111.763,111.786
2007-03-21,111.795,111.785
2007-03-22,111.792,111.742
2007-03-23,111.75,111.757
2007-03-26,111.789,111.698
2007-03-27,111.708,111.707
2007-03-28,111.716,111.701
2007-03-29,111.712,111.687
2007-03-30,111.696,111.727
2007-04-02,111.756,111.817
2007-04-03,111.824,111.852
2007-04-04,111.846,111.862
2007-04-05,111.873,111.838
2007-04-06,111.847,111.809
2007-04-09,111.814,111.681
2007-04-10,111.69,111.603
2007-04-11,111.61,111.557
2007-04-12,111.568,111.541
2007-04-13,111.549,111.576
2007-04-16,111.605,111.561
2007-04-17,111.569,111.494
2007-04-18,111.5,111.199
2007-04-19,111.203,111.14
2007-04-20,111.136,110.991
2007-04-23,111.031,111.016
2007-04-24,111.025,111.2
2007-04-25,111.21,111.122
2007-04-26,111.128,111.177
2007-04-27,111.188,111.22
2007-04-30,111.248,111.413
2007-05-08,111.475,111.416
2007-05-09,111.406,111.269
2007-05-10,111.256,111.265
2007-05-11,111.271,111.29
2007-05-14,111.316,111.241
2007-05-15,111.238,111.164
2007-05-16,111.171,111.164
2007-05-17,111.174,111.16
2007-05-18,111.149,111.214
2007-05-21,111.238,111.0
2007-05-22,111.006,110.879
2007-05-23,110.88,110.765
2007-05-24,110.774,110.596
2007-05-25,110.601,110.667
2007-05-28,110.695,110.705
2007-05-29,110.715,110.709
2007-05-30,110.75,110.734
2007-05-31,110.743,110.651
2007-06-01,110.659,110.623
2007-06-04,110.654,110.494
2007-06-05,110.512,110.394
2007-06-06,110.405,110.394
2007-06-07,110.42,110.378
2007-06-08,110.387,110.439
2007-06-11,110.468,110.374
2007-06-12,110.378,110.303
2007-06-13,110.315,110.285
2007-06-14,110.292,110.099
2007-06-15,110.104,109.918
2007-06-18,109.921,109.832
2007-06-19,109.84,109.791
2007-06-20,109.802,109.804
2007-06-21,109.81,109.818
2007-06-22,109.824,109.781
2007-06-25,109.804,109.771
2007-06-26,109.759,109.724
2007-06-27,109.733,109.628
2007-06-28,109.632,109.674
2007-06-29,109.681,109.59
2007-07-02,109.621,109.776
2007-07-03,109.783,109.854
2007-07-04,109.864,109.849
2007-07-05,109.864,109.877
2007-07-06,109.886,109.945
2007-07-09,109.975,110.0
2007-07-10,109.995,109.95
2007-07-11,109.96,109.948
2007-07-12,109.958,109.925
2007-07-13,109.935,109.901
2007-07-16,109.93,109.928
2007-07-17,109.926,109.931
2007-07-18,109.94,109.971
2007-07-19,109.981,109.955
2007-07-20,109.965,110.016
2007-07-23,110.02,109.723
2007-07-24,109.728,109.693
2007-07-25,109.703,109.713
2007-07-26,109.721,109.773
2007-07-27,109.78,109.801
2007-07-30,109.83,109.982
2007-07-31,109.998,109.878
2007-08-01,109.888,109.953
2007-08-02,109.963,109.915
2007-08-03,109.921,109.953
2007-08-06,109.984,109.973
2007-08-07,109.982,109.999
2007-08-08,110.009,109.962
2007-08-09,109.967,109.999
2007-08-10,110.009,109.958
2007-08-13,109.979,109.916
2007-08-14,109.926,109.957
2007-08-15,109.571,109.954
2007-08-16,109.965,109.979
2007-08-17,109.99,110.032
2007-08-20,110.061,110.207
2007-08-21,110.218,110.286
2007-08-22,110.258,110.191
2007-08-23,110.201,110.296
2007-08-24,110.303,110.307
2007-08-27,110.334,110.321
2007-08-28,110.331,110.305
2007-08-29,110.315,110.265
2007-08-30,110.274,110.278
2007-08-31,110.288,110.298
2007-09-03,110.329,110.264
2007-09-04,110.271,110.221
2007-09-05,110.229,110.207
2007-09-06,110.217,110.288
2007-09-07,110.294,110.291
2007-09-10,110.316,110.287
2007-09-11,110.296,109.985
2007-09-12,109.992,110.013
2007-09-13,110.023,109.919
2007-09-14,109.938,109.878
2007-09-17,109.906,109.713
2007-09-18,109.723,109.826
2007-09-19,109.836,109.756
2007-09-20,109.759,109.761
2007-09-21,109.771,109.606
2007-09-24,109.629,109.585
2007-09-25,109.627,109.428
2007-09-26,109.438,109.547
2007-09-27,109.554,109.606
2007-09-28,109.62,109.877
2007-10-08,109.97,109.858
2007-10-09,109.868,109.9
2007-10-10,109.91,109.871
2007-10-11,109.881,110.11
2007-10-12,110.12,110.094
2007-10-15,110.124,110.041
2007-10-16,110.051,109.966
2007-10-17,109.976,109.997
2007-10-18,110.005,109.943
2007-10-19,109.951,109.869
2007-10-22,109.881,109.729
2007-10-23,109.739,109.726
2007-10-24,109.737,109.694
2007-10-25,109.704,109.659
2007-10-26,109.662,109.604
2007-10-29,109.634,109.803
2007-10-30,109.813,109.923
2007-10-31,109.934,109.948
2007-11-01,109.954,109.982
2007-11-02,109.99,109.889
2007-11-05,109.919,109.968
2007-11-06,109.978,110.088
2007-11-07,110.101,110.06
2007-11-08,110.07,110.064
2007-11-09,110.074,110.042
2007-11-12,110.072,110.147
2007-11-13,110.157,110.097
2007-11-14,110.104,110.105
2007-11-15,110.114,110.021
2007-11-16,110.033,109.981
2007-11-19,110.006,110.085
2007-11-20,110.096,110.081
2007-11-21,110.095,110.054
2007-11-22,110.099,110.077
2007-11-23,110.088,110.06
2007-11-26,110.089,110.214
2007-11-27,110.247,110.123
2007-11-28,110.11,110.079
2007-11-29,110.089,110.234
2007-11-30,110.244,110.173
2007-12-03,110.353,110.141
2007-12-04,110.152,110.113
2007-12-05,110.048,110.185
2007-12-06,110.195,110.162
2007-12-07,110.172,110.192
2007-12-10,110.222,110.165
2007-12-11,110.173,110.212
2007-12-12,110.222,110.184
2007-12-13,110.193,110.21
2007-12-14,110.22,110.115
2007-12-17,110.145,110.15
2007-12-18,110.16,110.166
2007-12-19,110.174,110.293
2007-12-20,110.303,110.328
2007-12-21,110.331,110.471
2007-12-24,110.501,110.559
2007-12-25,110.567,110.675
2007-12-26,110.685,110.801
2007-12-27,110.812,110.856
2007-12-28,110.866,110.873
2008-01-02,110.918,110.782
2008-01-03,110.792,110.795
2008-01-04,110.805,110.784
2008-01-07,110.815,110.841
2008-01-08,110.852,110.855
2008-01-09,110.865,110.873
2008-01-10,110.883,110.948
2008-01-11,110.958,111.046
2008-01-14,111.076,111.119
2008-01-15,111.129,111.275
2008-01-16,111.409,111.303
2008-01-17,111.313,111.19
2008-01-18,111.202,111.213
2008-01-21,111.243,111.211
2008-01-22,111.221,111.235
2008-01-23,111.245,111.387
2008-01-24,111.392,111.505
2008-01-25,111.515,111.527
2008-01-28,111.558,111.596
2008-01-29,111.596,111.736
2008-01-30,111.746,111.968
2008-01-31,111.98,112.092
2008-02-01,112.1,112.379
2008-02-04,112.41,112.377
2008-02-05,112.36,112.694
2008-02-13,112.777,112.745
2008-02-14,112.757,112.568
2008-02-15,112.564,112.541
2008-02-18,112.571,112.468
2008-02-19,112.476,112.388
2008-02-20,112.395,112.359
2008-02-21,112.369,112.373
2008-02-22,112.383,112.379
2008-02-25,112.408,112.404
2008-02-26,112.418,112.46
2008-02-27,112.463,112.395
2008-02-28,112.408,112.409
2008-02-29,112.409,112.446
2008-03-03,112.477,112.464
2008-03-04,112.474,112.445
2008-03-05,112.454,112.391
2008-03-06,112.401,112.411
2008-03-07,112.421,112.399
2008-03-10,112.425,112.466
2008-03-11,112.476,112.453
2008-03-12,112.463,112.59
2008-03-13,112.6,112.515
2008-03-14,112.525,112.52
2008-03-17,112.55,112.538
2008-03-18,112.549,112.576
2008-03-19,112.586,112.605
2008-03-20,112.615,112.685
2008-03-21,112.695,112.818
2008-03-24,112.849,113.097
2008-03-25,113.107,113.149
2008-03-26,113.153,113.196
2008-03-27,113.206,113.08
2008-03-28,113.09,113.079
2008-03-31,113.107,113.104
2008-04-01,113.114,113.05
2008-04-02,113.06,113.054
2008-04-03,113.064,113.09
2008-04-07,113.129,113.029
2008-04-08,113.039,113.01
2008-04-09,113.017,112.975
2008-04-10,112.983,112.971
2008-04-11,112.981,113.001
2008-04-14,113.032,113.023
2008-04-15,113.033,113.052
2008-04-16,113.06,113.089
2008-04-17,113.099,113.127
2008-04-18,113.137,113.077
2008-04-21,113.095,113.055
2008-04-22,113.065,113.098
2008-04-23,113.108,113.097
2008-04-24,113.054,113.125
2008-04-25,113.131,113.173
2008-04-28,113.216,113.176
2008-04-29,113.186,113.197
2008-04-30,113.207,113.186
2008-05-05,113.237,113.469
2008-05-06,113.479,113.475
2008-05-07,113.485,113.318
2008-05-08,113.328,113.22
2008-05-09,113.23,113.272
2008-05-12,113.309,113.315
2008-05-13,113.325,113.41
2008-05-14,113.421,113.353
2008-05-15,113.364,113.319
2008-05-16,113.329,113.329
2008-05-19,113.36,113.348
2008-05-20,113.359,113.33
2008-05-21,113.34,113.366
2008-05-22,113.376,113.399
2008-05-23,113.412,113.371
2008-05-26,113.415,113.398
2008-05-27,113.409,113.399
2008-05-28,113.409,113.405
2008-05-29,113.43,113.447
2008-05-30,113.457,113.517
2008-06-02,113.548,113.561
2008-06-03,113.571,113.519
2008-06-04,113.529,113.527
2008-06-05,113.537,113.506
2008-06-06,113.512,113.502
2008-06-10,113.543,113.411
2008-06-11,113.421,113.385
2008-06-12,113.397,113.4
2008-06-13,113.41,113.402
2008-06-16,113.432,113.496
2008-06-17,113.5,113.524
2008-06-18,113.535,113.519
2008-06-19,113.529,113.505
2008-06-20,113.515,113.507
2008-06-23,113.537,113.501
2008-06-24,113.512,113.492
2008-06-25,113.502,113.507
2008-06-26,113.517,113.477
2008-06-27,113.487,113.436
2008-06-30,113.464,113.414
2008-07-01,113.424,113.397
2008-07-02,113.45,113.382
2008-07-03,113.392,113.358
2008-07-04,113.368,113.292
2008-07-07,113.314,113.251
2008-07-08,113.261,113.269
2008-07-09,113.279,113.332
2008-07-10,113.342,113.353
2008-07-11,113.363,113.425
2008-07-14,113.456,113.449
2008-07-15,113.459,113.447
2008-07-16,113.457,113.448
2008-07-17,113.456,113.427
2008-07-18,113.437,113.412
2008-07-21,113.443,113.389
2008-07-22,113.399,113.42
2008-07-23,113.43,113.462
2008-07-24,113.473,113.444
2008-07-25,113.454,113.479
2008-07-28,113.507,113.472
2008-07-29,113.482,113.468
2008-07-30,113.479,113.442
2008-07-31,113.464,113.402
2008-08-01,113.414,113.47
2008-08-04,113.5,113.467
2008-08-05,113.478,113.471
2008-08-06,113.481,113.487
2008-08-07,113.497,113.557
2008-08-08,113.568,113.701
2008-08-11,113.731,113.66
2008-08-12,113.671,113.689
2008-08-13,113.707,113.718
2008-08-14,113.728,113.766
2008-08-15,113.776,113.768
2008-08-18,113.795,113.911
2008-08-19,113.921,113.879
2008-08-20,113.889,113.88
2008-08-21,113.89,113.96
2008-08-22,113.971,114.024
2008-08-25,114.055,114.004
2008-08-26,114.014,113.864
2008-08-27,113.874,113.667
2008-08-28,113.677,113.714
2008-08-29,113.723,113.975
2008-09-01,114.007,113.921
2008-09-02,113.931,113.937
2008-09-03,113.947,114.095
2008-09-04,114.106,114.186
2008-09-05,114.196,114.266
2008-09-08,114.297,114.345
2008-09-09,114.355,114.477
2008-09-10,114.487,114.693
2008-09-11,114.703,114.795
2008-09-12,114.806,115.04
2008-09-16,115.165,115.901
2008-09-17,115.921,116.112
2008-09-18,116.122,115.984
2008-09-19,115.96,115.854
2008-09-22,115.847,115.904
2008-09-23,115.907,115.999
2008-09-24,116.01,116.186
2008-09-25,116.206,116.151
2008-09-26,116.161,116.324
2008-10-06,116.428,116.439
2008-10-07,116.449,116.81
2008-10-08,116.822,117.615
2008-10-09,117.594,118.126
2008-10-10,118.133,118.158
2008-10-13,118.189,118.067
2008-10-14,118.073,118.055
2008-10-15,118.066,118.205
2008-10-16,118.215,118.338
2008-10-17,118.341,118.314
2008-10-20,118.332,118.23
2008-10-21,118.23,118.322
2008-10-22,118.31,118.312
2008-10-23,118.323,118.336
2008-10-24,118.346,118.299
2008-10-27,118.33,118.504
2008-10-28,118.516,118.755
2008-10-29,118.765,118.797
2008-10-30,118.813,118.927
2008-10-31,118.938,118.953
2008-11-03,118.985,118.959
2008-11-04,118.967,118.961
2008-11-05,118.971,118.999
2008-11-06,119.01,118.951
2008-11-07,118.961,119.155
2008-11-10,119.215,119.221
2008-11-11,119.209,119.39
2008-11-12,119.401,119.631
2008-11-13,119.642,119.74
2008-11-14,119.75,119.79
2008-11-17,119.819,119.746
2008-11-18,119.757,119.745
2008-11-19,119.755,119.586
2008-11-20,119.596,119.52
2008-11-21,119.53,119.373
2008-11-24,119.398,119.155
2008-11-25,119.164,119.068
2008-11-26,119.078,118.883
2008-11-27,119.096,119.255
2008-11-28,119.267,119.388
2008-12-01,119.419,119.388
2008-12-02,119.399,119.451
2008-12-03,119.461,119.55
2008-12-04,119.559,119.584
2008-12-05,119.592,119.785
2008-12-08,119.813,119.764
2008-12-09,119.837,119.744
2008-12-10,119.764,119.904
2008-12-11,119.914,119.91
2008-12-12,119.922,120.007
2008-12-15,120.038,120.148
2008-12-16,120.159,120.256
2008-12-17,120.266,120.439
2008-12-18,120.451,120.603
2008-12-19,120.614,120.693
2008-12-22,120.703,120.697
2008-12-23,120.708,120.772
2008-12-24,120.782,120.953
2008-12-25,120.962,120.982
2008-12-26,120.987,120.957
2008-12-29,120.988,121.078
2008-12-30,121.089,121.204
2008-12-31,121.216,121.296
2009-01-05,121.348,121.217
2009-01-06,121.228,121.18
2009-01-07,121.19,121.12
2009-01-08,121.131,121.192
2009-01-09,121.202,121.221
2009-01-12,121.253,121.165
2009-01-13,121.177,121.14
2009-01-14,121.152,120.984
2009-01-15,120.994,120.802
2009-01-16,120.813,120.711
2009-01-19,120.724,120.66
2009-01-20,120.664,120.862
2009-01-21,120.872,120.704
2009-01-22,120.712,120.708
2009-01-23,120.719,120.71
2009-02-02,120.812,120.738
2009-02-03,120.749,120.258
2009-02-04,120.267,120.002
2009-02-05,120.008,119.903
2009-02-06,119.914,120.029
2009-02-09,120.029,119.943
2009-02-10,120.051,119.841
2009-02-11,119.852,119.993
2009-02-12,120.005,120.052
2009-02-13,120.062,120.033
2009-02-16,120.064,120.115
2009-02-17,120.127,120.37
2009-02-18,120.38,120.497
2009-02-19,120.506,120.562
2009-02-20,120.573,120.549
2009-02-23,120.579,120.612
2009-02-24,120.623,120.908
2009-02-25,120.919,120.939
2009-02-26,120.95,121.038
2009-02-27,121.049,120.84
2009-03-02,120.87,120.844
2009-03-03,120.855,120.848
2009-03-04,120.858,120.767
2009-03-05,120.772,120.709
2009-03-06,120.721,120.773
2009-03-09,120.804,120.828
2009-03-10,120.839,120.83
2009-03-11,120.828,120.891
2009-03-12,120.902,120.948
2009-03-13,120.957,121.054
2009-03-16,121.086,121.094
2009-03-17,121.105,121.042
2009-03-18,121.048,120.963
2009-03-19,120.973,121.021
2009-03-20,121.024,120.959
2009-03-23,120.989,120.964
2009-03-24,120.973,120.933
2009-03-25,120.938,120.973
2009-03-26,120.981,121.058
2009-03-27,121.069,121.029
2009-03-30,121.058,121.069
2009-03-31,121.079,120.954
2009-04-01,120.955,120.93
2009-04-02,120.94,120.962
2009-04-03,120.973,120.926
2009-04-07,120.969,120.96
2009-04-08,120.97,120.903
2009-04-09,120.913,120.869
2009-04-10,120.88,120.736
2009-04-13,120.768,120.731
2009-04-14,120.741,120.785
2009-04-15,120.783,120.805
2009-04-16,120.817,120.812
2009-04-17,120.82,120.853
2009-04-20,120.885,120.905
2009-04-21,120.916,120.958
2009-04-22,120.97,120.993
2009-04-23,121.006,120.954
2009-04-24,120.965,120.972
2009-04-27,121.003,121.094
2009-04-28,121.104,121.085
2009-04-29,121.095,121.121
2009-04-30,121.132,121.134
2009-05-04,121.175,121.075
2009-05-05,121.085,121.063
2009-05-06,121.074,121.123
2009-05-07,121.136,121.103
2009-05-08,121.114,121.125
2009-05-11,121.157,121.194
2009-05-12,121.208,121.277
2009-05-13,121.288,121.237
2009-05-14,121.248,121.321
2009-05-15,121.334,121.373
2009-05-18,121.405,121.459
2009-05-19,121.47,121.49
2009-05-20,121.501,121.549
2009-05-21,121.563,121.572
2009-05-22,121.582,121.543
2009-05-25,121.564,121.474
2009-05-26,121.485,121.528
2009-05-27,121.539,121.546
2009-06-01,121.6,121.507
2009-06-02,121.516,121.431
2009-06-03,121.442,121.473
2009-06-04,121.484,121.508
2009-06-05,121.519,121.515
2009-06-08,121.536,121.513
2009-06-09,121.524,121.486
2009-06-10,121.497,121.5
2009-06-11,121.51,121.495
2009-06-12,121.506,121.494
2009-06-15,121.529,121.5
2009-06-16,120.854,121.544
2009-06-17,121.553,121.547
2009-06-18,121.561,121.509
2009-06-19,121.52,121.494
2009-06-22,121.524,121.47
2009-06-23,121.482,121.478
2009-06-24,121.489,121.455
2009-06-25,121.458,121.272
2009-06-26,121.283,121.277
2009-06-29,121.309,121.253
2009-06-30,121.265,121.335
2009-07-01,121.346,121.302
2009-07-02,121.313,121.312
2009-07-03,121.324,121.331
2009-07-06,121.363,121.324
2009-07-07,121.334,121.363
2009-07-08,121.374,121.357
2009-07-09,121.368,121.359
2009-07-10,121.369,121.325
2009-07-13,121.358,121.234
2009-07-14,121.245,121.206
2009-07-15,121.217,121.097
2009-07-16,121.108,121.078
2009-07-17,121.089,121.03
2009-07-20,121.058,121.014
2009-07-21,121.04,121.036
2009-07-22,121.046,120.979
2009-07-23,120.982,121.023
2009-07-24,121.034,120.968
2009-07-27,121.001,120.928
2009-07-28,120.938,120.758
2009-07-29,120.767,120.711
2009-07-30,120.725,120.73
2009-07-31,120.741,120.71
2009-08-03,120.742,120.657
2009-08-04,120.668,120.307
2009-08-05,120.318,120.491
2009-08-06,120.503,120.593
2009-08-07,120.605,120.824
2009-08-10,120.857,120.766
2009-08-11,120.777,120.824
2009-08-12,120.836,120.698
2009-08-13,120.709,120.794
2009-08-14,120.805,120.83
2009-08-17,120.919,120.856
2009-08-18,120.868,120.878
2009-08-19,120.883,120.974
2009-08-20,120.985,121.042
2009-08-21,121.053,120.964
2009-08-24,120.998,121.247
2009-08-25,121.259,121.238
2009-08-26,121.249,121.234
2009-08-27,121.246,121.221
2009-08-28,121.234,121.291
2009-08-31,121.324,121.278
2009-09-01,121.289,121.381
2009-09-02,121.392,121.422
2009-09-03,121.433,121.314
2009-09-04,121.325,121.297
2009-09-07,121.328,121.335
2009-09-08,121.342,121.271
2009-09-09,121.281,121.265
2009-09-10,121.275,121.264
2009-09-11,121.275,121.281
2009-09-14,121.31,121.452
2009-09-15,121.463,121.407
2009-09-16,121.418,121.414
2009-09-17,121.425,121.401
2009-09-18,121.412,121.443
2009-09-21,121.475,121.496
2009-09-22,121.507,121.442
2009-09-23,121.452,121.408
2009-09-24,121.42,121.462
2009-09-25,121.473,121.458
2009-09-28,121.49,121.701
2009-09-29,121.713,121.64
2009-09-30,121.65,121.714
2009-10-09,121.808,121.698
2009-10-12,121.729,121.76
2009-10-13,121.773,121.774
2009-10-14,121.786,122.083
2009-10-15,122.099,122.111
2009-10-16,122.122,122.116
2009-10-19,122.147,122.025
2009-10-20,122.034,122.022
2009-10-21,122.033,122.042
2009-10-22,122.052,122.199
2009-10-23,122.212,122.181
2009-10-26,122.213,122.314
2009-10-27,122.325,122.24
2009-10-28,122.251,122.218
2009-10-29,122.161,122.247
2009-10-30,122.258,122.27
2009-11-02,122.305,122.253
2009-11-03,122.264,122.257
2009-11-04,122.268,122.268
2009-11-05,122.279,122.258
2009-11-06,122.269,122.269
2009-11-09,122.302,122.342
2009-11-10,122.353,122.233
2009-11-11,122.236,122.227
2009-11-12,122.239,122.501
2009-11-13,122.511,122.571
2009-11-16,122.602,122.437
2009-11-17,122.446,121.914
2009-11-18,121.924,122.178
2009-11-19,122.19,121.829
2009-11-20,121.839,121.821
2009-11-23,121.852,122.144
2009-11-24,122.157,122.556
2009-11-25,122.569,122.951
2009-11-26,122.966,122.918
2009-11-27,122.929,122.902
2009-11-30,122.934,122.294
2009-12-01,122.306,122.265
2009-12-02,122.276,122.289
2009-12-03,122.299,122.375
2009-12-04,122.386,122.432
2009-12-07,122.466,122.499
2009-12-08,122.51,122.432
2009-12-09,122.443,122.445
2009-12-10,122.457,122.47
2009-12-11,122.481,122.498
2009-12-14,122.532,122.51
2009-12-15,122.519,122.502
2009-12-16,122.513,122.506
2009-12-17,122.517,122.456
2009-12-18,122.468,122.522
2009-12-21,122.555,122.545
2009-12-22,122.556,122.567
2009-12-23,122.579,122.552
2009-12-24,122.563,122.601
2009-12-25,122.612,122.595
2009-12-28,122.628,122.304
2009-12-29,122.315,122.257
2009-12-30,122.268,122.291
2009-12-31,122.303,122.349
2010-01-04,122.392,122.337
2010-01-05,122.35,122.284
2010-01-06,122.295,122.317
2010-01-07,122.328,122.311
2010-01-08,122.322,122.317
2010-01-11,122.351,122.342
2010-01-12,122.343,122.335
2010-01-13,122.346,122.342
2010-01-14,122.356,122.336
2010-01-15,122.344,122.335
2010-01-18,122.369,122.357
2010-01-19,122.368,122.449
2010-01-20,122.46,122.338
2010-01-21,122.349,122.455
2010-01-22,122.467,122.487
2010-01-25,122.52,122.493
2010-01-26,122.505,122.487
2010-01-27,122.498,122.537
2010-01-28,122.546,122.659
2010-01-29,122.67,122.591
2010-02-01,122.624,122.757
2010-02-02,122.769,122.773
2010-02-03,122.784,122.786
2010-02-04,122.797,122.867
2010-02-05,122.879,123.456
2010-02-08,123.49,123.563
2010-02-09,123.576,123.596
2010-02-10,123.609,123.569
2010-02-11,123.581,123.499
2010-02-12,123.51,123.515
2010-02-22,123.625,123.569
2010-02-23,123.573,123.684
2010-02-24,123.696,123.698
2010-02-25,123.709,123.728
2010-02-26,123.737,123.761
2010-03-01,123.794,123.797
2010-03-02,123.808,123.883
2010-03-03,123.895,123.857
2010-03-04,123.868,123.858
2010-03-05,123.869,123.851
2010-03-08,123.888,123.901
2010-03-09,123.912,123.856
2010-03-10,123.873,123.861
2010-03-11,123.872,123.899
2010-03-12,123.911,123.902
2010-03-15,123.938,123.957
2010-03-16,123.968,124.133
2010-03-17,124.145,124.132
2010-03-18,124.143,124.168
2010-03-19,124.179,124.213
2010-03-22,124.243,124.276
2010-03-23,124.287,124.308
2010-03-24,124.32,124.932
2010-03-25,124.944,124.962
2010-03-26,124.974,124.287
2010-03-29,124.319,124.239
2010-03-30,124.25,124.293
2010-03-31,124.304,124.342
2010-04-01,124.353,124.315
2010-04-02,124.326,124.282
2010-04-06,124.327,124.288
2010-04-07,124.303,124.273
2010-04-08,124.284,124.625
2010-04-09,124.636,124.327
2010-04-12,124.361,124.345
2010-04-13,124.356,124.284
2010-04-14,124.295,124.281
2010-04-15,124.29,124.201
2010-04-16,124.212,124.336
2010-04-19,124.371,124.34
2010-04-20,124.35,124.421
2010-04-21,124.464,124.428
2010-04-22,124.44,124.373
2010-04-23,124.384,124.426
2010-04-26,124.46,124.544
2010-04-27,124.555,124.567
2010-04-28,124.582,124.602
2010-04-29,124.613,124.662
2010-04-30,124.674,124.668
2010-05-04,124.714,124.64
2010-05-05,124.651,124.761
2010-05-06,124.774,124.788
2010-05-07,124.801,124.91
2010-05-10,124.944,124.923
2010-05-11,124.928,124.938
2010-05-12,124.949,124.994
2010-05-13,125.006,124.948
2010-05-14,124.961,124.983
2010-05-17,125.02,125.171
2010-05-18,125.182,125.111
2010-05-19,125.123,125.184
2010-05-20,125.195,125.253
2010-05-21,125.265,125.319
2010-05-24,125.353,125.305
2010-05-25,125.316,125.368
2010-05-26,125.38,125.381
2010-05-27,125.392,125.361
2010-05-28,125.372,125.404
2010-05-31,125.439,125.382
2010-06-01,125.402,125.362
2010-06-02,125.376,125.31
2010-06-03,125.323,125.358
2010-06-04,125.369,125.306
2010-06-07,125.341,125.46
2010-06-08,125.471,125.42
2010-06-09,125.434,125.383
2010-06-10,125.394,125.338
2010-06-11,125.349,125.35
2010-06-17,125.418,125.328
2010-06-18,125.339,125.345
2010-06-21,125.379,125.441
2010-06-22,125.453,125.401
2010-06-23,125.412,125.444
2010-06-24,125.455,125.43
2010-06-25,125.452,125.529
2010-06-28,125.569,125.573
2010-06-29,125.588,125.596
2010-06-30,125.634,125.661
2010-07-01,125.672,125.626
2010-07-02,125.637,125.615
2010-07-05,125.65,125.647
2010-07-06,125.659,125.8
2010-07-07,125.812,125.747
2010-07-08,125.758,125.829
2010-07-09,125.841,125.514
2010-07-12,125.548,126.065
2010-07-13,126.076,126.077
2010-07-14,126.088,126.14
2010-07-15,126.152,126.102
2010-07-16,126.113,126.183
2010-07-19,126.216,126.181
2010-07-20,126.192,126.149
2010-07-21,126.155,126.16
2010-07-22,126.184,126.144
2010-07-23,126.155,126.162
2010-07-26,126.195,126.166
2010-07-27,126.18,126.067
2010-07-28,126.078,126.078
2010-07-29,126.089,126.06
2010-07-30,126.072,125.985
2010-08-02,126.044,126.09
2010-08-03,126.1,126.104
2010-08-04,126.116,126.405
2010-08-05,126.416,126.459
2010-08-06,126.471,126.46
2010-08-09,126.495,126.491
2010-08-10,126.502,126.478
2010-08-11,126.49,126.442
2010-08-12,126.457,126.448
2010-08-13,126.474,126.408
2010-08-16,126.443,126.515
2010-08-17,126.526,126.599
2010-08-18,126.611,126.622
2010-08-19,126.638,126.619
2010-08-20,126.63,126.612
2010-08-23,126.646,126.639
2010-08-24,126.651,126.601
2010-08-25,126.612,126.613
2010-08-26,126.624,126.574
2010-08-27,126.585,126.628
2010-08-30,126.663,126.588
2010-08-31,126.6,126.623
2010-09-01,126.636,126.64
2010-09-02,126.651,126.603
2010-09-03,126.615,126.683
2010-09-06,126.717,126.734
2010-09-07,126.745,126.744
2010-09-08,126.76,126.751
2010-09-09,126.766,126.722
2010-09-10,126.733,126.67
2010-09-13,126.704,126.878
2010-09-14,126.889,126.868
2010-09-15,126.88,126.834
2010-09-16,126.845,126.749
2010-09-17,126.76,126.896
2010-09-20,126.928,126.922
2010-09-21,126.933,126.601
2010-09-27,126.666,126.501
2010-09-28,126.512,126.564
2010-09-29,126.576,126.58
2010-09-30,126.595,126.678
2010-10-08,126.769,126.696
2010-10-11,126.747,126.658
2010-10-12,126.667,126.646
2010-10-13,126.657,126.65
2010-10-14,126.658,126.631
2010-10-15,126.642,126.643
2010-10-18,126.678,126.681
2010-10-19,126.693,126.715
2010-10-20,126.719,126.56
2010-10-21,126.568,126.527
2010-10-22,126.535,126.541
2010-10-25,126.577,126.498
2010-10-26,126.509,126.412
2010-10-27,126.423,126.257
2010-10-28,126.265,126.309
2010-10-29,126.32,126.344
2010-11-01,126.378,126.365
2010-11-02,126.377,126.313
2010-11-03,126.327,126.221
2010-11-04,126.228,126.194
2010-11-05,126.205,126.148
2010-11-08,126.16,126.097
2010-11-09,126.107,126.118
2010-11-10,126.13,125.985
2010-11-11,125.996,125.854
2010-11-12,125.865,125.91
2010-11-15,125.943,125.908
2010-11-16,125.919,125.969
2010-11-17,125.98,126.037
2010-11-18,126.049,126.013
2010-11-19,126.024,126.026
2010-11-22,126.061,126.029
2010-11-23,126.04,126.016
2010-11-24,126.027,125.988
2010-11-25,125.999,125.963
2010-11-26,125.974,126.039
2010-11-29,126.073,126.078
2010-11-30,126.089,126.054
2010-12-01,126.065,126.066
2010-12-02,126.077,126.068
2010-12-03,126.079,126.095
2010-12-06,126.129,126.098
2010-12-07,126.109,126.145
2010-12-08,126.156,126.186
2010-12-09,126.197,126.154
2010-12-10,126.166,126.156
2010-12-13,126.187,126.216
2010-12-14,126.228,126.252
2010-12-15,126.264,126.271
2010-12-16,126.282,126.268
2010-12-17,126.281,126.322
2010-12-20,126.356,126.329
2010-12-21,126.34,126.324
2010-12-22,126.335,126.239
2010-12-23,126.25,126.275
2010-12-24,126.287,126.277
2010-12-27,126.31,126.28
2010-12-28,126.291,126.256
2010-12-29,126.267,126.276
2010-12-30,126.288,126.285
2010-12-31,126.296,126.278
2011-01-04,126.323,126.316
2011-01-05,126.326,126.335
2011-01-06,126.347,126.355
2011-01-07,126.366,126.38
2011-01-10,126.415,126.414
2011-01-11,126.425,126.41
2011-01-12,126.422,126.418
2011-01-13,126.429,126.427
2011-01-14,126.439,126.423
2011-01-17,126.457,126.441
2011-01-18,126.452,126.467
2011-01-19,126.478,126.468
2011-01-20,126.48,126.476
2011-01-21,126.487,126.491
2011-01-24,126.525,126.536
2011-01-25,126.547,126.526
2011-01-26,126.538,126.557
2011-01-27,126.568,126.556
2011-01-28,126.568,126.56
2011-01-31,126.594,126.61
2011-02-01,126.622,126.622
2011-02-09,126.714,126.725
2011-02-10,126.735,126.735
2011-02-11,126.746,126.781
2011-02-14,126.816,126.839
2011-02-15,126.851,126.827
2011-02-16,126.838,126.837
2011-02-17,126.85,126.845
2011-02-18,126.856,126.83
2011-02-21,126.864,126.837
2011-02-22,126.848,126.842
2011-02-23,126.853,126.917
2011-02-24,126.928,126.936
2011-02-25,126.948,126.966
2011-02-28,126.999,127.001
2011-03-01,127.013,126.988
2011-03-02,127.0,126.992
2011-03-03,127.003,126.982
2011-03-04,126.994,127.004
2011-03-07,127.024,127.044
2011-03-08,127.056,127.053
2011-03-09,127.064,127.081
2011-03-10,127.093,127.107
2011-03-11,127.118,127.113
2011-03-14,127.148,127.148
2011-03-15,127.159,127.181
2011-03-16,127.193,127.222
2011-03-17,127.234,127.218
2011-03-18,127.229,127.256
2011-03-21,127.287,127.532
2011-03-22,127.545,127.541
2011-03-23,127.552,127.555
2011-03-24,127.567,127.582
2011-03-25,127.593,127.589
2011-03-28,127.624,127.633
2011-03-29,127.645,127.604
2011-03-30,127.615,127.667
2011-03-31,127.65,127.599
2011-04-01,127.611,127.631
2011-04-06,127.688,127.683
2011-04-07,127.695,127.689
2011-04-08,127.701,127.709
2011-04-11,127.743,127.743
2011-04-12,127.755,127.758
2011-04-13,127.77,127.748
2011-04-14,127.759,127.756
2011-04-15,127.768,127.746
2011-04-18,127.778,127.776
2011-04-19,127.788,127.788
2011-04-20,127.799,127.8
2011-04-21,127.812,127.804
2011-04-22,127.815,127.822
2011-04-25,127.856,127.829
2011-04-26,127.841,127.832
2011-04-27,127.843,127.86
2011-04-28,127.872,127.846
2011-04-29,127.858,127.861
2011-05-03,127.908,127.918
2011-05-04,127.93,127.895
2011-05-05,127.906,127.909
2011-05-06,127.921,127.99
2011-05-09,128.025,128.045
2011-05-10,128.057,128.057
2011-05-11,128.068,128.076
2011-05-12,128.087,128.098
2011-05-13,128.11,128.12
2011-05-16,128.156,128.152
2011-05-17,128.164,128.159
2011-05-18,128.171,128.173
2011-05-19,128.185,128.186
2011-05-20,128.198,128.197
2011-05-23,128.232,128.215
2011-05-24,128.227,128.247
2011-05-25,128.259,128.262
2011-05-26,128.274,128.277
2011-05-27,128.288,128.292
2011-05-30,128.326,128.319
2011-05-31,128.33,128.329
2011-06-01,128.341,128.335
2011-06-02,128.346,128.323
2011-06-03,128.335,128.337
2011-06-07,128.384,128.391
2011-06-08,128.403,128.397
2011-06-09,128.409,128.405
2011-06-10,128.422,128.411
2011-06-13,128.446,128.442
2011-06-14,128.454,128.403
2011-06-15,128.415,128.408
2011-06-16,128.42,128.408
2011-06-17,128.42,128.473
2011-06-20,128.511,128.487
2011-06-21,128.499,128.507
2011-06-22,128.519,128.496
2011-06-23,128.508,128.508
2011-06-24,128.52,128.514
2011-06-27,128.55,128.534
2011-06-28,128.546,128.55
2011-06-29,128.562,128.533
2011-06-30,128.545,128.547
2011-07-01,128.559,128.583
2011-07-04,128.619,128.632
2011-07-05,128.644,128.592
2011-07-06,128.603,128.597
2011-07-07,128.609,128.631
2011-07-08,128.643,128.644
2011-07-11,128.68,128.712
2011-07-12,128.724,128.677
2011-07-13,128.689,128.746
2011-07-14,128.758,128.755
2011-07-15,128.767,128.78
2011-07-18,128.816,128.753
2011-07-19,128.765,128.76
2011-07-20,128.785,128.808
2011-07-21,128.827,128.788
2011-07-22,128.805,128.806
2011-07-25,128.842,128.834
2011-07-26,128.847,128.856
2011-07-27,128.868,128.855
2011-07-28,128.867,128.864
2011-07-29,128.876,128.88
2011-08-01,128.916,128.894
2011-08-02,128.907,128.899
2011-08-03,128.911,128.932
2011-08-04,128.946,128.947
2011-08-05,128.96,128.979
2011-08-08,129.015,129.002
2011-08-09,129.016,129.041
2011-08-10,129.053,128.992
2011-08-11,129.004,129.012
2011-08-12,129.024,129.031
2011-08-15,129.067,129.155
2011-08-16,129.167,129.167
2011-08-17,129.18,129.178
2011-08-18,129.194,129.195
2011-08-19,129.207,129.207
2011-08-22,129.243,129.144
2011-08-23,129.156,129.3
2011-08-24,129.312,129.326
2011-08-25,129.338,129.333
2011-08-26,129.345,129.35
2011-08-29,129.387,129.365
2011-08-30,129.377,129.36
2011-08-31,129.373,129.377
2011-09-01,129.389,129.394
2011-09-02,129.406,129.406
2011-09-05,129.442,129.373
2011-09-06,129.385,129.391
2011-09-07,129.404,129.375
2011-09-08,129.387,129.41
2011-09-09,129.422,129.427
2011-09-13,129.475,129.49
2011-09-14,129.502,129.535
2011-09-15,129.546,129.506
2011-09-16,129.518,129.499
2011-09-19,129.535,129.581
2011-09-20,129.593,129.59
2011-09-21,129.602,129.619
2011-09-22,129.631,129.624
2011-09-23,129.636,129.578
2011-09-26,129.614,129.719
2011-09-27,129.732,129.73
2011-09-28,129.742,129.726
2011-09-29,129.738,129.742
2011-09-30,129.754,129.774
2011-10-10,129.896,129.942
2011-10-11,129.951,129.967
2011-10-12,129.979,130.017
2011-10-13,130.029,130.06
2011-10-14,130.072,130.106
2011-10-17,130.143,130.143
2011-10-18,130.155,130.215
2011-10-19,130.228,130.2
2011-10-20,130.213,130.233
2011-10-21,130.247,130.243
2011-10-24,130.279,130.255
2011-10-25,130.268,130.221
2011-10-26,130.233,130.235
2011-10-27,130.247,130.222
2011-10-28,130.234,130.209
2011-10-31,130.246,130.244
2011-11-01,130.256,130.297
2011-11-02,130.31,130.361
2011-11-03,130.373,130.351
2011-11-04,130.362,130.374
2011-11-07,130.41,130.413
2011-11-08,130.425,130.411
2011-11-09,130.424,130.45
2011-11-10,130.473,130.468
2011-11-11,130.479,130.499
2011-11-14,130.536,130.521
2011-11-15,130.532,130.656
2011-11-16,130.669,130.671
2011-11-17,130.681,130.686
2011-11-18,130.698,130.698
2011-11-21,130.735,130.724
2011-11-22,130.736,130.721
2011-11-23,130.735,130.943
2011-11-24,130.955,130.959
2011-11-25,130.979,130.816
2011-11-28,130.852,130.816
2011-11-29,130.828,130.878
2011-11-30,130.891,130.828
2011-12-01,130.84,130.779
2011-12-02,130.791,130.72
2011-12-05,130.757,130.769
2011-12-06,130.781,130.916
2011-12-07,130.929,130.94
2011-12-08,130.952,130.976
2011-12-09,130.988,130.987
2011-12-12,131.023,131.022
2011-12-13,131.035,131.089
2011-12-14,131.101,131.122
2011-12-15,131.134,131.134
2011-12-16,131.146,131.097
2011-12-19,131.134,131.119
2011-12-20,131.132,131.147
2011-12-21,131.159,131.188
2011-12-22,131.201,131.219
2011-12-23,131.231,131.223
2011-12-26,131.26,131.257
2011-12-27,131.269,131.274
2011-12-28,131.286,131.288
2011-12-29,131.301,131.305
2011-12-30,131.317,131.39
2012-01-04,131.451,131.437
2012-01-05,131.453,131.454
2012-01-06,131.466,131.466
2012-01-09,131.503,131.559
2012-01-10,131.571,131.581
2012-01-11,131.594,131.578
2012-01-12,131.59,131.594
2012-01-13,131.606,131.613
2012-01-16,131.651,131.666
2012-01-17,131.678,131.65
2012-01-18,131.661,131.669
2012-01-19,131.682,131.662
2012-01-20,131.674,131.678
2012-01-30,131.801,131.795
2012-01-31,131.806,131.776
2012-02-01,131.789,131.763
2012-02-02,131.776,131.776
2012-02-03,131.788,131.79
2012-02-06,131.827,131.81
2012-02-07,131.823,131.826
2012-02-08,131.838,131.835
2012-02-09,131.847,131.835
2012-02-10,131.848,131.849
2012-02-13,131.886,131.896
2012-02-14,131.908,131.905
2012-02-15,131.917,131.917
2012-02-16,131.929,131.931
2012-02-17,131.944,131.941
2012-02-20,131.977,131.977
2012-02-21,131.99,131.987
2012-02-22,131.999,131.992
2012-02-23,132.005,132.005
2012-02-24,132.017,132.014
2012-02-27,132.051,132.045
2012-02-28,132.057,132.045
2012-02-29,132.045,132.033
2012-03-01,132.045,132.047
2012-03-02,132.06,132.066
2012-03-05,132.103,132.099
2012-03-06,132.113,132.117
2012-03-07,132.128,132.156
2012-03-08,132.169,132.14
2012-03-09,132.152,132.138
2012-03-12,132.175,132.188
2012-03-13,132.201,132.235
2012-03-14,132.247,132.246
2012-03-15,132.259,132.272
2012-03-16,132.285,132.261
2012-03-19,132.299,132.288
2012-03-20,132.3,132.297
2012-03-21,132.31,132.321
2012-03-22,132.334,132.312
2012-03-23,132.324,132.334
2012-03-26,132.372,132.384
2012-03-27,132.396,132.379
2012-03-28,132.392,132.396
2012-03-29,132.408,132.434
2012-03-30,132.447,132.461
2012-04-05,132.536,132.498
2012-04-06,132.511,132.519
2012-04-09,132.557,132.553
2012-04-10,132.563,132.565
2012-04-11,132.578,132.571
2012-04-12,132.583,132.605
2012-04-13,132.618,132.601
2012-04-16,132.639,132.629
2012-04-17,132.641,132.648
2012-04-18,132.659,132.666
2012-04-19,132.679,132.671
2012-04-20,132.683,132.691
2012-04-23,132.729,132.744
2012-04-24,132.756,132.742
2012-04-25,132.754,132.761
2012-04-26,132.774,132.782
2012-04-27,132.794,132.812
2012-05-02,132.875,132.857
2012-05-03,132.869,132.859
2012-05-04,132.872,132.9
2012-05-07,132.938,132.919
2012-05-08,132.931,132.928
2012-05-09,132.941,132.919
2012-05-10,132.932,132.936
2012-05-11,132.948,132.955
2012-05-14,132.993,132.991
2012-05-15,133.004,133.029
2012-05-16,133.042,133.059
2012-05-17,133.072,133.066
2012-05-18,133.079,133.089
2012-05-21,133.126,133.112
2012-05-22,133.125,133.138
2012-05-23,133.15,133.151
2012-05-24,133.164,133.166
2012-05-25,133.178,133.189
2012-05-28,133.227,133.256
2012-05-29,133.269,133.271
2012-05-30,133.284,133.286
2012-05-31,133.299,133.299
2012-06-01,133.312,133.295
2012-06-04,133.334,133.384
2012-06-05,133.396,133.391
2012-06-06,133.403,133.376
2012-06-07,133.389,133.39
2012-06-08,133.404,133.417
2012-06-11,133.455,133.454
2012-06-12,133.466,133.457
2012-06-13,133.47,133.483
2012-06-14,133.496,133.481
2012-06-15,133.494,133.49
2012-06-18,133.528,133.524
2012-06-19,133.536,133.555
2012-06-20,133.568,133.572
2012-06-21,133.585,133.596
2012-06-25,133.646,133.635
2012-06-26,133.649,133.647
2012-06-27,133.659,133.662
2012-06-28,133.675,133.688
2012-06-29,133.701,133.711
2012-07-02,133.748,133.7
2012-07-03,133.712,133.754
2012-07-04,133.768,133.777
2012-07-05,133.79,133.797
2012-07-06,133.809,133.778
2012-07-09,133.816,133.852
2012-07-10,133.865,133.879
2012-07-11,133.892,133.902
2012-07-12,133.914,133.893
2012-07-13,133.905,133.937
2012-07-16,133.975,133.982
2012-07-17,133.995,133.975
2012-07-18,133.988,133.954
2012-07-19,133.966,133.992
2012-07-20,134.004,133.994
2012-07-23,134.034,134.043
2012-07-24,134.055,134.026
2012-07-25,134.039,134.056
2012-07-26,134.068,134.067
2012-07-27,134.08,134.064
2012-07-30,134.102,134.118
2012-07-31,134.131,134.122
2012-08-01,134.134,134.167
2012-08-02,134.179,134.183
2012-08-03,134.196,134.202
2012-08-06,134.24,134.172
2012-08-07,134.186,134.2
2012-08-08,134.212,134.198
2012-08-09,134.209,134.195
2012-08-10,134.208,134.261
2012-08-13,134.299,134.29
2012-08-14,134.303,134.31
2012-08-15,134.322,134.331
2012-08-16,134.343,134.344
2012-08-17,134.357,134.352
2012-08-20,134.391,134.383
2012-08-21,134.395,134.389
2012-08-22,134.402,134.385
2012-08-23,134.399,134.396
2012-08-24,134.409,134.418
2012-08-27,134.456,134.458
2012-08-28,134.471,134.47
2012-08-29,134.471,134.482
2012-08-30,134.495,134.477
2012-08-31,134.489,134.509
2012-09-03,134.547,134.558
2012-09-04,134.57,134.569
2012-09-05,134.582,134.581
2012-09-06,134.594,134.594
2012-09-07,134.607,134.594
2012-09-10,134.632,134.626
2012-09-11,134.639,134.583
2012-09-12,134.595,134.594
2012-09-13,134.609,134.626
2012-09-14,134.638,134.629
2012-09-17,134.667,134.597
2012-09-18,134.61,134.611
2012-09-19,134.624,134.627
2012-09-20,134.64,134.631
2012-09-21,134.643,134.647
2012-09-24,134.685,134.679
2012-09-25,134.692,134.723
2012-09-26,134.736,134.747
2012-09-27,134.76,134.764
2012-09-28,134.776,134.801
2012-10-08,134.928,134.924
2012-10-09,134.937,134.93
2012-10-10,134.943,134.946
2012-10-11,134.959,134.958
2012-10-12,134.97,134.965
2012-10-15,135.004,135.012
2012-10-16,135.024,135.034
2012-10-17,135.047,135.046
2012-10-18,135.059,135.059
2012-10-19,135.071,135.076
2012-10-22,135.115,135.106
2012-10-23,135.119,135.121
2012-10-24,135.134,135.135
2012-10-25,135.148,135.146
2012-10-26,135.159,135.166
2012-10-29,135.204,135.193
2012-10-30,135.206,135.196
2012-10-31,135.209,135.194
2012-11-01,135.207,135.189
2012-11-02,135.202,135.201
2012-11-05,135.239,135.238
2012-11-06,135.251,135.252
2012-11-07,135.264,135.261
2012-11-08,135.274,135.274
2012-11-09,135.287,135.295
2012-11-12,135.333,135.331
2012-11-13,135.344,135.344
2012-11-14,135.357,135.358
2012-11-15,135.371,135.372
2012-11-16,135.384,135.386
2012-11-19,135.424,135.421
2012-11-20,135.434,135.438
2012-11-21,135.452,135.455
2012-11-22,135.468,135.467
2012-11-23,135.481,135.474
2012-11-26,135.511,135.51
2012-11-27,135.521,135.521
2012-11-28,135.534,135.528
2012-11-29,135.541,135.456
2012-11-30,135.468,135.476
2012-12-03,135.515,135.51
2012-12-04,135.523,135.528
2012-12-05,135.541,135.538
2012-12-06,135.551,135.552
2012-12-07,135.565,135.56
2012-12-10,135.598,135.579
2012-12-11,135.592,135.415
2012-12-12,135.428,135.598
2012-12-13,135.611,135.612
2012-12-14,135.625,135.633
2012-12-17,135.672,135.653
2012-12-18,135.666,135.659
2012-12-19,135.671,135.677
2012-12-20,135.691,135.659
2012-12-21,135.672,135.684
2012-12-24,135.704,135.713
2012-12-25,135.726,135.703
2012-12-26,135.716,135.723
2012-12-27,135.736,135.731
2012-12-28,135.744,135.745
2012-12-31,135.783,135.788
2013-01-04,135.841,135.84
2013-01-07,135.878,135.875
2013-01-08,135.888,135.879
2013-01-09,135.892,135.892
2013-01-10,135.905,135.895
2013-01-11,135.908,135.882
2013-01-14,135.921,135.925
2013-01-15,135.938,135.939
2013-01-16,135.952,135.956
2013-01-17,135.969,135.988
2013-01-18,136.001,135.983
2013-01-21,136.021,136.01
2013-01-22,136.023,136.029
2013-01-23,136.042,136.041
2013-01-24,136.054,136.056
2013-01-25,136.069,136.068
2013-01-28,136.106,136.099
2013-01-29,136.112,136.118
2013-01-30,136.131,136.126
2013-01-31,136.139,136.121
2013-02-01,136.135,136.145
2013-02-04,136.183,136.184
2013-02-05,136.196,136.199
2013-02-06,136.212,136.258
2013-02-07,136.272,136.273
2013-02-08,136.286,136.19
2013-02-18,136.318,136.468
2013-02-19,136.482,136.447
2013-02-20,136.46,136.463
2013-02-21,136.476,136.487
2013-02-22,136.5,136.498
2013-02-25,136.536,136.541
2013-02-26,136.554,136.552
2013-02-27,136.565,136.578
2013-02-28,136.591,136.586
2013-03-01,136.599,136.599
2013-03-04,136.638,136.657
2013-03-05,136.67,136.672
2013-03-06,136.685,136.683
2013-03-07,136.696,136.681
2013-03-08,136.694,136.695
2013-03-11,136.734,136.727
2013-03-12,136.74,136.74
2013-03-13,136.753,136.764
2013-03-14,136.777,136.779
2013-03-15,136.792,136.788
2013-03-18,136.828,136.82
2013-03-19,136.833,136.825
2013-03-20,136.838,136.855
2013-03-21,136.868,136.869
2013-03-22,136.882,136.883
2013-03-25,136.922,136.909
2013-03-26,136.923,136.911
2013-03-27,136.924,136.844
2013-03-28,136.856,136.944
2013-03-29,136.958,136.959
2013-04-01,136.997,137.009
2013-04-02,137.022,137.029
2013-04-03,137.042,136.983
2013-04-08,137.049,137.078
2013-04-09,137.091,137.112
2013-04-10,137.125,137.133
2013-04-11,137.146,137.157
2013-04-12,137.17,137.181
2013-04-15,137.22,137.222
2013-04-16,137.235,137.267
2013-04-17,137.28,137.286
2013-04-18,137.3,137.286
2013-04-19,137.299,137.296
2013-04-22,137.336,137.305
2013-04-23,137.318,137.334
2013-04-24,137.347,137.365
2013-04-25,137.379,137.374
2013-04-26,137.388,137.385
2013-05-02,137.464,137.454
2013-05-03,137.467,137.473
2013-05-06,137.512,137.539
2013-05-07,137.552,137.571
2013-05-08,137.585,137.584
2013-05-09,137.596,137.594
2013-05-10,137.607,138.301
2013-05-13,138.341,138.327
2013-05-14,138.34,138.246
2013-05-15,137.686,137.634
2013-05-16,137.646,137.63
2013-05-17,137.643,137.646
2013-05-20,137.686,137.638
2013-05-21,137.651,137.634
2013-05-22,137.648,137.649
2013-05-23,137.662,137.659
2013-05-24,137.672,137.485
2013-05-27,137.525,137.521
2013-05-28,137.534,137.58
2013-05-29,137.593,137.591
2013-05-30,137.604,137.602
2013-05-31,137.616,137.618
2013-06-03,137.656,137.654
2013-06-04,137.669,137.874
2013-06-05,137.887,137.874
2013-06-06,137.889,137.882
2013-06-07,137.896,137.898
2013-06-13,137.977,137.981
2013-06-14,137.997,137.988
2013-06-17,138.03,138.035
2013-06-18,138.048,138.061
2013-06-19,138.074,138.063
2013-06-20,138.077,138.053
2013-06-21,138.066,138.052
2013-06-24,138.091,138.028
2013-06-25,138.042,138.032
2013-06-26,138.046,138.067
2013-06-27,138.08,138.084
2013-06-28,138.097,138.099
2013-07-01,138.144,138.139
2013-07-02,138.152,138.167
2013-07-03,138.18,138.181
2013-07-04,138.195,138.149
2013-07-05,138.162,138.168
2013-07-08,138.207,138.199
2013-07-09,138.213,138.227
2013-07-10,138.24,138.236
2013-07-11,138.249,138.234
2013-07-12,138.247,138.244
2013-07-15,138.284,138.272
2013-07-16,138.285,138.245
2013-07-17,138.259,138.237
2013-07-18,138.251,138.263
2013-07-19,138.276,138.275
2013-07-22,138.315,138.239
2013-07-23,138.252,138.199
2013-07-24,138.213,138.167
2013-07-25,138.181,138.195
2013-07-26,138.208,138.212
2013-07-29,138.252,138.308
2013-07-30,138.321,138.314
2013-07-31,138.327,138.317
2013-08-01,138.33,138.331
2013-08-02,138.345,138.344
2013-08-05,138.384,138.377
2013-08-06,138.39,138.405
2013-08-07,138.418,138.416
2013-08-08,138.429,138.395
2013-08-09,138.408,138.4
2013-08-12,138.44,138.436
2013-08-13,138.449,138.441
2013-08-14,138.455,138.459
2013-08-15,138.472,138.449
2013-08-16,138.462,138.464
2013-08-19,138.504,138.5
2013-08-20,138.514,138.5
2013-08-21,138.513,138.52
2013-08-22,138.534,138.539
2013-08-23,138.553,138.465
2013-08-26,138.505,138.512
2013-08-27,138.525,138.548
2013-08-28,138.562,138.611
2013-08-29,138.625,138.622
2013-08-30,138.635,138.646
2013-09-02,138.685,138.505
2013-09-03,138.518,138.478
2013-09-04,138.492,138.509
2013-09-05,138.522,138.522
2013-09-06,138.535,138.533
2013-09-09,138.573,138.567
2013-09-10,138.581,138.533
2013-09-11,138.546,138.474
2013-09-12,138.487,138.49
2013-09-13,138.503,138.49
2013-09-16,138.53,138.521
2013-09-17,138.534,138.474
2013-09-18,138.487,138.48
2013-09-23,138.546,138.545
2013-09-24,138.558,138.578
2013-09-25,138.592,138.604
2013-09-26,138.617,138.622
2013-09-27,138.635,138.615
2013-09-30,138.655,138.648
2013-10-08,138.756,138.749
2013-10-09,138.761,138.765
2013-10-10,138.778,138.73
2013-10-11,138.744,138.745
2013-10-14,138.785,138.786
2013-10-15,138.799,138.793
2013-10-16,138.808,138.871
2013-10-17,138.885,138.862
2013-10-18,138.875,138.878
2013-10-21,138.918,138.916
2013-10-22,138.93,138.934
2013-10-23,138.947,138.942
2013-10-24,138.955,138.954
2013-10-25,138.966,138.968
2013-10-28,139.009,138.917
2013-10-29,138.93,138.885
2013-10-30,138.899,138.861
2013-10-31,138.875,138.869
2013-11-01,138.882,138.878
2013-11-04,138.918,138.914
2013-11-05,138.927,138.927
2013-11-06,138.941,138.969
2013-11-07,138.982,138.964
2013-11-08,138.977,138.949
2013-11-11,138.989,138.97
2013-11-12,138.984,138.959
2013-11-13,138.972,138.958
2013-11-14,138.971,138.964
2013-11-15,138.976,138.682
2013-11-18,138.721,138.783
2013-11-19,138.797,138.775
2013-11-20,138.779,138.972
2013-11-21,138.985,138.882
2013-11-22,138.896,138.898
2013-11-25,138.939,138.939
2013-11-26,138.952,139.049
2013-11-27,139.063,139.064
2013-11-28,139.077,139.061
2013-11-29,139.075,139.064
2013-12-02,139.104,139.084
2013-12-03,139.097,139.115
2013-12-04,139.129,139.082
2013-12-05,139.095,139.144
2013-12-06,139.158,139.175
2013-12-09,139.215,139.224
2013-12-10,139.238,139.215
2013-12-11,139.228,139.224
2013-12-12,139.238,139.23
2013-12-13,139.243,139.287
2013-12-16,139.328,139.315
2013-12-17,139.328,139.335
2013-12-18,139.349,139.354
2013-12-19,139.367,139.425
2013-12-20,139.439,139.493
2013-12-23,139.534,139.51
2013-12-24,139.523,139.526
2013-12-25,139.54,139.433
2013-12-26,139.446,139.449
2013-12-27,139.463,139.491
2013-12-30,139.532,139.557
2013-12-31,139.572,139.516
2014-01-02,139.544,139.622
2014-01-03,139.635,139.624
2014-01-06,139.665,139.624
2014-01-07,139.638,139.438
2014-01-08,139.451,139.442
2014-01-09,139.456,139.514
2014-01-10,139.528,139.519
2014-01-13,139.56,139.555
2014-01-14,139.572,139.559
2014-01-15,139.573,139.577
2014-01-16,139.595,139.608
2014-01-17,139.621,139.614
2014-01-20,139.655,139.807
2014-01-21,139.82,139.846
2014-01-22,139.859,139.957
2014-01-23,139.971,139.974
2014-01-24,139.988,139.828
2014-01-27,139.871,139.979
2014-01-28,139.993,139.684
2014-01-29,139.699,139.657
2014-01-30,139.67,139.577
2014-02-07,139.685,139.683
2014-02-10,139.726,139.755
2014-02-11,139.769,139.807
2014-02-12,139.82,139.824
2014-02-13,139.838,139.811
2014-02-14,139.825,139.859
2014-02-17,139.9,139.896
2014-02-18,139.909,139.78
2014-02-19,139.793,139.837
2014-02-20,139.851,139.854
2014-02-21,139.867,139.865
2014-02-24,139.905,139.918
2014-02-25,139.932,139.833
2014-02-26,139.846,139.774
2014-02-27,139.788,139.825
2014-02-28,139.839,139.901
2014-03-03,139.942,139.912
2014-03-04,139.926,139.971
2014-03-05,139.985,139.988
2014-03-06,140.002,139.997
2014-03-07,140.015,140.005
2014-03-10,140.047,140.064
2014-03-11,140.078,139.888
2014-03-12,139.902,139.911
2014-03-13,139.925,139.938
2014-03-14,139.952,139.955
2014-03-17,139.997,139.983
2014-03-18,140.073,140.073
2014-03-19,140.087,140.083
2014-03-20,140.036,140.129
2014-03-21,140.149,140.16
2014-03-24,140.202,140.253
2014-03-25,140.265,140.281
2014-03-26,140.295,140.273
2014-03-27,140.287,140.444
2014-03-28,140.459,140.334
2014-03-31,140.375,140.539
2014-04-01,140.553,140.559
2014-04-02,140.573,140.57
2014-04-03,140.584,140.573
2014-04-04,140.587,140.437
2014-04-08,140.495,140.551
2014-04-09,140.564,140.57
2014-04-10,140.586,140.516
2014-04-11,140.53,140.636
2014-04-14,140.678,140.639
2014-04-15,140.653,140.706
2014-04-16,140.719,140.682
2014-04-17,140.696,140.706
2014-04-18,140.721,140.723
2014-04-21,140.765,140.767
2014-04-22,140.781,140.757
2014-04-23,140.771,140.71
2014-04-24,140.723,140.717
2014-04-25,140.731,140.718
2014-04-28,140.76,140.725
2014-04-29,140.739,140.735
2014-04-30,140.749,140.801
2014-05-05,140.871,140.876
2014-05-06,140.89,140.967
2014-05-07,140.981,140.986
2014-05-08,141.001,141.008
2014-05-09,141.022,141.059
2014-05-12,141.101,141.107
2014-05-13,141.121,141.139
2014-05-14,141.153,141.137
2014-05-15,141.151,141.136
2014-05-16,141.15,141.105
2014-05-19,141.148,141.133
2014-05-20,141.147,141.155
2014-05-21,141.169,141.176
2014-05-22,141.191,141.338
2014-05-23,141.353,141.176
2014-05-26,141.218,141.36
2014-05-27,141.375,141.411
2014-05-28,141.425,141.431
2014-05-29,141.445,141.504
2014-05-30,141.517,141.54
2014-06-03,141.596,141.643
2014-06-04,141.657,141.618
2014-06-05,141.632,141.62
2014-06-06,141.634,141.627
2014-06-09,141.67,141.638
2014-06-10,141.652,141.773
2014-06-11,141.787,141.816
2014-06-12,141.831,141.787
2014-06-13,141.801,141.808
2014-06-16,141.85,141.869
2014-06-17,141.884,141.903
2014-06-18,141.917,141.805
2014-06-19,141.819,141.852
2014-06-20,141.866,141.882
2014-06-23,141.925,141.877
2014-06-24,141.891,141.952
2014-06-25,141.966,141.986
2014-06-26,142.001,141.974
2014-06-27,141.988,141.978
2014-06-30,142.021,142.015
2014-07-01,142.029,142.034
2014-07-02,142.048,142.058
2014-07-03,142.072,142.066
2014-07-04,142.081,142.031
2014-07-07,142.074,142.087
2014-07-08,142.101,142.112
2014-07-09,142.127,142.123
2014-07-10,142.137,142.118
2014-07-11,142.132,142.152
2014-07-14,142.195,142.191
2014-07-15,142.205,142.212
2014-07-16,142.226,142.158
2014-07-17,142.172,142.1
2014-07-18,142.114,142.11
2014-07-21,142.153,142.159
2014-07-22,142.174,142.186
2014-07-23,142.2,142.176
2014-07-24,142.19,142.188
2014-07-25,142.202,142.229
2014-07-28,142.271,142.251
2014-07-29,142.266,142.273
2014-07-30,142.287,142.247
2014-07-31,142.262,142.297
2014-08-01,142.311,142.344
2014-08-04,142.387,142.389
2014-08-05,142.403,142.4
2014-08-06,142.416,142.416
2014-08-07,142.429,142.428
2014-08-08,142.442,142.436
2014-08-11,142.479,142.494
2014-08-12,142.509,142.514
2014-08-13,142.529,142.529
2014-08-14,142.543,142.545
2014-08-15,142.559,142.574
2014-08-18,142.618,142.619
2014-08-19,142.633,142.619
2014-08-20,142.634,142.643
2014-08-21,142.657,142.677
2014-08-22,142.691,142.714
2014-08-25,142.758,142.772
2014-08-26,142.786,142.759
2014-08-27,142.773,142.753
2014-08-28,142.767,142.763
2014-08-29,142.777,142.743
2014-09-01,142.787,142.823
2014-09-02,142.837,142.855
2014-09-03,142.87,142.851
2014-09-04,142.865,142.87
2014-09-05,142.884,142.918
2014-09-09,142.976,142.98
2014-09-10,142.994,142.988
2014-09-11,143.003,143.015
2014-09-12,143.029,143.027
2014-09-15,143.071,143.07
2014-09-16,143.083,143.104
2014-09-17,143.119,143.123
2014-09-18,143.137,143.11
2014-09-19,143.127,143.218
2014-09-22,143.261,143.32
2014-09-23,143.335,143.376
2014-09-24,143.39,143.372
2014-09-25,143.388,143.366
2014-09-26,143.38,143.398
2014-09-29,143.443,143.496
2014-09-30,143.51,143.597
2014-10-08,143.713,143.722
2014-10-09,143.737,143.745
2014-10-10,143.759,143.79
2014-10-13,143.834,143.834
2014-10-14,143.848,143.895
2014-10-15,143.91,143.938
2014-10-16,143.953,144.003
2014-10-17,144.017,143.894
2014-10-20,143.938,144.031
2014-10-21,144.046,144.054
2014-10-22,144.069,144.059
2014-10-23,144.074,144.064
2014-10-24,144.078,144.115
2014-10-27,144.159,144.412
2014-10-28,144.427,144.405
2014-10-29,144.42,144.393
2014-10-30,144.407,144.421
2014-10-31,144.436,144.485
2014-11-03,144.528,144.553
2014-11-04,144.568,144.591
2014-11-05,144.605,144.62
2014-11-06,144.634,144.648
2014-11-07,144.663,144.749
2014-11-10,144.792,144.819
2014-11-11,144.834,145.03
2014-11-12,145.045,145.094
2014-11-13,145.108,145.114
2014-11-14,145.129,145.129
2014-11-17,145.173,145.12
2014-11-18,145.134,145.134
2014-11-19,145.149,145.148
2014-11-20,145.16,145.212
2014-11-21,145.227,145.228
2014-11-24,145.272,145.248
2014-11-25,145.262,145.256
2014-11-26,145.269,145.342
2014-11-27,145.357,145.34
2014-11-28,145.356,145.372
2014-12-01,145.414,145.389
2014-12-02,145.404,145.381
2014-12-03,145.395,145.388
2014-12-04,145.403,145.386
2014-12-05,145.399,145.39
2014-12-08,145.434,145.461
2014-12-09,145.476,145.514
2014-12-10,145.529,145.46
2014-12-11,145.474,145.449
2014-12-12,145.464,145.419
2014-12-15,145.463,145.484
2014-12-16,145.499,145.516
2014-12-17,145.529,145.592
2014-12-18,145.607,145.599
2014-12-19,145.614,145.509
2014-12-22,145.553,145.466
2014-12-23,145.48,145.477
2014-12-24,145.491,145.525
2014-12-25,145.54,145.617
2014-12-26,145.631,145.666
2014-12-29,145.711,145.708
2014-12-30,145.722,145.758
2014-12-31,145.774,145.679
2015-01-05,145.753,145.798
2015-01-06,145.814,145.818
2015-01-07,145.833,145.837
2015-01-08,145.852,145.878
2015-01-09,145.892,146.028
2015-01-12,146.072,146.09
2015-01-13,146.105,146.146
2015-01-14,146.163,146.217
2015-01-15,146.231,146.38
2015-01-16,146.394,146.472
2015-01-19,146.516,146.553
2015-01-20,146.567,146.584
2015-01-21,146.596,146.622
2015-01-22,146.637,146.594
2015-01-23,146.609,146.587
2015-01-26,146.631,146.67
2015-01-27,146.685,146.734
2015-01-28,146.744,146.732
2015-01-29,146.747,146.774
2015-01-30,146.788,146.672
2015-02-02,146.716,146.847
2015-02-03,146.862,146.871
2015-02-04,146.885,146.922
2015-02-05,146.937,146.968
2015-02-06,146.983,147.002
2015-02-09,147.045,147.059
2015-02-10,147.074,147.067
2015-02-11,147.082,147.091
2015-02-12,147.105,147.262
2015-02-13,147.277,147.402
2015-02-16,147.442,147.438
2015-02-17,147.453,147.459
2015-02-25,147.569,147.622
2015-02-26,147.637,147.645
2015-02-27,147.66,147.598
2015-03-02,147.642,147.675
2015-03-03,147.69,147.686
2015-03-04,147.7,147.715
2015-03-05,147.731,147.735
2015-03-06,147.753,147.74
2015-03-09,147.779,147.752
2015-03-10,147.766,147.789
2015-03-11,147.804,147.795
2015-03-12,147.81,147.808
2015-03-13,147.823,147.866
2015-03-16,147.91,147.874
2015-03-17,147.889,147.918
2015-03-18,147.933,147.84
2015-03-19,147.854,147.944
2015-03-20,147.959,147.942
2015-03-23,147.987,148.0
2015-03-24,148.015,147.994
2015-03-25,148.009,148.007
2015-03-26,148.02,148.013
2015-03-27,148.028,148.001
2015-03-30,148.046,148.029
2015-03-31,148.044,147.966
2015-04-01,147.98,148.145
2015-04-02,148.163,148.066
2015-04-03,148.08,148.138
2015-04-07,148.196,148.179
2015-04-08,148.194,148.221
2015-04-09,148.236,148.235
2015-04-10,148.25,148.237
2015-04-13,148.282,148.264
2015-04-14,148.278,148.35
2015-04-15,148.364,148.127
2015-04-16,148.143,148.323
2015-04-17,148.338,148.32
2015-04-20,148.364,148.399
2015-04-21,148.415,148.48
2015-04-22,148.495,148.505
2015-04-23,148.521,148.43
2015-04-24,148.444,148.451
2015-04-27,148.496,148.626
2015-04-28,148.641,148.641
2015-04-29,148.655,148.533
2015-04-30,148.548,148.522
2015-05-04,148.578,148.579
2015-05-05,148.592,148.562
2015-05-06,148.577,148.571
2015-05-07,148.582,148.57
2015-05-08,148.585,148.831
2015-05-11,148.883,148.863
2015-05-12,148.878,149.021
2015-05-13,149.035,149.051
2015-05-14,149.066,148.806
2015-05-15,148.821,148.772
2015-05-18,148.817,148.907
2015-05-19,148.922,149.116
2015-05-20,149.131,148.937
2015-05-21,148.951,149.08
2015-05-22,149.095,149.093
2015-05-25,149.137,149.071
2015-05-26,149.087,149.019
2015-05-27,149.033,149.05
2015-05-28,149.065,148.984
2015-05-29,148.999,148.911
2015-06-01,148.953,149.089
2015-06-02,149.104,149.092
2015-06-03,149.107,149.116
2015-06-04,149.13,149.073
2015-06-05,149.088,149.147
2015-06-08,149.192,149.224
2015-06-09,149.238,149.225
2015-06-10,149.24,149.241
2015-06-11,149.255,149.232
2015-06-12,149.247,149.243
2015-06-15,149.288,149.347
2015-06-16,149.362,149.381
2015-06-17,149.396,149.387
2015-06-18,149.402,149.376
2015-06-19,149.391,149.372
2015-06-23,149.432,149.474
2015-06-24,149.489,149.454
2015-06-25,149.468,149.568
2015-06-26,149.583,149.595
2015-06-29,149.639,149.631
2015-06-30,149.645,149.64
2015-07-01,149.653,149.568
2015-07-02,149.583,149.625
2015-07-03,149.64,149.634
2015-07-06,149.678,149.721
2015-07-07,149.736,149.774
2015-07-08,149.789,149.777
2015-07-09,149.792,149.458
2015-07-10,149.473,149.505
2015-07-13,149.55,149.62
2015-07-14,149.635,149.642
2015-07-15,149.657,149.685
2015-07-16,149.7,149.697
2015-07-17,149.712,149.693
2015-07-20,149.737,150.013
2015-07-21,150.027,150.085
2015-07-22,150.1,150.143
2015-07-23,150.158,150.193
2015-07-24,150.208,150.209
2015-07-27,150.253,150.173
2015-07-28,150.188,150.265
2015-07-29,150.281,150.316
2015-07-30,150.33,150.379
2015-07-31,150.394,150.295
2015-08-03,150.34,150.339
2015-08-04,150.354,150.265
2015-08-05,150.28,150.342
2015-08-06,150.357,150.442
2015-08-07,150.457,150.522
2015-08-10,150.567,150.559
2015-08-11,150.574,150.537
2015-08-12,150.552,150.526
2015-08-13,150.541,150.564
2015-08-14,150.579,150.552
2015-08-17,150.597,150.589
2015-08-18,150.604,150.597
2015-08-19,150.611,150.612
2015-08-20,150.627,150.664
2015-08-21,150.679,150.717
2015-08-24,150.761,150.738
2015-08-25,150.753,150.7
2015-08-26,150.715,150.749
2015-08-27,150.764,150.774
2015-08-28,150.789,150.78
2015-08-31,150.825,150.911
2015-09-01,150.926,150.948
2015-09-02,150.963,151.032
2015-09-07,151.105,151.134
2015-09-08,151.148,151.117
2015-09-09,151.132,151.184
2015-09-10,151.199,151.22
2015-09-11,151.235,151.326
2015-09-14,151.37,151.374
2015-09-15,151.388,151.338
2015-09-16,151.353,151.324
2015-09-17,151.339,151.381
2015-09-18,151.396,151.407
2015-09-21,151.452,151.458
2015-09-22,151.473,151.469
2015-09-23,151.484,151.472
2015-09-24,151.487,151.487
2015-09-25,151.502,151.505
2015-09-28,151.548,151.547
2015-09-29,151.562,151.599
2015-09-30,151.614,151.623
2015-10-08,151.742,151.734
2015-10-09,151.749,151.801
2015-10-12,151.846,151.993
2015-10-13,152.008,152.104
2015-10-14,152.12,152.175
2015-10-15,152.19,152.261
2015-10-16,152.276,152.297
2015-10-19,152.342,152.394
2015-10-20,152.409,152.471
2015-10-21,152.487,152.519
2015-10-22,152.534,152.54
2015-10-23,152.554,152.578
2015-10-26,152.623,152.655
2015-10-27,152.67,152.752
2015-10-28,152.767,152.778
2015-10-29,152.793,152.764
2015-10-30,152.779,152.787
2015-11-02,152.833,152.843
2015-11-03,152.858,152.845
2015-11-04,152.858,152.839
2015-11-05,152.849,152.764
2015-11-06,152.779,152.777
2015-11-09,152.82,152.717
2015-11-10,152.732,152.725
2015-11-11,152.741,152.744
2015-11-12,152.759,152.753
2015-11-13,152.768,152.762
2015-11-16,152.807,152.783
2015-11-17,152.798,152.816
2015-11-18,152.832,152.852
2015-11-19,152.867,152.905
2015-11-20,152.92,152.946
2015-11-23,152.991,152.987
2015-11-24,153.002,153.002
2015-11-25,153.016,152.997
2015-11-26,153.013,153.127
2015-11-27,153.142,153.011
2015-11-30,153.056,153.091
2015-12-01,153.106,153.131
2015-12-02,153.146,153.179
2015-12-03,153.194,153.211
2015-12-04,153.226,153.275
2015-12-07,153.32,153.269
2015-12-08,153.284,153.342
2015-12-09,153.358,153.395
2015-12-10,153.411,153.426
2015-12-11,153.441,153.51
2015-12-14,153.555,153.497
2015-12-15,153.512,153.658
2015-12-16,153.673,153.613
2015-12-17,153.628,153.667
2015-12-18,153.682,153.805
2015-12-21,153.85,154.05
2015-12-22,154.065,154.161
2015-12-23,154.176,154.237
2015-12-24,154.253,154.311
2015-12-25,154.326,154.362
2015-12-28,154.407,154.531
2015-12-29,154.546,154.614
2015-12-30,154.629,154.632
2015-12-31,154.647,154.544
2016-01-04,154.605,154.663
2016-01-05,154.677,154.701
2016-01-06,154.716,154.729
2016-01-07,154.744,154.712
2016-01-08,154.727,154.736
2016-01-11,154.781,154.885
2016-01-12,154.9,155.01
2016-01-13,155.025,155.12
2016-01-14,155.135,155.175
2016-01-15,155.19,155.205
2016-01-18,155.251,155.204
2016-01-19,155.219,155.193
2016-01-20,155.209,155.13
2016-01-21,155.145,155.227
2016-01-22,155.244,155.291
2016-01-25,155.337,155.254
2016-01-26,155.269,155.245
2016-01-27,155.26,155.191
2016-01-28,155.206,155.222
2016-01-29,155.237,155.201
2016-02-01,155.246,155.302
2016-02-02,155.317,155.265
2016-02-03,155.279,155.263
2016-02-04,155.278,155.314
2016-02-05,155.329,155.329
2016-02-15,155.479,155.536
2016-02-16,155.551,155.537
2016-02-17,155.552,155.537
2016-02-18,155.552,155.524
2016-02-19,155.539,155.59
2016-02-22,155.635,155.652
2016-02-23,155.667,155.679
2016-02-24,155.694,155.746
2016-02-25,155.761,155.704
2016-02-26,155.719,155.761
2016-02-29,155.792,155.721
2016-03-01,155.736,155.699
2016-03-02,155.714,155.771
2016-03-03,155.786,155.76
2016-03-04,155.775,155.774
2016-03-07,155.819,155.802
2016-03-08,155.817,155.822
2016-03-09,155.837,155.879
2016-03-10,155.894,155.899
2016-03-11,155.914,155.953
2016-03-14,155.998,156.047
2016-03-15,156.062,156.046
2016-03-16,156.061,156.091
2016-03-17,156.106,156.192
2016-03-18,156.207,156.202
2016-03-21,156.247,156.224
2016-03-22,156.238,156.292
2016-03-23,156.307,156.395
2016-03-24,156.41,156.43
2016-03-25,156.445,156.48
2016-03-28,156.524,156.56
2016-03-29,156.574,156.59
2016-03-30,156.605,156.591
2016-03-31,156.605,156.625
2016-04-01,156.639,156.648
2016-04-05,156.708,156.716
2016-04-06,156.731,156.724
2016-04-07,156.739,156.714
2016-04-08,156.729,156.721
2016-04-11,156.766,156.749
2016-04-12,156.764,156.787
2016-04-13,156.802,156.744
2016-04-14,156.76,156.747
2016-04-15,156.761,156.756
2016-04-18,156.801,156.804
2016-04-19,156.82,156.808
2016-04-20,156.823,156.796
2016-04-21,156.81,156.717
2016-04-22,156.732,156.7
2016-04-25,156.745,156.584
2016-04-26,156.599,156.595
2016-04-27,156.61,156.616
2016-04-28,156.631,156.671
2016-04-29,156.687,156.684
2016-05-03,156.744,156.745
2016-05-04,156.76,156.781
2016-05-05,156.796,156.774
2016-05-06,156.789,156.823
2016-05-09,156.869,156.878
2016-05-10,156.893,156.907
2016-05-11,156.922,156.938
2016-05-12,156.953,157.045
2016-05-13,157.06,157.139
2016-05-16,157.184,157.156
2016-05-17,157.171,157.167
2016-05-18,157.182,157.163
2016-05-19,157.178,157.164
2016-05-20,157.179,157.176
2016-05-23,157.221,157.162
2016-05-24,157.177,157.177
2016-05-25,157.192,157.159
2016-05-26,157.174,157.176
2016-05-27,157.191,157.148
2016-05-30,157.192,157.233
2016-05-31,157.249,157.183
2016-06-01,157.198,157.202
2016-06-02,157.217,157.209
2016-06-03,157.223,157.205
2016-06-06,157.25,157.216
2016-06-07,157.231,157.226
2016-06-08,157.241,157.227
2016-06-13,157.302,157.266
2016-06-14,157.281,157.262
2016-06-15,157.277,157.306
2016-06-16,157.321,157.326
2016-06-17,157.337,157.363
2016-06-20,157.408,157.518
2016-06-21,157.533,157.52
2016-06-22,157.535,157.533
2016-06-23,157.547,157.556
2016-06-24,157.571,157.534
2016-06-27,157.579,157.66
2016-06-28,157.675,157.591
2016-06-29,157.606,157.65
2016-06-30,157.667,157.67
2016-07-01,157.685,157.767
2016-07-04,157.808,157.811
2016-07-05,157.826,157.794
2016-07-06,157.808,157.841
2016-07-07,157.856,157.947
2016-07-08,157.962,157.955
2016-07-11,157.996,158.003
2016-07-12,158.018,158.026
2016-07-13,158.041,158.013
2016-07-14,158.028,158.022
2016-07-15,158.037,158.029
2016-07-18,158.074,158.075
2016-07-19,158.09,158.112
2016-07-20,158.127,158.182
2016-07-21,158.201,158.283
2016-07-22,158.298,158.295
2016-07-25,158.34,158.331
2016-07-26,158.346,158.338
2016-07-27,158.355,158.35
2016-07-28,158.365,158.388
2016-07-29,158.403,158.444
2016-08-01,158.489,158.51
2016-08-02,158.525,158.545
2016-08-03,158.56,158.573
2016-08-04,158.589,158.617
2016-08-05,158.632,158.591
2016-08-08,158.636,158.701
2016-08-09,158.716,158.835
2016-08-10,158.85,158.925
2016-08-11,158.94,158.972
2016-08-12,158.987,159.065
2016-08-15,159.109,159.156
2016-08-16,159.17,159.199
2016-08-17,159.215,159.192
2016-08-18,159.207,159.213
2016-08-19,159.228,159.208
2016-08-22,159.253,159.175
2016-08-23,159.19,159.202
2016-08-24,159.217,159.152
2016-08-25,159.166,159.184
2016-08-26,159.199,159.213
2016-08-29,159.255,159.23
2016-08-30,159.245,159.195
2016-08-31,159.21,159.219
2016-09-01,159.233,159.22
2016-09-02,159.235,159.236
2016-09-05,159.281,159.263
2016-09-06,159.278,159.256
2016-09-07,159.271,159.232
2016-09-08,159.247,159.276
2016-09-09,159.291,159.332
2016-09-12,159.377,159.359
2016-09-13,159.374,159.395
2016-09-14,159.408,159.428
2016-09-19,159.502,159.394
2016-09-20,159.409,159.449
2016-09-21,159.464,159.5
2016-09-22,159.515,159.528
2016-09-23,159.543,159.565
2016-09-26,159.609,159.614
2016-09-27,159.63,159.623
2016-09-28,159.638,159.613
2016-09-29,159.628,159.676
2016-09-30,159.691,159.728
2016-10-10,159.876,159.93
2016-10-11,159.945,159.966
2016-10-12,159.981,159.97
2016-10-13,159.985,159.989
2016-10-14,160.003,160.03
2016-10-17,160.074,160.085
2016-10-18,160.1,160.131
2016-10-19,160.146,160.382
2016-10-20,160.397,160.565
2016-10-21,160.58,160.666
2016-10-24,160.711,160.661
2016-10-25,160.676,160.67
2016-10-26,160.685,160.653
2016-10-27,160.668,160.671
2016-10-28,160.686,160.714
2016-10-31,160.759,160.722
2016-11-01,160.737,160.715
2016-11-02,160.73,160.72
2016-11-03,160.735,160.787
2016-11-04,160.802,160.818
2016-11-07,160.862,160.772
2016-11-08,160.792,160.787
2016-11-09,160.805,160.821
2016-11-10,160.835,160.792
2016-11-11,160.807,160.766
2016-11-14,160.811,160.779
2016-11-15,160.794,160.709
2016-11-16,160.724,160.751
2016-11-17,160.766,160.63
2016-11-18,160.649,160.635
2016-11-21,160.679,160.678
2016-11-22,160.692,160.667
2016-11-23,160.682,160.727
2016-11-24,160.75,160.725
2016-11-25,160.74,160.65
2016-11-28,160.694,160.639
2016-11-29,160.654,160.562
2016-11-30,160.577,160.362
2016-12-01,160.377,160.359
2016-12-02,160.375,160.395
2016-12-05,160.439,160.412
2016-12-06,160.427,160.295
2016-12-07,160.31,160.278
2016-12-08,160.3,160.319
2016-12-09,160.334,160.256
2016-12-12,160.303,160.104
2016-12-13,160.119,160.011
2016-12-14,160.026,159.945
2016-12-15,159.96,159.62
2016-12-16,159.635,159.586
2016-12-19,159.626,159.574
2016-12-20,159.587,159.49
2016-12-21,159.505,159.533
2016-12-22,159.546,159.716
2016-12-23,159.73,159.784
2016-12-26,159.829,159.852
2016-12-27,159.867,159.741
2016-12-28,159.756,159.511
2016-12-29,159.525,159.672
2016-12-30,159.688,159.785
2017-01-03,159.85,159.712
2017-01-04,159.726,159.727
2017-01-05,159.741,159.674
2017-01-06,159.689,159.661
2017-01-09,159.705,159.731
2017-01-10,159.746,159.717
2017-01-11,159.732,159.657
2017-01-12,159.672,159.699
2017-01-13,159.714,159.671
2017-01-16,159.715,159.718
2017-01-17,159.725,159.619
2017-01-18,159.634,159.634
2017-01-19,159.649,159.63
2017-01-20,159.644,159.681
2017-01-23,159.726,159.665
2017-01-24,159.709,159.761
2017-01-25,159.776,159.66
2017-01-26,159.674,159.706
2017-02-03,159.824,159.803
2017-02-06,159.848,159.755
2017-02-07,159.769,159.659
2017-02-08,159.673,159.681
2017-02-09,159.695,159.725
2017-02-10,159.74,159.721
2017-02-13,159.764,159.761
2017-02-14,159.775,159.756
2017-02-15,159.771,159.712
2017-02-16,159.726,159.711
2017-02-17,159.725,159.733
2017-02-20,159.778,159.874
2017-02-21,159.889,159.88
2017-02-22,159.894,159.943
2017-02-23,159.958,159.932
2017-02-24,159.946,159.928
2017-02-27,159.972,160.023
2017-02-28,160.038,160.022
2017-03-01,160.037,160.013
2017-03-02,160.027,159.994
2017-03-03,160.009,160.007
2017-03-06,160.052,160.026
2017-03-07,160.041,160.047
2017-03-08,160.062,160.066
2017-03-09,160.081,160.032
2017-03-10,160.047,160.027
2017-03-13,160.071,160.072
2017-03-14,160.087,160.09
2017-03-15,160.105,160.076
2017-03-16,160.091,160.083
2017-03-17,160.098,159.993
2017-03-20,160.037,160.027
2017-03-21,160.042,160.034
2017-03-22,160.049,160.009
2017-03-23,160.024,160.037
2017-03-24,160.051,160.091
2017-03-27,160.136,160.163
2017-03-28,160.178,160.098
2017-03-29,160.112,160.164
2017-03-30,160.179,160.167
2017-03-31,160.18,160.18
2017-04-05,160.254,160.266
2017-04-06,160.281,160.307
2017-04-07,160.322,160.374
2017-04-10,160.418,160.461
2017-04-11,160.476,160.437
2017-04-12,160.451,160.437
2017-04-13,160.452,160.497
2017-04-14,160.512,160.515
2017-04-17,160.56,160.506
2017-04-18,160.521,160.527
2017-04-19,160.542,160.508
2017-04-20,160.523,160.49
2017-04-21,160.505,160.522
2017-04-24,160.569,160.554
2017-04-25,160.569,160.599
2017-04-26,160.614,160.581
2017-04-27,160.596,160.606
2017-04-28,160.621,160.614
2017-05-02,160.674,160.657
2017-05-03,160.672,160.661
2017-05-04,160.676,160.64
2017-05-05,160.654,160.639
2017-05-08,160.684,160.636
2017-05-09,160.651,160.636
2017-05-10,160.651,160.494
2017-05-11,160.507,160.411
2017-05-12,160.426,160.328
2017-05-15,160.373,160.091
2017-05-16,160.106,160.299
2017-05-17,160.314,160.21
2017-05-18,160.225,160.216
2017-05-19,160.231,160.182
2017-05-22,160.227,160.105
2017-05-23,160.12,160.139
2017-05-24,160.154,160.084
2017-05-25,160.099,160.069
2017-05-26,160.084,159.907
2017-05-31,159.981,160.154
2017-06-01,160.169,160.151
2017-06-02,160.166,160.187
2017-06-05,160.232,160.23
2017-06-06,160.245,160.147
2017-06-07,160.162,160.22
2017-06-08,160.236,160.189
2017-06-09,160.204,160.212
2017-06-12,160.257,160.285
2017-06-13,160.3,160.309
2017-06-14,160.325,160.353
2017-06-15,160.368,160.332
2017-06-16,160.347,160.411
2017-06-19,160.456,160.487
2017-06-20,160.502,160.485
2017-06-21,160.5,160.502
2017-06-22,160.517,160.492
2017-06-23,160.507,160.47
2017-06-26,160.515,160.382
2017-06-27,160.397,160.385
2017-06-28,160.4,160.438
2017-06-29,160.453,160.418
2017-06-30,160.433,160.411
2017-07-03,160.456,160.471
2017-07-04,160.486,160.373
2017-07-05,160.388,160.365
2017-07-06,160.38,160.418
2017-07-07,160.433,160.446
2017-07-10,160.491,160.418
2017-07-11,160.433,160.381
2017-07-12,160.396,160.393
2017-07-13,160.408,160.393
2017-07-14,160.409,160.409
2017-07-17,160.454,160.429
2017-07-18,160.443,160.421
2017-07-19,160.436,160.431
2017-07-20,160.447,160.421
2017-07-21,160.453,160.404
2017-07-24,160.449,160.464
2017-07-25,160.479,160.427
2017-07-26,160.442,160.407
2017-07-27,160.422,160.328
2017-07-28,160.343,160.344
2017-07-31,160.389,160.363
2017-08-01,160.378,160.253
2017-08-02,160.268,160.473
2017-08-03,160.488,160.355
2017-08-04,160.369,160.295
2017-08-07,160.34,160.344
2017-08-08,160.36,160.293
2017-08-09,160.308,160.305
2017-08-10,160.32,160.257
2017-08-11,160.27,160.333
2017-08-14,160.378,160.342
2017-08-15,160.358,160.541
2017-08-16,160.555,160.577
2017-08-17,160.593,160.572
2017-08-18,160.587,160.583
2017-08-21,160.631,160.56
2017-08-22,160.577,160.572
2017-08-23,160.587,160.557
2017-08-24,160.573,160.544
2017-08-25,160.56,160.517
2017-08-28,160.563,160.571
2017-08-29,160.587,160.573
2017-08-30,160.588,160.695
2017-08-31,160.71,160.712
2017-09-01,160.727,160.756
2017-09-04,160.802,160.772
2017-09-05,160.787,160.722
2017-09-06,160.752,160.534
2017-09-07,160.55,160.591
2017-09-08,160.606,160.574
2017-09-11,160.619,160.597
2017-09-12,160.615,160.578
2017-09-13,160.593,160.578
2017-09-14,160.592,160.587
2017-09-15,160.602,160.602
2017-09-18,160.647,160.623
2017-09-19,160.638,160.625
2017-09-20,160.64,160.629
2017-09-21,160.644,160.617
2017-09-22,160.632,160.581
2017-09-25,160.626,160.62
2017-09-26,160.636,160.623
2017-09-27,160.638,160.629
2017-09-28,160.644,160.661
2017-09-29,160.678,160.694
2017-10-09,160.847,160.793
2017-10-10,160.805,160.789
2017-10-11,160.805,160.806
2017-10-12,160.822,160.846
2017-10-13,160.861,160.873
2017-10-16,160.919,160.954
2017-10-17,160.971,160.972
2017-10-18,160.988,160.898
2017-10-19,160.914,160.916
2017-10-20,160.931,160.905
2017-10-23,160.951,160.937
2017-10-24,160.952,161.026
2017-10-25,161.041,161.046
2017-10-26,161.062,160.921
2017-10-27,160.936,160.867
2017-10-30,160.913,160.796
2017-10-31,160.812,160.813
2017-11-01,160.828,160.839
2017-11-02,160.854,160.828
2017-11-03,160.843,160.848
2017-11-06,160.894,160.896
2017-11-07,160.912,160.855
2017-11-08,160.87,160.832
2017-11-09,160.847,160.843
2017-11-10,160.865,160.885
2017-11-13,160.932,160.819
2017-11-14,160.834,160.739
2017-11-15,160.754,160.647
2017-11-16,160.661,160.674
2017-11-17,160.69,160.668
2017-11-20,160.714,160.697
2017-11-21,160.712,160.685
2017-11-22,160.7,160.674
2017-11-23,160.693,160.664
2017-11-24,160.679,160.715
2017-11-27,160.762,160.76
2017-11-28,160.778,160.783
2017-11-29,160.799,160.784
2017-11-30,160.799,160.806
2017-12-01,160.822,160.801
2017-12-04,160.847,160.834
2017-12-05,160.85,160.87
2017-12-06,160.886,160.869
2017-12-07,160.884,160.92
2017-12-08,160.935,160.918
2017-12-11,160.965,160.924
2017-12-12,160.939,160.878
2017-12-13,160.894,160.892
2017-12-14,160.907,160.921
2017-12-15,160.937,160.928
2017-12-18,160.974,160.987
2017-12-19,161.003,160.969
2017-12-20,160.984,160.983
2017-12-21,160.999,160.988
2017-12-22,161.003,161.02
2017-12-25,161.065,160.935
2017-12-26,160.951,160.964
2017-12-27,160.979,160.902
2017-12-28,160.918,160.865
2017-12-29,160.883,160.848
2018-01-02,160.911,160.97
2018-01-03,160.985,160.938
2018-01-04,160.953,160.914
2018-01-05,160.924,160.988
2018-01-08,161.034,161.091
2018-01-09,161.106,161.095
2018-01-10,161.11,161.122
2018-01-11,161.138,161.092
2018-01-12,161.108,161.032
2018-01-15,161.078,161.044
2018-01-16,161.059,161.057
2018-01-17,161.072,161.069
2018-01-18,161.084,161.087
2018-01-19,161.102,161.08
2018-01-22,161.126,161.115
2018-01-23,161.13,161.139
2018-01-24,161.155,161.178
2018-01-25,161.194,161.194
2018-01-26,161.21,161.237
2018-01-29,161.283,161.243
2018-01-30,161.258,161.266
2018-01-31,161.281,161.273
2018-02-01,161.289,161.27
2018-02-02,161.286,161.292
2018-02-05,161.339,161.32
2018-02-06,161.335,161.34
2018-02-07,161.355,161.352
2018-02-08,161.368,161.361
2018-02-09,161.376,161.384
2018-02-12,161.43,161.434
2018-02-13,161.449,161.471
2018-02-14,161.487,161.518
2018-02-22,161.642,161.646
2018-02-23,161.662,161.722
2018-02-26,161.769,161.832
2018-02-27,161.846,161.954
2018-02-28,161.968,162.047
2018-03-01,162.062,162.103
2018-03-02,162.118,162.123
2018-03-05,162.17,162.127
2018-03-06,162.145,162.208
2018-03-07,162.224,162.215
2018-03-08,162.231,162.284
2018-03-09,162.3,162.303
2018-03-12,162.349,162.346
2018-03-13,162.362,162.357
2018-03-14,162.373,162.351
2018-03-15,162.366,162.362
2018-03-16,162.377,162.386
2018-03-19,162.433,162.441
2018-03-20,162.457,162.516
2018-03-21,162.532,162.571
2018-03-22,162.587,162.616
2018-03-23,162.636,162.765
2018-03-26,162.817,162.82
2018-03-27,162.835,162.806
2018-03-28,162.822,162.871
2018-03-29,162.887,162.889
2018-03-30,162.905,162.963
2018-04-02,163.01,163.073
2018-04-03,163.089,163.146
2018-04-04,163.161,163.185
2018-04-09,163.264,163.365
2018-04-10,163.381,163.347
2018-04-11,163.361,163.328
2018-04-12,163.343,163.36
2018-04-13,163.375,163.381
2018-04-16,163.428,163.492
2018-04-17,163.508,163.558
2018-04-18,163.585,163.857
2018-04-19,163.869,163.915
2018-04-20,163.931,163.962
2018-04-23,164.009,163.934
2018-04-24,163.95,163.915
2018-04-25,163.931,163.925
2018-04-26,163.94,163.937
2018-04-27,163.953,163.922
2018-05-02,164.001,163.984
2018-05-03,164.0,164.116
2018-05-04,164.132,164.164
2018-05-07,164.212,164.23
2018-05-08,164.246,164.221
2018-05-09,164.236,164.176
2018-05-10,164.192,164.205
2018-05-11,164.22,164.251
2018-05-14,164.298,164.254
2018-05-15,164.27,164.284
2018-05-16,164.3,164.32
2018-05-17,164.336,164.31
2018-05-18,164.325,164.35
2018-05-21,164.397,164.458
2018-05-22,164.474,164.508
2018-05-23,164.523,164.535
2018-05-24,164.55,164.545
2018-05-25,164.558,164.571
2018-05-28,164.619,164.65
2018-05-29,164.666,164.643
2018-05-30,164.662,164.676
2018-05-31,164.692,164.699
2018-06-01,164.715,164.728
2018-06-04,164.775,164.689
2018-06-05,164.705,164.676
2018-06-06,164.692,164.709
2018-06-07,164.725,164.709
2018-06-08,164.725,164.736
2018-06-11,164.784,164.791
2018-06-12,164.807,164.783
2018-06-13,164.792,164.786
2018-06-14,164.802,164.842
2018-06-15,164.858,164.833
2018-06-19,164.894,164.922
2018-06-20,164.942,164.979
2018-06-21,164.995,165.073
2018-06-22,165.089,165.082
2018-06-25,165.13,165.167
2018-06-26,165.183,165.182
2018-06-27,165.198,165.206
2018-06-28,165.222,165.26
2018-06-29,165.276,165.444
2018-07-02,165.492,165.53
2018-07-03,165.545,165.629
2018-07-04,165.643,165.623
2018-07-05,165.639,165.746
2018-07-06,165.761,165.754
2018-07-09,165.802,165.793
2018-07-10,165.807,165.841
2018-07-11,165.857,165.888
2018-07-12,165.904,165.905
2018-07-13,165.921,165.927
2018-07-16,165.974,166.002
2018-07-17,166.018,166.057
2018-07-18,166.072,166.094
2018-07-19,166.11,166.147
2018-07-20,166.164,166.209
2018-07-23,166.258,166.283
2018-07-24,166.299,166.23
2018-07-25,166.239,166.241
2018-07-26,166.257,166.27
2018-07-27,166.286,166.31
2018-07-30,166.358,166.339
2018-07-31,166.355,166.415
2018-08-01,166.431,166.459
2018-08-02,166.476,166.482
2018-08-03,166.498,166.554
2018-08-06,166.603,166.618
2018-08-07,166.636,166.646
2018-08-08,166.662,166.628
2018-08-09,166.642,166.602
2018-08-10,166.618,166.547
2018-08-13,166.595,166.527
2018-08-14,166.542,166.582
2018-08-15,166.598,166.576
2018-08-16,166.592,166.55
2018-08-17,166.566,166.425
2018-08-20,166.473,166.441
2018-08-21,166.457,166.472
2018-08-22,166.488,166.482
2018-08-23,166.498,166.479
2018-08-24,166.495,166.531
2018-08-27,166.579,166.54
2018-08-28,166.556,166.543
2018-08-29,166.559,166.562
2018-08-30,166.578,166.591
2018-08-31,166.607,166.595
2018-09-03,166.645,166.617
2018-09-04,166.633,166.536
2018-09-05,166.552,166.587
2018-09-06,166.603,166.581
2018-09-07,166.597,166.593
2018-09-10,166.641,166.607
2018-09-11,166.623,166.62
2018-09-12,166.637,166.571
2018-09-13,166.587,166.58
2018-09-14,166.632,166.681
2018-09-17,166.729,166.735
2018-09-18,166.751,166.752
2018-09-19,166.768,166.708
2018-09-20,166.724,166.729
2018-09-21,166.746,166.748
2018-09-25,166.812,166.806
2018-09-26,166.822,166.876
2018-09-27,166.891,166.882
2018-09-28,166.898,166.917
2018-10-08,167.078,167.064
2018-10-09,167.08,167.101
2018-10-10,167.117,167.069
2018-10-11,167.085,167.162
2018-10-12,167.178,167.177
2018-10-15,167.225,167.146
2018-10-16,167.162,167.136
2018-10-17,167.153,167.169
2018-10-18,167.185,167.248
2018-10-19,167.264,167.272
2018-10-22,167.317,167.293
2018-10-23,167.31,167.325
2018-10-24,167.341,167.379
2018-10-25,167.395,167.406
2018-10-26,167.422,167.469
2018-10-29,167.518,167.574
2018-10-30,167.59,167.592
2018-10-31,167.608,167.638
2018-11-01,167.654,167.668
2018-11-02,167.677,167.653
2018-11-05,167.702,167.688
2018-11-06,167.704,167.75
2018-11-07,167.766,167.832
2018-11-08,167.848,167.881
2018-11-09,167.897,167.929
2018-11-12,167.977,167.991
2018-11-13,168.008,168.005
2018-11-14,168.022,168.111
2018-11-15,168.128,168.193
2018-11-16,168.21,168.277
2018-11-19,168.325,168.37
2018-11-20,168.388,168.398
2018-11-21,168.415,168.388
2018-11-22,168.404,168.39
2018-11-23,168.405,168.46
2018-11-26,168.509,168.534
2018-11-27,168.551,168.621
2018-11-28,168.637,168.629
2018-11-29,168.645,168.672
2018-11-30,168.689,168.694
2018-12-03,168.738,168.832
2018-12-04,168.849,168.929
2018-12-05,168.946,169.05
2018-12-06,169.066,169.107
2018-12-07,169.123,169.292
2018-12-10,169.341,169.369
2018-12-11,169.385,169.419
2018-12-12,169.433,169.435
2018-12-13,169.45,169.397
2018-12-14,169.413,169.429
2018-12-17,169.477,169.492
2018-12-18,169.508,169.496
2018-12-19,169.512,169.522
2018-12-20,169.538,169.551
2018-12-21,169.568,169.548
2018-12-24,169.596,169.574
2018-12-25,169.591,169.628
2018-12-26,169.644,169.673
2018-12-27,169.69,169.689
2018-12-28,169.706,169.882
2019-01-02,169.965,170.011
2019-01-03,170.028,170.106
2019-01-04,170.122,170.14
2019-01-07,170.188,170.196
2019-01-08,170.213,170.275
2019-01-09,170.291,170.275
2019-01-10,170.291,170.246
2019-01-11,170.263,170.247
2019-01-14,170.296,170.275
2019-01-15,170.292,170.284
2019-01-16,170.304,170.467
2019-01-17,170.483,170.506
2019-01-18,170.522,170.509
2019-01-21,170.556,170.541
2019-01-22,170.558,170.628
2019-01-23,170.644,170.627
2019-01-24,170.642,170.662
2019-01-25,170.678,170.69
2019-01-28,170.737,170.738
2019-01-29,170.755,170.779
2019-01-30,170.796,170.887
2019-01-31,170.904,170.964
2019-02-01,170.981,170.982
2019-02-11,171.139,171.132
2019-02-12,171.148,171.179
2019-02-13,171.195,171.196
2019-02-14,171.212,171.195
2019-02-15,171.212,171.223
2019-02-18,171.272,171.222
2019-02-19,171.237,171.242
2019-02-20,171.259,171.285
2019-02-21,171.301,171.314
2019-02-22,171.331,171.339
2019-02-25,171.388,171.444
2019-02-26,171.459,171.36
2019-02-27,171.375,171.388
2019-02-28,171.401,171.418
2019-03-01,171.436,171.42
2019-03-04,171.469,171.436
2019-03-05,171.453,171.433
2019-03-06,171.449,171.44
2019-03-07,171.456,171.5
2019-03-08,171.519,171.515
2019-03-11,171.565,171.572
2019-03-12,171.588,171.573
2019-03-13,171.589,171.608
2019-03-14,171.624,171.64
2019-03-15,171.657,171.627
2019-03-18,171.675,171.665
2019-03-19,171.682,171.701
2019-03-20,171.717,171.709
2019-03-21,171.728,171.733
2019-03-22,171.749,171.754
2019-03-25,171.804,171.855
2019-03-26,171.871,171.925
2019-03-27,171.942,171.967
2019-03-28,171.983,172.035
2019-03-29,172.05,172.023
2019-04-01,172.07,172.046
2019-04-02,172.062,172.081
2019-04-03,172.097,172.05
2019-04-04,172.067,172.023
2019-04-08,172.088,172.033
2019-04-09,172.048,172.026
2019-04-10,172.042,172.186
2019-04-11,172.202,172.235
2019-04-12,172.251,172.012
2019-04-15,172.052,172.0
2019-04-16,172.016,172.008
2019-04-17,172.024,171.96
2019-04-18,171.976,171.961
2019-04-19,171.978,171.991
2019-04-22,172.04,172.042
2019-04-23,172.058,172.031
2019-04-24,172.047,171.988
2019-04-25,172.004,171.993
2019-04-26,172.009,171.963
2019-04-29,172.011,172.002
2019-04-30,172.019,172.018
2019-05-06,172.12,172.145
2019-05-07,172.161,172.142
2019-05-08,172.163,172.191
2019-05-09,172.207,172.241
2019-05-10,172.256,172.244
2019-05-13,172.294,172.207
2019-05-14,172.226,172.19
2019-05-15,172.204,172.314
2019-05-16,172.331,172.344
2019-05-17,172.358,172.358
2019-05-20,172.412,172.41
2019-05-21,172.426,172.39
2019-05-22,172.406,172.371
2019-05-23,172.387,172.411
2019-05-24,172.427,172.464
2019-05-27,172.512,172.502
2019-05-28,172.518,172.512
2019-05-29,172.53,172.533
2019-05-30,172.55,172.556
2019-05-31,172.573,172.555
2019-06-03,172.605,172.633
2019-06-04,172.648,172.674
2019-06-05,172.686,172.721
2019-06-06,172.734,172.756
2019-06-10,172.82,172.844
2019-06-11,172.86,172.839
2019-06-12,172.856,172.834
2019-06-13,172.85,172.874
2019-06-14,172.891,172.974
2019-06-17,173.022,173.024
2019-06-18,173.04,172.752
2019-06-19,172.766,173.052
2019-06-20,173.072,173.196
2019-06-21,173.212,173.241
2019-06-24,173.29,173.29
2019-06-25,173.306,173.23
2019-06-26,173.246,173.295
2019-06-27,173.311,173.304
2019-06-28,173.32,173.313
2019-07-01,173.362,173.362
2019-07-02,173.379,173.407
2019-07-03,173.43,173.435
2019-07-04,173.447,173.46
2019-07-05,173.477,173.512
2019-07-08,173.56,173.535
2019-07-09,173.551,173.535
2019-07-10,173.551,173.536
2019-07-11,173.554,173.59
2019-07-12,173.607,173.648
2019-07-15,173.698,173.763
2019-07-16,173.78,173.778
2019-07-17,173.795,173.722
2019-07-18,173.738,173.747
2019-07-19,173.764,173.745
2019-07-22,173.794,173.85
2019-07-23,173.868,173.865
2019-07-24,173.881,173.883
2019-07-25,173.9,173.899
2019-07-26,173.916,173.914
2019-07-29,173.964,173.954
2019-07-30,173.97,173.97
2019-07-31,173.987,174.022
2019-08-01,174.036,174.063
2019-08-02,174.086,174.107
2019-08-05,174.155,174.215
2019-08-06,174.232,174.243
2019-08-07,174.259,174.276
2019-08-08,174.292,174.345
2019-08-09,174.361,174.419
2019-08-12,174.468,174.446
2019-08-13,174.466,174.512
2019-08-14,174.529,174.598
2019-08-15,174.619,174.639
2019-08-16,174.656,174.645
2019-08-19,174.694,174.709
2019-08-20,174.725,174.766
2019-08-21,174.782,174.729
2019-08-22,174.748,174.828
2019-08-23,174.844,174.805
2019-08-26,174.858,174.904
2019-08-27,174.92,174.914
2019-08-28,174.931,174.98
2019-08-29,174.996,175.0
2019-08-30,175.015,174.98
2019-09-02,175.029,175.016
2019-09-03,175.033,175.023
2019-09-04,175.04,175.06
2019-09-05,175.079,175.107
2019-09-06,175.123,175.226
2019-09-09,175.274,175.276
2019-09-10,175.292,175.278
2019-09-11,175.293,175.301
2019-09-12,175.314,175.293
2019-09-16,175.358,175.341
2019-09-17,175.358,175.366
2019-09-18,175.383,175.349
2019-09-19,175.365,175.344
2019-09-20,175.36,175.362
2019-09-23,175.412,175.399
2019-09-24,175.415,175.41
2019-09-25,175.426,175.455
2019-09-26,175.47,175.465
2019-09-27,175.481,175.472
2019-09-30,175.524,175.532
2019-10-08,175.664,175.758
2019-10-09,175.774,175.81
2019-10-10,175.828,175.858
2019-10-11,175.873,175.872
2019-10-14,175.921,175.681
2019-10-15,175.697,175.497
2019-10-16,175.513,175.553
2019-10-17,175.57,175.619
2019-10-18,175.631,175.585
2019-10-21,175.634,175.621
2019-10-22,175.638,175.584
2019-10-23,175.6,175.661
2019-10-24,175.678,175.648
2019-10-25,175.664,175.903
2019-10-28,175.952,175.862
2019-10-29,175.878,175.808
2019-10-30,175.825,175.753
2019-10-31,175.77,175.764
2019-11-01,175.781,175.803
2019-11-04,175.853,175.8
2019-11-05,175.816,175.84
2019-11-06,175.856,175.863
2019-11-07,175.879,175.902
2019-11-08,175.918,175.901
2019-11-11,175.951,175.956
2019-11-12,175.973,175.937
2019-11-13,175.954,175.979
2019-11-14,175.996,175.985
2019-11-15,176.001,175.998
2019-11-18,176.048,176.132
2019-11-19,176.151,176.198
2019-11-20,176.215,176.235
2019-11-21,176.252,176.301
2019-11-22,176.317,176.369
2019-11-25,176.418,176.353
2019-11-26,176.369,176.38
2019-11-27,176.397,176.398
2019-11-28,176.414,176.419
2019-11-29,176.436,176.45
2019-12-02,176.496,176.438
2019-12-03,176.455,176.457
2019-12-04,176.473,176.46
2019-12-05,176.477,176.492
2019-12-06,176.508,176.504
2019-12-09,176.553,176.555
2019-12-10,176.571,176.587
2019-12-11,176.604,176.598
2019-12-12,176.615,176.618
2019-12-13,176.632,176.602
2019-12-16,176.651,176.654
2019-12-17,176.67,176.666
2019-12-18,176.683,176.671
2019-12-19,176.688,176.71
2019-12-20,176.727,176.774
2019-12-23,176.818,176.837
2019-12-24,176.854,176.934
2019-12-25,176.951,176.962
2019-12-26,176.979,177.071
2019-12-27,177.088,177.152
2019-12-30,177.202,177.212
2019-12-31,177.229,177.274
2020-01-02,177.305,177.326
2020-01-03,177.342,177.331
2020-01-06,177.381,177.393
2020-01-07,177.408,177.406
2020-01-08,177.423,177.439
2020-01-09,177.453,177.459
2020-01-10,177.475,177.54
2020-01-13,177.589,177.639
2020-01-14,177.655,177.669
2020-01-15,177.685,177.694
2020-01-16,177.711,177.727
2020-01-17,177.744,177.778
2020-01-20,177.829,177.846
2020-01-21,177.863,177.953
2020-01-22,177.97,178.058
2020-01-23,178.075,178.151
2020-02-03,178.354,178.583
2020-02-04,178.6,178.756
2020-02-05,178.771,178.784
2020-02-06,178.799,178.873
2020-02-07,178.89,179.115
2020-02-10,179.165,179.204
2020-02-11,179.221,179.14
2020-02-12,179.154,179.139
2020-02-13,179.156,179.16
2020-02-14,179.177,179.175
2020-02-17,179.223,179.178
2020-02-18,179.196,178.768
2020-02-19,178.785,178.763
2020-02-20,178.779,178.658
2020-02-21,178.676,178.81
2020-02-24,178.861,178.821
2020-02-25,178.836,178.845
2020-02-26,178.865,179.264
2020-02-27,179.283,179.374
2020-02-28,179.394,179.437
2020-03-02,179.468,179.5
2020-03-03,179.514,179.544
2020-03-04,179.565,179.65
2020-03-05,179.665,179.728
2020-03-06,179.746,179.878
2020-03-09,179.961,180.593
2020-03-10,180.593,180.502
2020-03-11,180.518,180.843
2020-03-12,180.86,180.848
2020-03-13,180.861,180.733
2020-03-16,180.784,180.751
2020-03-17,180.762,180.711
2020-03-18,180.727,180.716
2020-03-19,180.733,180.805
2020-03-20,180.821,180.851
2020-03-23,180.911,181.078
2020-03-24,181.086,181.178
2020-03-25,181.189,181.207
2020-03-26,181.224,181.25
2020-03-27,181.265,181.29
2020-03-30,181.339,181.293
2020-03-31,181.312,181.343
2020-04-01,181.36,181.497
2020-04-02,181.515,181.561
2020-04-03,181.574,181.561
2020-04-07,181.632,181.747
2020-04-08,181.762,181.818
2020-04-09,181.835,181.937
2020-04-10,181.953,181.975
2020-04-13,182.024,182.054
2020-04-14,182.071,182.034
2020-04-15,182.05,182.109
2020-04-16,182.125,182.149
2020-04-17,182.165,182.182
2020-04-20,182.233,182.192
2020-04-21,182.209,182.279
2020-04-22,182.297,182.382
2020-04-23,182.398,182.507
2020-04-24,182.525,182.497
2020-04-27,182.545,182.617
2020-04-28,182.634,182.639
2020-04-29,182.655,182.763
2020-04-30,182.779,182.705
2020-05-06,182.804,182.773
2020-05-07,182.789,182.777
2020-05-08,182.793,182.974
2020-05-11,183.023,182.913
2020-05-12,182.93,182.907
2020-05-13,182.923,182.908
2020-05-14,182.924,182.91
2020-05-15,182.928,182.861
2020-05-18,182.91,182.892
2020-05-19,182.906,182.795
2020-05-20,182.811,182.785
2020-05-21,182.799,182.773
2020-05-22,182.793,182.782
2020-05-25,182.829,182.755
2020-05-26,182.772,182.69
2020-05-27,182.706,182.641
2020-05-28,182.658,182.682
2020-05-29,182.699,182.686
2020-06-01,182.737,182.761
2020-06-02,182.776,182.696
2020-06-03,182.711,182.652
2020-06-04,182.668,182.66
2020-06-05,182.676,182.623
2020-06-08,182.671,182.609
2020-06-09,182.625,182.609
2020-06-10,182.625,182.629
2020-06-11,182.646,182.647
2020-06-12,182.674,182.694
2020-06-15,182.745,182.692
2020-06-16,182.697,182.596
2020-06-17,182.613,182.594
2020-06-18,182.617,182.562
2020-06-19,182.579,182.578
2020-06-22,182.627,182.608
2020-06-23,182.625,182.451
2020-06-24,182.469,182.387
2020-06-29,182.468,182.462
2020-06-30,182.478,182.429
2020-07-01,182.447,182.477
2020-07-02,182.493,182.494
2020-07-03,182.509,182.472
2020-07-06,182.517,182.32
2020-07-07,182.324,182.202
2020-07-08,182.217,182.217
2020-07-09,182.233,182.148
2020-07-10,182.166,182.117
2020-07-13,182.164,182.188
2020-07-14,182.206,182.169
2020-07-15,182.184,182.154
2020-07-16,182.17,182.172
2020-07-17,182.185,182.193
2020-07-20,182.241,182.213
2020-07-21,182.231,182.314
2020-07-22,182.331,182.34
2020-07-23,182.359,182.347
2020-07-24,182.364,182.435
2020-07-27,182.484,182.509
2020-07-28,182.525,182.571
2020-07-29,182.587,182.55
2020-07-30,182.565,182.592
2020-07-31,182.609,182.548
2020-08-03,182.593,182.622
2020-08-04,182.639,182.677
2020-08-05,182.694,182.658
2020-08-06,182.674,182.582
2020-08-07,182.598,182.598
2020-08-10,182.645,182.658
2020-08-11,182.675,182.687
2020-08-12,182.702,182.754
2020-08-13,182.77,182.775
2020-08-14,182.792,182.837
2020-08-17,182.885,182.799
2020-08-18,182.814,182.793
2020-08-19,182.809,182.686
2020-08-20,182.702,182.676
2020-08-21,182.692,182.74
2020-08-24,182.788,182.756
2020-08-25,182.773,182.761
2020-08-26,182.777,182.664
2020-08-27,182.68,182.666
2020-08-28,182.682,182.55
2020-08-31,182.598,182.626
2020-09-01,182.643,182.631
2020-09-02,182.647,182.614
2020-09-03,182.631,182.619
2020-09-04,182.639,182.655
2020-09-07,182.704,182.644
2020-09-08,182.659,182.652
2020-09-09,182.669,182.633
2020-09-10,182.647,182.731
2020-09-11,182.747,182.734
2020-09-14,182.782,182.803
2020-09-15,182.819,182.822
2020-09-16,182.838,182.829
2020-09-17,182.845,182.867
2020-09-18,182.883,182.821
2020-09-21,182.869,182.956
2020-09-22,182.973,183.038
2020-09-23,183.054,183.037
2020-09-24,183.053,183.041
2020-09-25,183.058,182.961
2020-09-28,183.014,183.002
2020-09-29,183.018,183.022
2020-09-30,183.039,183.044
2020-10-09,183.187,183.175
2020-10-12,183.223,183.162
2020-10-13,183.178,183.187
2020-10-14,183.203,183.185
2020-10-15,183.201,183.119
2020-10-16,183.136,183.113
2020-10-19,183.16,183.167
2020-10-20,183.184,183.224
2020-10-21,183.237,183.1
2020-10-22,183.115,183.196
2020-10-23,183.212,183.164
2020-10-26,183.212,183.18
2020-10-27,183.196,183.207
2020-10-28,183.223,183.165
2020-10-29,183.182,183.038
2020-10-30,183.054,182.999
2020-11-02,183.046,183.047
2020-11-03,183.061,183.041
2020-11-04,183.058,183.109
2020-11-05,183.122,183.113
2020-11-06,183.129,183.106
2020-11-09,183.155,183.082
2020-11-10,183.096,183.116
2020-11-11,183.135,183.137
2020-11-12,183.154,183.117
2020-11-13,183.133,183.11
2020-11-16,183.158,183.134
2020-11-17,183.15,183.034
2020-11-18,183.051,183.038
2020-11-19,183.054,182.979
2020-11-20,182.995,182.929
2020-11-23,182.978,182.975
2020-11-24,182.995,182.987
2020-11-25,183.003,182.999
2020-11-26,183.015,183.02
2020-11-27,183.036,183.068
2020-11-30,183.116,183.114
2020-12-01,183.131,183.146
2020-12-02,183.164,183.181
2020-12-03,183.197,183.226
2020-12-04,183.242,183.202
2020-12-07,183.25,183.24
2020-12-08,183.256,183.216
2020-12-09,183.231,183.306
2020-12-10,183.322,183.357
2020-12-11,183.373,183.365
2020-12-14,183.413,183.394
2020-12-15,183.41,183.46
2020-12-16,183.477,183.424
2020-12-17,183.44,183.4
2020-12-18,183.416,183.397
2020-12-21,183.446,183.458
2020-12-22,183.474,183.466
2020-12-23,183.482,183.507
2020-12-24,183.524,183.513
2020-12-25,183.529,183.561
2020-12-28,183.611,183.616
2020-12-29,183.632,183.694
2020-12-30,183.711,183.728
2020-12-31,183.744,183.778
2021-01-04,183.843,183.855
2021-01-05,183.871,183.888
2021-01-06,183.904,183.949
2021-01-07,183.965,183.991
2021-01-08,184.008,184.026
2021-01-11,184.074,184.056
2021-01-12,184.072,184.176
2021-01-13,184.192,184.243
2021-01-14,184.259,184.225
2021-01-15,184.241,184.24
2021-01-18,184.287,184.242
2021-01-19,184.258,184.248
2021-01-20,184.264,184.292
2021-01-21,184.302,184.308
2021-01-22,184.324,184.369
2021-01-25,184.417,184.462
2021-01-26,184.478,184.426
2021-01-27,184.44,184.405
2021-01-28,184.42,184.384
2021-01-29,184.401,184.393
2021-02-01,184.442,184.463
2021-02-02,184.478,184.463
2021-02-03,184.479,184.456
2021-02-04,184.473,184.434
2021-02-05,184.45,184.437
2021-02-08,184.486,184.469
2021-02-09,184.486,184.458
2021-02-10,184.474,184.506
2021-02-18,184.635,184.583
2021-02-19,184.6,184.62
2021-02-22,184.669,184.576
2021-02-23,184.592,184.571
2021-02-24,184.588,184.512
2021-02-25,184.526,184.466
2021-02-26,184.482,184.485
2021-03-01,184.535,184.516
2021-03-02,184.531,184.549
2021-03-03,184.565,184.63
2021-03-04,184.647,184.612
2021-03-05,184.628,184.639
2021-03-08,184.687,184.691
2021-03-09,184.707,184.713
2021-03-10,184.729,184.795
2021-03-11,184.812,184.771
2021-03-12,184.783,184.752
2021-03-15,184.8,184.844
2021-03-16,184.86,184.842
2021-03-17,184.858,184.85
2021-03-18,184.872,184.868
2021-03-19,184.885,184.999
2021-03-22,185.048,185.032
2021-03-23,185.049,185.097
2021-03-24,185.115,185.113
2021-03-25,185.13,185.143
2021-03-26,185.16,185.135
2021-03-29,185.184,185.206
2021-03-30,185.223,185.251
2021-03-31,185.269,185.26
2021-04-01,185.258,185.328
2021-04-02,185.344,185.249
2021-04-06,185.315,185.398
2021-04-07,185.415,185.365
2021-04-08,185.381,185.347
2021-04-09,185.363,185.375
2021-04-12,185.424,185.654
2021-04-13,185.671,185.766
2021-04-14,185.782,185.777
2021-04-15,185.793,185.659
2021-04-16,185.675,185.707
2021-04-19,185.756,185.779
2021-04-20,185.796,185.681
2021-04-21,185.697,185.777
2021-04-22,185.794,185.794
2021-04-23,185.811,185.821
2021-04-26,185.868,185.767
2021-04-27,185.783,185.783
2021-04-28,185.799,185.837
2021-04-29,185.854,185.852
2021-04-30,185.869,185.916
2021-05-06,186.014,185.995
2021-05-07,186.012,186.01
2021-05-10,186.059,186.084
2021-05-11,186.101,186.098
2021-05-12,186.116,186.154
2021-05-13,186.17,186.265
2021-05-14,186.281,186.245
2021-05-17,186.294,186.276
2021-05-18,186.293,186.326
2021-05-19,186.342,186.368
2021-05-20,186.385,186.428
2021-05-21,186.445,186.499
2021-05-24,186.548,186.538
2021-05-25,186.555,186.502
2021-05-26,186.518,186.544
2021-05-27,186.56,186.547
2021-05-28,186.563,186.601
2021-05-31,186.65,186.621
2021-06-01,186.638,186.686
2021-06-02,186.702,186.716
2021-06-03,186.732,186.664
2021-06-04,186.68,186.612
2021-06-07,186.661,186.572
2021-06-08,186.589,186.549
2021-06-09,186.565,186.432
2021-06-10,186.449,186.522
2021-06-11,186.538,186.513
2021-06-15,186.578,186.504
2021-06-16,186.52,186.582
2021-06-17,186.599,186.661
2021-06-18,186.678,186.673
2021-06-21,186.723,186.733
2021-06-22,186.693,186.785
2021-06-23,186.801,186.808
2021-06-24,186.824,186.819
2021-06-25,186.836,186.909
2021-06-28,186.959,186.933
2021-06-29,186.95,186.754
2021-06-30,186.77,186.856
2021-07-01,186.873,186.811
2021-07-02,186.827,186.795
2021-07-05,186.846,186.801
2021-07-06,186.82,186.841
2021-07-07,186.858,186.893
2021-07-08,186.915,187.025
2021-07-09,187.042,187.052
2021-07-12,187.102,187.184
2021-07-13,187.201,187.327
2021-07-14,187.344,187.499
2021-07-15,187.514,187.532
2021-07-16,187.548,187.637
2021-07-19,187.686,187.726
2021-07-20,187.743,187.779
2021-07-21,187.796,187.847
2021-07-22,187.863,187.942
2021-07-23,187.956,187.972
2021-07-26,188.022,187.951
2021-07-27,187.967,188.04
2021-07-28,188.055,188.066
2021-07-29,188.082,188.102
2021-07-30,188.119,188.211
2021-08-02,188.261,188.448
2021-08-03,188.465,188.409
2021-08-04,188.424,188.475
2021-08-05,188.492,188.607
2021-08-06,188.622,188.665
2021-08-09,188.713,188.586
2021-08-10,188.603,188.614
2021-08-11,188.63,188.62
2021-08-12,188.636,188.662
2021-08-13,188.678,188.663
2021-08-16,188.711,188.666
2021-08-17,188.683,188.739
2021-08-18,188.755,188.826
2021-08-19,188.845,188.845
2021-08-20,188.862,188.932
2021-08-23,188.981,188.964
2021-08-24,188.982,188.968
2021-08-25,188.985,189.005
2021-08-26,189.021,188.992
2021-08-27,189.009,189.056
2021-08-30,189.105,189.114
2021-08-31,189.131,189.112
2021-09-01,189.129,189.175
2021-09-02,189.191,189.14
2021-09-03,189.157,189.174
2021-09-06,189.223,189.229
2021-09-07,189.246,189.208
2021-09-08,189.225,189.2
2021-09-09,189.216,189.212
2021-09-10,189.228,189.239
2021-09-13,189.289,189.354
2021-09-14,189.376,189.363
2021-09-15,189.379,189.379
2021-09-16,189.395,189.381
2021-09-17,189.383,189.396
2021-09-22,189.479,189.485
2021-09-23,189.503,189.53
2021-09-24,189.545,189.535
2021-09-27,189.584,189.557
2021-09-28,189.574,189.555
2021-09-29,189.571,189.583
2021-09-30,189.599,189.61
2021-10-08,189.732,189.778
2021-10-11,189.828,189.714
2021-10-12,189.731,189.715
2021-10-13,189.731,189.732
2021-10-14,189.749,189.728
2021-10-15,189.743,189.749
2021-10-18,189.797,189.607
2021-10-19,189.622,189.611
2021-10-20,189.628,189.676
2021-10-21,189.692,189.713
2021-10-22,189.73,189.739
2021-10-25,189.787,189.742
2021-10-26,189.758,189.737
2021-10-27,189.754,189.755
2021-10-28,189.771,189.732
2021-10-29,189.749,189.787
2021-11-01,189.836,189.87
2021-11-02,189.885,189.922
2021-11-03,189.939,189.895
2021-11-04,189.911,190.016
2021-11-05,190.034,190.052
2021-11-08,190.102,190.186
2021-11-09,190.202,190.197
2021-11-10,190.214,190.124
2021-11-11,190.141,190.244
2021-11-12,190.259,190.255
2021-11-15,190.305,190.29
2021-11-16,190.306,190.287
2021-11-17,190.304,190.39
2021-11-18,190.406,190.384
2021-11-19,190.4,190.436
2021-11-22,190.485,190.566
2021-11-23,190.583,190.591
2021-11-24,190.608,190.666
2021-11-25,190.683,190.7
2021-11-26,190.717,190.748
2021-11-29,190.799,190.774
2021-11-30,190.791,190.783
2021-12-01,190.799,190.806
2021-12-02,190.824,190.854
2021-12-03,190.87,190.851
2021-12-06,190.904,190.929
2021-12-07,190.946,190.817
2021-12-08,190.833,190.804
2021-12-09,190.821,190.833
2021-12-10,190.85,190.867
2021-12-13,190.916,190.89
2021-12-14,190.906,190.9
2021-12-15,190.916,190.942
2021-12-16,190.959,190.97
2021-12-17,190.977,190.982
2021-12-20,191.032,191.002
2021-12-21,191.018,191.167
2021-12-22,191.183,191.148
2021-12-23,191.164,191.21
2021-12-24,191.227,191.258
2021-12-27,191.308,191.338
2021-12-28,191.354,191.372
2021-12-29,191.389,191.43
2021-12-30,191.447,191.57
2021-12-31,191.586,191.567
2022-01-04,191.632,191.66
2022-01-05,191.673,191.688
2022-01-06,191.705,191.658
2022-01-07,191.675,191.651
2022-01-10,191.701,191.747
2022-01-11,191.764,191.775
2022-01-12,191.792,191.814
2022-01-13,191.831,191.82
2022-01-14,191.837,191.948
2022-01-17,191.998,192.047
2022-01-18,192.064,192.089
2022-01-19,192.107,192.233
2022-01-20,192.25,192.262
2022-01-21,192.279,192.328
2022-01-24,192.378,192.563
2022-01-25,192.58,192.593
2022-01-26,192.61,192.583
2022-01-27,192.6,192.686
2022-01-28,192.703,192.659
2022-02-07,192.818,192.831
2022-02-08,192.848,192.853
2022-02-09,192.87,192.841
2022-02-10,192.857,192.876
2022-02-11,192.891,192.822
2022-02-14,192.873,192.827
2022-02-15,192.843,192.866
2022-02-16,192.883,192.901
2022-02-17,192.918,192.911
2022-02-18,192.929,192.925
2022-02-21,192.975,193.022
2022-02-22,193.04,192.967
2022-02-23,192.984,192.996
2022-02-24,193.013,193.045
2022-02-25,193.06,193.08
2022-02-28,193.13,193.033
2022-03-01,193.049,193.036
2022-03-02,193.052,193.021
2022-03-03,193.037,193.104
2022-03-04,193.121,193.101
2022-03-07,193.152,193.109
2022-03-08,193.125,193.151
2022-03-09,193.167,193.085
2022-03-10,193.102,193.104
2022-03-11,193.12,193.107
2022-03-14,193.16,193.221
2022-03-15,193.238,193.16
2022-03-16,193.178,193.165
2022-03-17,193.181,193.144
2022-03-18,193.161,193.215
2022-03-21,193.265,193.283
2022-03-22,193.3,193.238
2022-03-23,193.253,193.162
2022-03-24,193.166,193.181
2022-03-25,193.197,193.234
2022-03-28,193.284,193.299
2022-03-29,193.315,193.326
2022-03-30,193.342,193.358
2022-03-31,193.374,193.373
2022-04-01,193.389,193.478
2022-04-06,193.561,193.625
2022-04-07,193.642,193.683
2022-04-08,193.7,193.801
2022-04-11,193.852,193.762
2022-04-12,193.778,193.856
2022-04-13,193.873,193.821
2022-04-14,193.772,193.878
2022-04-15,193.895,193.905
2022-04-18,193.953,193.929
2022-04-19,193.946,193.95
2022-04-20,193.967,193.868
2022-04-21,193.885,193.967
2022-04-22,193.983,194.001
2022-04-25,194.051,194.051
2022-04-26,194.068,194.071
2022-04-27,194.088,194.164
2022-04-28,194.18,194.125
2022-04-29,194.142,194.213
2022-05-05,194.312,194.272
2022-05-06,194.289,194.387
2022-05-09,194.437,194.384
2022-05-10,194.401,194.473
2022-05-11,194.489,194.497
2022-05-12,194.513,194.519
2022-05-13,194.536,194.484
2022-05-16,194.533,194.489
2022-05-17,194.506,194.529
2022-05-18,194.546,194.582
2022-05-19,194.599,194.579
2022-05-20,194.596,194.629
2022-05-23,194.678,194.751
2022-05-24,194.768,194.684
2022-05-25,194.7,194.92
2022-05-26,194.939,194.997
2022-05-27,195.014,195.091
2022-05-30,195.141,195.103
2022-05-31,195.12,195.083
2022-06-01,195.099,195.105
2022-06-02,195.122,195.125
2022-06-06,195.191,195.137
2022-06-07,195.154,195.178
2022-06-08,195.195,195.18
2022-06-09,195.196,195.226
2022-06-10,195.243,195.226
2022-06-13,195.276,195.247
2022-06-14,195.264,195.234
2022-06-15,195.251,195.234
2022-06-16,195.251,195.207
2022-06-17,195.224,195.33
2022-06-20,195.381,195.388
2022-06-21,195.405,195.446
2022-06-22,195.463,195.451
2022-06-23,195.468,195.354
2022-06-24,195.37,195.47
2022-06-27,195.519,195.497
2022-06-28,195.514,195.354
2022-06-29,195.37,195.431
2022-06-30,195.448,195.482
2022-07-01,195.499,195.521
2022-07-04,195.571,195.526
2022-07-05,195.542,195.513
2022-07-06,195.529,195.439
2022-07-07,195.448,195.441
2022-07-08,195.457,195.473
2022-07-11,195.523,195.63
2022-07-12,195.646,195.684
2022-07-13,195.694,195.712
2022-07-14,195.729,195.737
2022-07-15,195.753,195.808
2022-07-18,195.858,195.812
2022-07-19,195.828,195.835
2022-07-20,195.851,195.839
2022-07-21,195.852,195.888
2022-07-22,195.905,195.891
2022-07-25,195.941,196.023
2022-07-26,196.04,196.067
2022-07-27,196.083,196.088
2022-07-28,196.105,196.07
2022-07-29,196.088,196.158
2022-08-01,196.209,196.343
2022-08-02,196.359,196.38
2022-08-03,196.396,196.393
2022-08-04,196.41,196.442
2022-08-05,196.458,196.47
2022-08-08,196.52,196.472
2022-08-09,196.489,196.464
2022-08-10,196.481,196.5
2022-08-11,196.517,196.528
2022-08-12,196.544,196.555
2022-08-15,196.605,196.771
2022-08-16,196.787,196.93
2022-08-17,196.945,197.11
2022-08-18,197.127,197.093
2022-08-19,197.107,197.168
2022-08-22,197.218,197.242
2022-08-23,197.259,197.293
2022-08-24,197.309,197.365
2022-08-25,197.382,197.35
2022-08-26,197.367,197.352
2022-08-29,197.402,197.359
2022-08-30,197.376,197.449
2022-08-31,197.466,197.442
2022-09-01,197.459,197.479
2022-09-02,197.496,197.537
2022-09-05,197.587,197.61
2022-09-06,197.619,197.63
2022-09-07,197.646,197.702
2022-09-08,197.718,197.673
2022-09-09,197.689,197.735
2022-09-13,197.801,197.774
2022-09-14,197.793,197.712
2022-09-15,197.728,197.754
2022-09-16,197.77,197.755
2022-09-19,197.804,197.829
2022-09-20,197.846,197.868
2022-09-21,197.885,197.818
2022-09-22,197.835,197.861
2022-09-23,197.878,197.865
2022-09-26,197.914,197.848
2022-09-27,197.864,197.839
2022-09-28,197.856,197.855
2022-09-29,197.872,197.709
2022-09-30,197.725,197.84
2022-10-10,198.006,198.005
2022-10-11,198.017,198.033
2022-10-12,198.05,198.037
2022-10-13,198.053,198.04
2022-10-14,198.057,198.109
2022-10-17,198.159,198.199
2022-10-18,198.215,198.269
2022-10-19,198.286,198.299
2022-10-20,198.315,198.189
2022-10-21,198.206,198.221
2022-10-24,198.271,198.229
2022-10-25,198.246,198.379
2022-10-26,198.396,198.397
2022-10-27,198.413,198.463
2022-10-28,198.48,198.482
2022-10-31,198.535,198.584
2022-11-01,198.6,198.562
2022-11-02,198.579,198.555
2022-11-03,198.568,198.596
2022-11-04,198.609,198.573
2022-11-07,198.623,198.624
2022-11-08,198.641,198.636
2022-11-09,198.653,198.652
2022-11-10,198.668,198.652
2022-11-11,198.661,198.516
2022-11-14,198.568,198.417
2022-11-15,198.434,198.343
2022-11-16,198.359,198.287
2022-11-17,198.303,198.248
2022-11-18,198.264,198.228
2022-11-21,198.277,198.274
2022-11-22,198.291,198.279
2022-11-23,198.296,198.298
2022-11-24,198.319,198.364
2022-11-25,198.381,198.306
2022-11-28,198.354,198.368
2022-11-29,198.385,198.259
2022-11-30,198.275,198.197
2022-12-01,198.214,198.157
2022-12-02,198.174,198.255
2022-12-05,198.305,198.275
2022-12-06,198.292,198.293
2022-12-07,198.309,198.242
2022-12-08,198.258,198.272
2022-12-09,198.288,198.266
2022-12-12,198.313,198.327
2022-12-13,198.342,198.281
2022-12-14,198.297,198.241
2022-12-15,198.257,198.238
2022-12-16,198.255,198.252
2022-12-19,198.302,198.306
2022-12-20,198.323,198.201
2022-12-21,198.217,198.099
2022-12-22,198.115,198.227
2022-12-23,198.244,198.219
2022-12-26,198.269,198.444
2022-12-27,198.461,198.479
2022-12-28,198.496,198.418
2022-12-29,198.434,198.481
2022-12-30,198.497,198.511
2023-01-03,198.577,198.599
2023-01-04,198.616,198.652
2023-01-05,198.668,198.701
2023-01-06,198.718,198.716
2023-01-09,198.766,198.724
2023-01-10,198.741,198.757
2023-01-11,198.774,198.478
2023-01-12,198.494,198.745
2023-01-13,198.762,198.763
2023-01-16,198.812,198.767
2023-01-17,198.784,198.738
2023-01-18,198.755,198.746
2023-01-19,198.762,198.803
2023-01-20,198.82,198.863
2023-01-30,199.027,198.986
2023-01-31,199.003,199.017
2023-02-01,199.034,199.03
2023-02-02,199.045,199.06
2023-02-03,199.076,199.087
2023-02-06,199.136,199.085
2023-02-07,199.102,199.13
2023-02-08,199.146,199.142
2023-02-09,199.159,199.122
2023-02-10,199.138,199.116
2023-02-13,199.165,199.174
2023-02-14,199.191,199.182
2023-02-15,199.199,199.154
2023-02-16,199.17,199.168
2023-02-17,199.185,199.205
2023-02-20,199.255,199.235
2023-02-21,199.251,199.181
2023-02-22,199.197,199.217
2023-02-23,199.234,199.22
2023-02-24,199.237,199.239
2023-02-27,199.289,199.266
2023-02-28,199.283,199.275
2023-03-01,199.291,199.318
2023-03-02,199.334,199.28
2023-03-03,199.296,199.241
2023-03-06,199.291,199.378
2023-03-07,199.394,199.233
2023-03-08,199.249,199.451
2023-03-09,199.468,199.482
2023-03-10,199.499,199.531
2023-03-13,199.58,199.508
2023-03-14,199.525,199.594
2023-03-15,199.61,199.605
2023-03-16,199.622,199.584
2023-03-17,199.6,199.648
2023-03-20,199.695,199.72
2023-03-21,199.739,199.739
2023-03-22,199.755,199.732
2023-03-23,199.748,199.892
2023-03-24,199.909,199.887
2023-03-27,199.936,199.819
2023-03-28,199.836,199.859
2023-03-29,199.875,199.865
2023-03-30,199.879,199.882
2023-03-31,199.899,199.947
2023-04-03,199.997,199.779
2023-04-04,199.796,200.001
2023-04-06,200.034,200.038
2023-04-07,200.054,200.071
2023-04-10,200.12,200.242
2023-04-11,200.259,200.231
2023-04-12,200.248,200.269
2023-04-13,200.285,200.327
2023-04-14,200.344,200.338
2023-04-17,200.387,200.395
2023-04-18,200.411,200.447
2023-04-19,200.462,200.487
2023-04-20,200.503,200.492
2023-04-21,200.508,200.514
2023-04-24,200.564,200.584
2023-04-25,200.6,200.645
2023-04-26,200.662,200.667
2023-04-27,200.683,200.745
2023-04-28,200.762,200.768
2023-05-04,200.867,200.904
2023-05-05,200.92,201.042
2023-05-08,201.092,201.123
2023-05-09,201.14,201.144
2023-05-10,201.16,201.244
2023-05-11,201.259,201.304
2023-05-12,201.321,201.324
2023-05-15,201.374,201.39
2023-05-16,201.407,201.366
2023-05-17,201.388,201.379
2023-05-18,201.395,201.368
2023-05-19,201.385,201.432
2023-05-22,201.481,201.499
2023-05-23,201.516,201.796
2023-05-24,201.81,201.817
2023-05-25,201.834,201.784
2023-05-26,201.8,201.706
2023-05-29,201.756,201.875
2023-05-30,201.891,201.88
2023-05-31,201.895,201.899
2023-06-01,201.916,201.991
2023-06-02,202.007,201.978
2023-06-05,202.026,202.045
2023-06-06,202.062,202.067
2023-06-07,202.083,202.091
2023-06-08,202.108,202.01
2023-06-09,202.026,202.077
2023-06-12,202.127,202.17
2023-06-13,202.187,202.297
2023-06-14,202.314,202.415
2023-06-15,202.431,202.366
2023-06-16,202.382,202.309
2023-06-19,202.359,202.342
2023-06-20,202.358,202.331
2023-06-21,202.348,202.41
2023-06-26,202.493,202.496
2023-06-27,202.513,202.485
2023-06-28,202.501,202.553
2023-06-29,202.57,202.578
2023-06-30,202.593,202.777
2023-07-03,202.826,202.807
2023-07-04,202.823,202.884
2023-07-05,202.901,202.896
2023-07-06,202.913,202.915
2023-07-07,202.931,202.962
2023-07-10,203.012,203.023
2023-07-11,203.04,203.066
2023-07-12,203.083,203.072
2023-07-13,203.088,203.075
2023-07-14,203.092,203.074
2023-07-17,203.123,203.156
2023-07-18,203.173,203.206
2023-07-19,203.223,203.219
2023-07-20,203.235,203.239
2023-07-21,203.255,203.322
2023-07-24,203.371,203.412
2023-07-25,203.422,203.281
2023-07-26,203.297,203.306
2023-07-27,203.323,203.393
2023-07-28,203.41,203.38
2023-07-31,203.429,203.383
2023-08-01,203.399,203.465
2023-08-02,203.481,203.521
2023-08-03,203.535,203.595
2023-08-04,203.611,203.599
2023-08-07,203.649,203.667
2023-08-08,203.683,203.676
2023-08-09,203.693,203.705
2023-08-10,203.722,203.719
2023-08-11,203.735,203.764
2023-08-14,203.814,203.887
2023-08-15,203.905,204.012
2023-08-16,204.028,204.056
2023-08-17,204.073,204.07
2023-08-18,204.087,204.163
2023-08-21,204.212,204.317
2023-08-22,204.333,204.345
2023-08-23,204.361,204.352
2023-08-24,204.368,204.372
2023-08-25,204.389,204.389
2023-08-28,204.421,204.353
2023-08-29,204.37,204.36
2023-08-30,204.376,204.383
2023-08-31,204.4,204.411
2023-09-01,204.428,204.391
2023-09-04,204.437,204.313
2023-09-05,204.33,204.316
2023-09-06,204.332,204.28
2023-09-07,204.297,204.194
2023-09-08,204.21,204.224
2023-09-11,204.274,204.249
2023-09-12,204.265,204.276
2023-09-13,204.293,204.303
2023-09-14,204.32,204.38
2023-09-15,204.396,204.38
2023-09-18,204.429,204.331
2023-09-19,204.347,204.349
2023-09-20,204.365,204.343
2023-09-21,204.359,204.373
2023-09-22,204.389,204.327
2023-09-25,204.376,204.303
2023-09-26,204.319,204.358
2023-09-27,204.374,204.373
2023-09-28,204.39,204.443
2023-10-09,204.624,204.587
2023-10-10,204.603,204.575
2023-10-11,204.592,204.508
2023-10-12,204.524,204.511
2023-10-13,204.527,204.569
2023-10-16,204.618,204.625
2023-10-17,204.642,204.594
2023-10-18,204.611,204.568
2023-10-19,204.584,204.523
2023-10-20,204.538,204.581
2023-10-23,204.631,204.644
2023-10-24,204.661,204.588
2023-10-25,204.605,204.648
2023-10-26,204.665,204.71
2023-10-27,204.726,204.707
2023-10-30,204.756,204.758
2023-10-31,204.774,204.794
2023-11-01,204.81,204.852
2023-11-02,204.868,204.928
2023-11-03,204.945,204.927
2023-11-06,204.976,204.984
2023-11-07,205.001,204.969
2023-11-08,204.986,204.977
2023-11-09,204.994,205.211
2023-11-10,205.228,205.254
2023-11-13,205.304,205.326
2023-11-14,205.343,205.137
2023-11-15,205.153,205.159
2023-11-16,205.175,205.204
2023-11-17,205.22,205.251
2023-11-20,205.3,205.263
2023-11-21,205.28,205.276
2023-11-22,205.293,205.263
2023-11-23,205.28,205.218
2023-11-24,205.235,205.255
2023-11-27,205.304,205.235
2023-11-28,205.25,205.21
2023-11-29,205.226,205.219
2023-11-30,205.235,205.253
2023-12-01,205.27,205.269
2023-12-04,205.317,205.268
2023-12-05,205.284,205.274
2023-12-06,205.291,205.279
2023-12-07,205.295,205.298
2023-12-08,205.315,205.398
2023-12-11,205.447,205.498
2023-12-12,205.514,205.516
2023-12-13,205.532,205.619
2023-12-14,205.636,205.676
2023-12-15,205.693,205.733
2023-12-18,205.783,205.812
2023-12-19,205.829,205.865
2023-12-20,205.882,205.891
2023-12-21,205.908,205.612
2023-12-22,205.627,205.702
2023-12-25,205.751,205.861
2023-12-26,205.878,205.901
2023-12-27,205.917,205.917
2023-12-28,205.934,205.991
2023-12-29,206.007,206.034
2024-01-02,206.099,206.073
2024-01-03,206.09,206.017
2024-01-04,206.034,206.176
2024-01-05,206.193,206.318
2024-01-08,206.367,206.725
2024-01-09,206.741,206.872
2024-01-10,206.888,206.888
2024-01-11,206.906,206.885
2024-01-12,206.902,206.862
2024-01-15,206.91,206.913
2024-01-16,206.93,206.896
2024-01-17,206.913,206.945
2024-01-18,206.961,206.906
2024-01-19,206.923,207.135
2024-01-22,207.184,207.292
2024-01-23,207.308,207.279
2024-01-24,207.296,207.248
2024-01-25,207.265,207.313
2024-01-26,207.33,207.462
2024-01-29,207.512,207.55
2024-01-30,207.567,207.871
2024-01-31,207.888,208.067
2024-02-01,208.084,208.184
2024-02-02,208.2,208.155
2024-02-05,208.214,208.334
2024-02-06,208.35,208.264
2024-02-07,208.28,208.277
2024-02-08,208.293,208.329
2024-02-19,208.507,208.482
2024-02-20,208.5,208.52
2024-02-21,208.537,208.604
2024-02-22,208.62,208.716
2024-02-23,208.732,208.807
2024-02-26,208.856,208.92
2024-02-27,208.937,209.126
2024-02-28,209.143,209.125
2024-02-29,209.125,209.298
2024-03-01,209.315,209.266
2024-03-04,209.313,209.434
2024-03-05,209.45,209.472
2024-03-06,209.489,209.604
2024-03-07,209.621,209.771
2024-03-08,209.787,209.787
2024-03-11,209.836,209.77
2024-03-12,209.785,209.531
2024-03-13,209.545,209.432
2024-03-14,209.448,209.467
2024-03-15,209.484,209.525
2024-03-18,209.574,209.677
2024-03-19,209.694,209.852
2024-03-20,209.868,209.923
2024-03-21,209.94,209.857
2024-03-22,209.873,210.026
2024-03-25,210.075,209.991
2024-03-26,210.007,209.868
2024-03-27,209.884,209.888
2024-03-28,209.904,210.002
2024-03-29,210.019,210.089
2024-04-01,210.138,210.053
2024-04-02,210.069,210.103
2024-04-03,210.12,210.24
2024-04-08,210.317,210.179
2024-04-09,210.195,210.523
2024-04-10,210.536,210.736
2024-04-11,210.752,211.15
2024-04-12,211.166,211.624
2024-04-15,211.673,211.59
2024-04-16,211.606,211.583
2024-04-17,211.603,211.657
2024-04-18,211.674,211.826
2024-04-19,211.842,211.902
2024-04-22,211.951,212.056
2024-04-23,212.073,212.123
2024-04-24,212.141,212.045
2024-04-25,212.061,212.04
2024-04-26,212.057,211.965
2024-04-29,212.01,211.76
2024-04-30,211.775,211.855
2024-05-06,211.952,211.993
2024-05-07,212.01,212.11
2024-05-08,212.125,212.1
2024-05-09,212.115,212.04
2024-05-10,212.056,211.962
2024-05-13,212.01,212.185
2024-05-14,212.202,212.312
2024-05-15,212.328,212.364
2024-05-16,212.381,212.345
2024-05-17,212.36,212.312
2024-05-20,212.361,212.458
2024-05-21,212.474,212.367
2024-05-22,212.383,212.528
2024-05-23,212.541,212.607
2024-05-24,212.623,212.455
2024-05-27,212.503,212.503
2024-05-28,212.519,212.662
2024-05-29,212.683,212.752
2024-05-30,212.769,212.819
2024-05-31,212.831,212.693
2024-06-03,212.742,212.697
2024-06-04,212.713,212.788
2024-06-05,212.804,212.885
2024-06-06,212.902,212.927
2024-06-07,212.943,212.94
2024-06-11,213.005,213.126
2024-06-12,213.143,213.133
2024-06-13,213.149,213.164
2024-06-14,213.182,213.26
2024-06-17,213.309,213.302
2024-06-18,213.318,213.462
2024-06-19,213.478,213.518
2024-06-20,213.537,213.627
2024-06-21,213.644,213.633
2024-06-24,213.681,213.724
2024-06-25,213.742,213.851
2024-06-26,213.868,213.891
2024-06-27,213.907,213.947
2024-06-28,213.965,214.139
2024-07-01,214.188,214.058
2024-07-02,214.073,214.081
2024-07-03,214.097,214.127
2024-07-04,214.144,214.117
2024-07-05,214.132,214.076
2024-07-08,214.12,214.029
2024-07-09,214.046,214.072
2024-07-10,214.088,214.125
2024-07-11,214.142,214.093
2024-07-12,214.109,214.254
2024-07-15,214.303,214.344
2024-07-16,214.361,214.322
2024-07-17,214.339,214.38
2024-07-18,214.395,214.322
2024-07-19,214.338,214.418
2024-07-22,214.47,214.651
2024-07-23,214.668,214.735
2024-07-24,214.752,214.794
2024-07-25,214.81,214.87
2024-07-26,214.893,215.017
2024-07-29,215.069,215.18
2024-07-30,215.197,215.407
2024-07-31,215.431,215.459
2024-08-01,215.475,215.575
2024-08-02,215.6,215.681
2024-08-05,215.739,215.968
2024-08-06,215.95,215.823
2024-08-07,215.839,216.03
2024-08-08,216.045,215.932
2024-08-09,215.939,215.867
2024-08-12,215.891,215.546
2024-08-13,215.561,215.659
2024-08-14,215.694,215.861
2024-08-15,215.878,215.742
2024-08-16,215.758,215.864
2024-08-19,215.912,215.983
2024-08-20,215.999,216.1
2024-08-21,216.116,216.059
2024-08-22,216.081,216.188
2024-08-23,216.207,216.234
2024-08-26,216.282,216.305
2024-08-27,216.318,216.217
2024-08-28,216.234,216.294
2024-08-29,216.31,216.284
2024-08-30,216.301,216.285
2024-09-02,216.335,216.474
2024-09-03,216.49,216.46
2024-09-04,216.477,216.542
2024-09-05,216.568,216.671
2024-09-06,216.687,216.699
2024-09-09,216.747,216.819
2024-09-10,216.835,217.037
2024-09-11,217.055,217.238
2024-09-12,217.254,217.302
2024-09-13,217.327,217.44
2024-09-18,217.547,217.832
2024-09-19,217.859,218.048
2024-09-20,218.063,218.19
2024-09-23,218.239,218.281
2024-09-24,218.311,218.126
2024-09-25,218.132,218.136
2024-09-26,218.16,218.137
2024-09-27,218.074,217.583
2024-09-30,217.475,216.946
2024-10-08,216.97,216.954
2024-10-09,216.97,216.999
2024-10-10,217.018,217.373
2024-10-11,217.389,217.593
2024-10-14,217.642,217.568
2024-10-15,217.583,217.617
2024-10-16,217.634,217.601
2024-10-17,217.617,217.64
2024-10-18,217.667,217.692
2024-10-21,217.74,217.681
2024-10-22,217.688,217.683
2024-10-23,217.695,217.468
2024-10-24,217.486,217.484
2024-10-25,217.5,217.394
2024-10-28,217.441,217.379
2024-10-29,217.391,217.434
2024-10-30,217.452,217.482
2024-10-31,217.498,217.472
2024-11-01,217.49,217.64
2024-11-04,217.687,217.704
2024-11-05,217.721,217.873
2024-11-06,217.888,218.08
2024-11-07,218.096,218.151
2024-11-08,218.164,218.285
2024-11-11,218.332,218.291
2024-11-12,218.308,218.444
2024-11-13,218.463,218.47
2024-11-14,218.485,218.379
2024-11-15,218.394,218.47
2024-11-18,218.514,218.433
2024-11-19,218.449,218.513
2024-11-20,218.529,218.713
2024-11-21,218.729,218.847
2024-11-22,218.863,218.892
2024-11-25,218.939,219.002
2024-11-26,219.02,219.087
2024-11-27,219.103,219.152
2024-11-28,219.165,219.207
2024-11-29,219.234,219.351
2024-12-02,219.417,219.678
2024-12-03,219.702,219.731
2024-12-04,219.747,219.939
2024-12-05,219.952,220.045
2024-12-06,220.06,220.022
2024-12-09,220.07,220.102
2024-12-10,220.183,220.688
2024-12-11,220.702,220.894
2024-12-12,220.919,221.073
2024-12-13,221.113,221.473
2024-12-16,221.536,221.899
2024-12-17,221.906,221.894
2024-12-18,221.91,221.798
2024-12-19,221.806,221.744
2024-12-20,221.788,222.088
2024-12-23,222.168,222.253
2024-12-24,222.265,222.259
2024-12-25,222.275,222.201
2024-12-26,222.215,222.156
2024-12-27,222.219,222.469
2024-12-30,222.527,222.427
2024-12-31,222.475,222.605
2025-01-02,222.676,223.126
2025-01-03,223.188,223.39
2025-01-06,223.432,223.562
2025-01-07,223.578,223.499
2025-01-08,223.517,223.516
2025-01-09,223.53,223.378
2025-01-10,223.351,223.243
2025-01-13,223.294,223.275
2025-01-14,223.288,223.211
2025-01-15,223.237,223.429
2025-01-16,223.445,223.399
2025-01-17,223.415,223.384
2025-01-20,223.431,223.362
2025-01-21,223.364,223.386
2025-01-22,223.408,223.527
2025-01-23,223.532,223.475
2025-01-24,223.49,223.422
2025-01-27,223.469,223.718
2025-02-05,223.855,223.999
2025-02-06,224.024,224.222
2025-02-07,224.238,224.243
2025-02-10,224.281,224.214
2025-02-11,224.229,224.237
2025-02-12,224.253,224.311
2025-02-13,224.32,224.296
2025-02-14,224.313,224.189
2025-02-17,224.212,224.095
2025-02-18,224.1,223.875
2025-02-19,223.89,223.864
2025-02-20,223.88,223.733
2025-02-21,223.746,223.556
2025-02-24,223.603,223.181
2025-02-25,223.197,223.305
2025-02-26,223.329,223.329
2025-02-27,223.345,223.195
2025-02-28,223.204,223.222
2025-03-03,223.269,223.41
2025-03-04,223.421,223.399
2025-03-05,223.407,223.497
2025-03-06,223.51,223.385
2025-03-07,223.397,223.066
2025-03-10,223.101,222.959
2025-03-11,222.972,222.554
2025-03-12,222.568,222.522
2025-03-13,222.535,222.604
2025-03-14,222.601,222.526
2025-03-17,222.558,222.244
2025-03-18,222.26,222.18
2025-03-19,222.197,222.02
2025-03-20,222.038,222.344
2025-03-21,222.363,222.453
2025-03-24,222.498,222.401
2025-03-25,222.452,222.585
2025-03-26,222.601,222.764
2025-03-27,222.78,222.887
2025-03-28,222.903,222.898
2025-03-31,222.941,222.894
2025-04-01,222.914,222.856
2025-04-02,222.872,223.078
2025-04-03,223.183,223.653
2025-04-07,223.837,224.248
2025-04-08,224.264,224.195
2025-04-09,224.233,224.227
2025-04-10,224.237,224.333
2025-04-11,224.35,224.422
2025-04-14,224.468,224.427
2025-04-15,224.443,224.493
2025-04-16,224.509,224.544
2025-04-17,224.559,224.495
2025-04-18,224.511,224.468
2025-04-21,224.514,224.477
2025-04-22,224.492,224.487
2025-04-23,224.502,224.478
2025-04-24,224.493,224.478
2025-04-25,224.495,224.48
2025-04-28,224.526,224.536
2025-04-29,224.551,224.614
2025-04-30,224.63,224.731
2025-05-06,224.822,224.79
2025-05-07,224.804,224.655
2025-05-08,224.674,224.774
2025-05-09,224.789,224.762
2025-05-12,224.807,224.673
2025-05-13,224.681,224.652
2025-05-14,224.667,224.576
2025-05-15,224.593,224.593
2025-05-16,224.607,224.444
2025-05-19,224.49,224.588
2025-05-20,224.609,224.575
2025-05-21,224.59,224.618
2025-05-22,224.633,224.575
2025-05-23,224.59,224.575
2025-05-26,224.62,224.615
2025-05-27,224.631,224.523
2025-05-28,224.537,224.521
2025-05-29,224.531,224.384
2025-05-30,224.407,224.481
2025-06-03,224.542,224.575
2025-06-04,224.592,224.614
2025-06-05,224.628,224.602
2025-06-06,224.619,224.665
2025-06-09,224.716,224.781
2025-06-10,224.796,224.927
2025-06-11,224.944,224.953
2025-06-12,224.97,224.953
2025-06-13,224.968,225.017
2025-06-16,225.063,225.102
2025-06-17,225.116,225.189
2025-06-18,225.204,225.254
2025-06-19,225.274,225.348
2025-06-20,225.363,225.48
2025-06-23,225.525,225.544
2025-06-24,225.559,225.476
2025-06-25,225.491,225.396
2025-06-26,225.411,225.454
2025-06-27,225.469,225.515
2025-06-30,225.56,225.61
2025-07-01,225.625,225.664
2025-07-02,225.679,225.799
2025-07-03,225.814,225.789
2025-07-04,225.804,225.881
2025-07-07,225.925,226.011
2025-07-08,226.026,225.967
2025-07-09,225.982,225.957
2025-07-10,225.972,225.907
2025-07-11,225.92,225.942
2025-07-14,225.986,225.893
2025-07-15,225.911,225.929
2025-07-16,225.944,226.016
2025-07-17,226.03,226.041
2025-07-18,226.056,226.015
2025-07-21,226.057,225.949
2025-07-22,225.964,225.81
2025-07-23,225.802,225.567
2025-07-24,225.582,225.552
2025-07-25,225.55,225.502
2025-07-28,225.561,225.619
2025-07-29,225.634,225.469
2025-07-30,225.479,225.469
2025-07-31,225.499,225.629
2025-08-01,225.644,225.666
2025-08-04,225.725,225.714
2025-08-05,225.729,225.756
2025-08-06,225.77,225.79
2025-08-07,225.816,225.871
2025-08-08,225.886,225.821
2025-08-11,225.865,225.832
2025-08-12,225.847,225.721
2025-08-13,225.733,225.751
2025-08-14,225.766,225.67
2025-08-15,225.685,225.593
2025-08-18,225.618,225.263
2025-08-19,225.274,225.14
2025-08-20,225.177,225.11
2025-08-21,225.119,225.071
2025-08-22,225.086,224.961
2025-08-25,225.002,225.066
2025-08-26,225.086,225.091
2025-08-27,225.107,225.224
2025-08-28,225.239,225.107
2025-08-29,225.121,225.06
2025-09-01,225.104,225.158
2025-09-02,225.169,225.07
2025-09-03,225.088,225.176
2025-09-04,225.198,225.383
2025-09-05,225.397,225.142
2025-09-08,225.185,225.063
2025-09-09,225.077,224.955
2025-09-10,224.969,224.703
2025-09-11,224.721,224.654
2025-09-12,224.669,224.703
2025-09-15,224.747,224.676
2025-09-16,224.68,224.696
2025-09-17,224.711,224.911
2025-09-18,224.925,224.833
2025-09-19,224.846,224.718
2025-09-22,224.764,224.741
2025-09-23,224.752,224.464
2025-09-24,224.483,224.21
2025-09-25,224.218,224.165
2025-09-26,224.179,224.271
2025-09-29,224.315,224.203
2025-09-30,224.213,224.282
2025-10-09,224.419,224.476
2025-10-10,224.491,224.354
2025-10-13,224.426,224.507
2025-10-14,224.516,224.554
2025-10-15,224.548,224.505
2025-10-16,224.52,224.652
2025-10-17,224.671,224.855
2025-10-20,224.892,224.775
2025-10-21,224.789,224.853
2025-10-22,224.868,224.907
2025-10-23,224.922,224.867
2025-10-24,224.873,224.83
2025-10-27,224.864,224.795
2025-10-28,224.843,225.148
2025-10-29,225.163,225.181
2025-10-30,225.195,225.237
2025-10-31,225.258,225.365
2025-11-03,225.41,225.436
2025-11-04,225.45,225.441
2025-11-05,225.464,225.494
2025-11-06,225.509,225.386
2025-11-07,225.401,225.375
2025-11-10,225.416,225.39
2025-11-11,225.404,225.362
2025-11-12,225.376,225.486
2025-11-13,225.501,225.443
2025-11-14,225.457,225.444
2025-11-17,225.488,225.531
2025-11-18,225.546,225.601
2025-11-19,225.616,225.531
2025-11-20,225.545,225.529
2025-11-21,225.543,225.49
2025-11-24,225.534,225.512
2025-11-25,225.526,225.431
2025-11-26,225.445,225.236
2025-11-27,225.251,225.213
2025-11-28,225.227,225.209
2025-12-01,225.253,225.282
2025-12-02,225.297,225.211
2025-12-03,225.225,225.063
2025-12-04,225.056,224.637
2025-12-05,224.654,224.643
2025-12-08,224.686,224.42
2025-12-09,224.452,224.508
2025-12-10,224.522,224.451
2025-12-11,224.471,224.672
2025-12-12,224.693,224.632
2025-12-15,224.671,224.5
2025-12-16,224.51,224.446
2025-12-17,224.461,224.538
2025-12-18,224.553,224.666
2025-12-19,224.681,224.648
2025-12-22,224.692,224.588
2025-12-23,224.602,224.782
2025-12-24,224.797,224.794
2025-12-25,224.808,224.771
2025-12-26,224.785,224.936
2025-12-29,224.98,224.718
2025-12-30,224.732,224.73
2025-12-31,224.744,224.652
2026-01-05,224.726,224.698
2026-01-06,224.713,224.638
2026-01-07,224.642,224.493
2026-01-08,224.522,224.53
2026-01-09,224.545,224.546
2026-01-12,224.589,224.615
2026-01-13,224.629,224.709
2026-01-14,224.723,224.699
2026-01-15,224.714,224.823
2026-01-16,224.837,224.861
2026-01-19,224.905,224.87
2026-01-20,224.885,224.974
2026-01-21,225.009,225.161
2026-01-22,225.176,225.205
2026-01-23,225.219,225.246
2026-01-26,225.29,225.355
2026-01-27,225.37,225.279
2026-01-28,225.293,225.235
2026-01-29,225.253,225.312
2026-01-30,225.327,225.305
2026-02-02,225.355,225.385
2026-02-03,225.4,225.316
2026-02-04,225.33,225.355
2026-02-05,225.369,225.46
2026-02-06,225.479,225.629
2026-02-09,225.673,225.712
2026-02-10,225.727,225.741
2026-02-11,225.756,225.788
2026-02-12,225.802,225.818
2026-02-13,225.834,225.834
2026-02-24,225.992,225.943
2026-02-25,225.957,225.92
2026-02-26,225.935,225.819
2026-02-27,225.833,225.855
2026-03-02,225.902,226.021
2026-03-03,226.036,226.046
2026-03-04,226.06,226.041
2026-03-05,226.056,226.076
2026-03-06,226.09,226.052
2026-03-09,226.098,225.867
2026-03-10,225.884,225.833
2026-03-11,225.847,225.754
2026-03-12,225.768,225.755
2026-03-13,225.769,225.764
2026-03-16,225.8,225.62
2026-03-17,225.633,225.631
2026-03-18,225.645,225.717
2026-03-19,225.733,225.778
2026-03-20,225.791,225.695
2026-03-23,225.737,225.639
2026-03-24,225.656,225.752
2026-03-25,225.769,225.813
2026-03-26,225.827,225.918
2026-03-27,225.932,225.9
2026-03-30,225.947,226.023
2026-03-31,226.037,226.091
2026-04-01,226.105,226.051
2026-04-02,226.066,226.027
2026-04-03,226.041,226.054
2026-04-07,226.112,226.155
2026-04-08,226.168,226.234
2026-04-09,226.25,226.33
2026-04-10,226.344,226.29
2026-04-13,226.338,226.535
2026-04-14,226.549,226.642
2026-04-15,226.656,226.672
2026-04-16,226.686,226.694
2026-04-17,226.708,226.824
2026-04-20,226.863,226.902
2026-04-21,226.916,227.034
2026-04-22,227.094,227.197
2026-04-23,227.212,227.129
2026-04-24,227.143,227.091
2026-04-27,227.127,226.91
2026-04-28,226.927,226.955
2026-04-29,226.97,226.99
2026-04-30,227.004,227.001
2026-05-06,227.085,226.926
2026-05-07,226.94,226.899
2026-05-08,226.915,226.963
2026-05-11,227.005,226.998
2026-05-12,227.017,227.123
2026-05-13,227.137,227.162
2026-05-14,227.176,227.106
2026-05-15,227.121,227.063
2026-05-18,227.104,227.147
2026-05-19,227.161,227.244
2026-05-20,227.259,227.304
2026-05-21,227.318,227.276
2026-05-22,227.29,227.391
2026-05-25,227.434,227.439
2026-05-26,227.452,227.571
2026-05-27,227.586,227.643
2026-05-28,227.658,227.742
2026-05-29,227.756,227.799
2026-06-01,227.845,227.976
2026-06-02,227.991,228.015
2026-06-03,228.029,227.987
2026-06-04,228.001,228.074
2026-06-05,228.089,228.043
2026-06-08,228.085,228.007
2026-06-09,228.019,227.981
2026-06-10,227.995,227.846
2026-06-11,227.86,227.807
2026-06-12,227.823,227.836
2026-06-15,227.88,227.943
2026-06-16,227.963,228.024
2026-06-17,228.04,228.095
2026-06-18,228.109,228.138
2026-06-22,228.195,228.186
2026-06-23,228.2,228.121
2026-06-24,228.135,228.127
2026-06-25,228.141,228.194
2026-06-26,228.208,228.27
2026-06-29,228.315,228.432
2026-06-30,228.446,228.334
2026-07-01,228.348,228.212
2026-07-02,228.228,228.269
2026-07-03,228.283,228.256
2026-07-06,228.299,228.336
2026-07-07,228.351,228.356
2026-07-08,228.37,228.459
2026-07-09,228.473,228.47
2026-07-10,228.481,228.499
2026-07-13,228.541,228.543
2026-07-14,228.557,228.569
2026-07-15,228.583,228.583
2026-07-16,228.597,228.532
2026-07-17,228.546,228.616
2026-07-20,228.659,228.667
2026-07-21,228.681,228.695
2026-07-22,228.709,228.861
2026-07-23,228.8856,228.947
